Exp,Site,Hole,Core,Type,Sect,Top depth CSF-A (m),Bottom depth CSF-A (m),Top depth CSF-B (m),Bottom depth CSF-B (m),Element name,Element symbol,Concentration,Wavelength (nm),Excel filename,Text ID
374,U1523,B,1,H,1,0,0.100,0.000,0.100,Calcium,Ca 317.933,9.256487026,,,LIQ9339741
374,U1523,B,1,H,1,0,0.100,0.000,0.100,Potassium,K 766.491,11.50895141,,,LIQ9339741
374,U1523,B,1,H,1,0,0.100,0.000,0.100,Lithium,Li 670.783,25.9328627,,,LIQ9339741
374,U1523,B,1,H,1,0,0.100,0.000,0.100,Magnesium,Mg 279.553,43.76799671,,,LIQ9339741
374,U1523,B,1,H,1,0,0.100,0.000,0.100,Manganese,Mn 257.610,1.820167455,,,LIQ9339741
374,U1523,B,1,H,1,0,0.100,0.000,0.100,Sodium,Na 589.592,435.3197042,,,LIQ9339741
374,U1523,B,1,H,1,0,0.100,0.000,0.100,Sulfur,S 182.562,27.448534,,,LIQ9339741
374,U1523,B,1,H,1,0,0.100,0.000,0.100,Silicon,Si 288.158,328.9426842,,,LIQ9339741
374,U1523,B,1,H,1,0,0.100,0.000,0.100,Strontium,Sr 421.552,84.45560374,,,LIQ9339741
374,U1523,B,1,H,1,0.1,0.200,0.100,0.200,Calcium,Ca 317.933,9.431137725,,,LIQ9345211
374,U1523,B,1,H,1,0.1,0.200,0.100,0.200,Potassium,K 766.491,11.20204604,,,LIQ9345211
374,U1523,B,1,H,1,0.1,0.200,0.100,0.200,Lithium,Li 670.783,25.9328627,,,LIQ9345211
374,U1523,B,1,H,1,0.1,0.200,0.100,0.200,Magnesium,Mg 279.553,41.38214726,,,LIQ9345211
374,U1523,B,1,H,1,0.1,0.200,0.100,0.200,Manganese,Mn 257.610,3.094284674,,,LIQ9345211
374,U1523,B,1,H,1,0.1,0.200,0.100,0.200,Sodium,Na 589.592,434.9717268,,,LIQ9345211
374,U1523,B,1,H,1,0.1,0.200,0.100,0.200,Sulfur,S 182.562,27.2613849,,,LIQ9345211
374,U1523,B,1,H,1,0.1,0.200,0.100,0.200,Silicon,Si 288.158,312.2107512,,,LIQ9345211
374,U1523,B,1,H,1,0.1,0.200,0.100,0.200,Strontium,Sr 421.552,84.91212052,,,LIQ9345211
374,U1523,B,1,H,1,0.2,0.300,0.200,0.300,Calcium,Ca 317.933,9.505988024,,,LIQ9345361
374,U1523,B,1,H,1,0.2,0.300,0.200,0.300,Potassium,K 766.491,11.53452685,,,LIQ9345361
374,U1523,B,1,H,1,0.2,0.300,0.200,0.300,Lithium,Li 670.783,27.37357729,,,LIQ9345361
374,U1523,B,1,H,1,0.2,0.300,0.200,0.300,Magnesium,Mg 279.553,47.75812423,,,LIQ9345361
374,U1523,B,1,H,1,0.2,0.300,0.200,0.300,Manganese,Mn 257.610,1.63815071,,,LIQ9345361
374,U1523,B,1,H,1,0.2,0.300,0.200,0.300,Sodium,Na 589.592,448.6298391,,,LIQ9345361
374,U1523,B,1,H,1,0.2,0.300,0.200,0.300,Sulfur,S 182.562,28.66500312,,,LIQ9345361
374,U1523,B,1,H,1,0.2,0.300,0.200,0.300,Silicon,Si 288.158,372.3745105,,,LIQ9345361
374,U1523,B,1,H,1,0.2,0.300,0.200,0.300,Strontium,Sr 421.552,86.16754166,,,LIQ9345361
374,U1523,B,1,H,1,0.5,0.600,0.500,0.600,Calcium,Ca 317.933,9.381237525,,,LIQ9340321
374,U1523,B,1,H,1,0.5,0.600,0.500,0.600,Potassium,K 766.491,11.0741688,,,LIQ9340321
374,U1523,B,1,H,1,0.5,0.600,0.500,0.600,Lithium,Li 670.783,25.9328627,,,LIQ9340321
374,U1523,B,1,H,1,0.5,0.600,0.500,0.600,Magnesium,Mg 279.553,41.79350062,,,LIQ9340321
374,U1523,B,1,H,1,0.5,0.600,0.500,0.600,Manganese,Mn 257.610,1.274117219,,,LIQ9340321
374,U1523,B,1,H,1,0.5,0.600,0.500,0.600,Sodium,Na 589.592,438.277512,,,LIQ9340321
374,U1523,B,1,H,1,0.5,0.600,0.500,0.600,Sulfur,S 182.562,27.88521522,,,LIQ9340321
374,U1523,B,1,H,1,0.5,0.600,0.500,0.600,Silicon,Si 288.158,455.6781773,,,LIQ9340321
374,U1523,B,1,H,1,0.5,0.600,0.500,0.600,Strontium,Sr 421.552,84.34147455,,,LIQ9340321
374,U1523,B,1,H,1,0.6,0.700,0.600,0.700,Calcium,Ca 317.933,9.2315369260,,,LIQ9344071
374,U1523,B,1,H,1,0.6,0.700,0.600,0.700,Potassium,K 766.491,11.40664962,,,LIQ9344071
374,U1523,B,1,H,1,0.6,0.700,0.600,0.700,Lithium,Li 670.783,25.9328627,,,LIQ9344071
374,U1523,B,1,H,1,0.6,0.700,0.600,0.700,Magnesium,Mg 279.553,40.31262855,,,LIQ9344071
374,U1523,B,1,H,1,0.6,0.700,0.600,0.700,Manganese,Mn 257.610,1.820167455,,,LIQ9344071
374,U1523,B,1,H,1,0.6,0.700,0.600,0.700,Sodium,Na 589.592,429.4475859,,,LIQ9344071
374,U1523,B,1,H,1,0.6,0.700,0.600,0.700,Sulfur,S 182.562,27.79164067,,,LIQ9344071
374,U1523,B,1,H,1,0.6,0.700,0.600,0.700,Silicon,Si 288.158,397.2944108,,,LIQ9344071
374,U1523,B,1,H,1,0.6,0.700,0.600,0.700,Strontium,Sr 421.552,82.85779502,,,LIQ9344071
374,U1523,B,1,H,1,0.7,0.800,0.700,0.800,Calcium,Ca 317.933,9.530938124,,,LIQ9344001
374,U1523,B,1,H,1,0.7,0.800,0.700,0.800,Potassium,K 766.491,11.45780051,,,LIQ9344001
374,U1523,B,1,H,1,0.7,0.800,0.700,0.800,Lithium,Li 670.783,25.9328627,,,LIQ9344001
374,U1523,B,1,H,1,0.7,0.800,0.700,0.800,Magnesium,Mg 279.553,47.09995886,,,LIQ9344001
374,U1523,B,1,H,1,0.7,0.800,0.700,0.800,Manganese,Mn 257.610,2.366217692,,,LIQ9344001
374,U1523,B,1,H,1,0.7,0.800,0.700,0.800,Sodium,Na 589.592,437.277077,,,LIQ9344001
374,U1523,B,1,H,1,0.7,0.800,0.700,0.800,Sulfur,S 182.562,27.13661884,,,LIQ9344001
374,U1523,B,1,H,1,0.7,0.800,0.700,0.800,Silicon,Si 288.158,396.9384122,,,LIQ9344001
374,U1523,B,1,H,1,0.7,0.800,0.700,0.800,Strontium,Sr 421.552,84.91212052,,,LIQ9344001
374,U1523,B,1,H,1,1,1.100,1.000,1.100,Calcium,Ca 317.933,9.505988024,,,LIQ9344631
374,U1523,B,1,H,1,1,1.100,1.000,1.100,Potassium,K 766.491,11.40664962,,,LIQ9344631
374,U1523,B,1,H,1,1,1.100,1.000,1.100,Lithium,Li 670.783,24.49214811,,,LIQ9344631
374,U1523,B,1,H,1,1,1.100,1.000,1.100,Magnesium,Mg 279.553,43.72686137,,,LIQ9344631
374,U1523,B,1,H,1,1,1.100,1.000,1.100,Manganese,Mn 257.610,5.824535857,,,LIQ9344631
374,U1523,B,1,H,1,1,1.100,1.000,1.100,Sodium,Na 589.592,443.6711614,,,LIQ9344631
374,U1523,B,1,H,1,1,1.100,1.000,1.100,Sulfur,S 182.562,27.79164067,,,LIQ9344631
374,U1523,B,1,H,1,1,1.100,1.000,1.100,Silicon,Si 288.158,539.3378426,,,LIQ9344631
374,U1523,B,1,H,1,1,1.100,1.000,1.100,Strontium,Sr 421.552,84.45560374,,,LIQ9344631
374,U1523,B,1,H,1,1.1,1.200,1.100,1.200,Calcium,Ca 317.933,9.481037924,,,LIQ9344561
374,U1523,B,1,H,1,1.1,1.200,1.100,1.200,Potassium,K 766.491,11.25319693,,,LIQ9344561
374,U1523,B,1,H,1,1.1,1.200,1.100,1.200,Lithium,Li 670.783,24.49214811,,,LIQ9344561
374,U1523,B,1,H,1,1.1,1.200,1.100,1.200,Magnesium,Mg 279.553,44.59070341,,,LIQ9344561
374,U1523,B,1,H,1,1.1,1.200,1.100,1.200,Manganese,Mn 257.610,5.0964688750,,,LIQ9344561
374,U1523,B,1,H,1,1.1,1.200,1.100,1.200,Sodium,Na 589.592,434.014789,,,LIQ9344561
374,U1523,B,1,H,1,1.1,1.200,1.100,1.200,Sulfur,S 182.562,27.66687461,,,LIQ9344561
374,U1523,B,1,H,1,1.1,1.200,1.100,1.200,Silicon,Si 288.158,551.0857957,,,LIQ9344561
374,U1523,B,1,H,1,1.1,1.200,1.100,1.200,Strontium,Sr 421.552,84.11321616,,,LIQ9344561
374,U1523,B,1,H,1,1.2,1.300,1.200,1.300,Calcium,Ca 317.933,9.630738523,,,LIQ9340891
374,U1523,B,1,H,1,1.2,1.300,1.200,1.300,Potassium,K 766.491,11.53452685,,,LIQ9340891
374,U1523,B,1,H,1,1.2,1.300,1.200,1.300,Lithium,Li 670.783,25.9328627,,,LIQ9340891
374,U1523,B,1,H,1,1.2,1.300,1.200,1.300,Magnesium,Mg 279.553,44.17935006,,,LIQ9340891
374,U1523,B,1,H,1,1.2,1.300,1.200,1.300,Manganese,Mn 257.610,5.460502366,,,LIQ9340891
374,U1523,B,1,H,1,1.2,1.300,1.200,1.300,Sodium,Na 589.592,447.4989126,,,LIQ9340891
374,U1523,B,1,H,1,1.2,1.300,1.200,1.300,Sulfur,S 182.562,27.35495945,,,LIQ9340891
374,U1523,B,1,H,1,1.2,1.300,1.200,1.300,Silicon,Si 288.158,634.745461,,,LIQ9340891
374,U1523,B,1,H,1,1.2,1.300,1.200,1.300,Strontium,Sr 421.552,85.93928327,,,LIQ9340891
374,U1523,B,1,H,2,1.5,1.600,1.500,1.600,Calcium,Ca 317.933,9.131736527,,,LIQ9339841
374,U1523,B,1,H,2,1.5,1.600,1.500,1.600,Potassium,K 766.491,11.15089514,,,LIQ9339841
374,U1523,B,1,H,2,1.5,1.600,1.500,1.600,Lithium,Li 670.783,24.49214811,,,LIQ9339841
374,U1523,B,1,H,2,1.5,1.600,1.500,1.600,Magnesium,Mg 279.553,36.5281777,,,LIQ9339841
374,U1523,B,1,H,2,1.5,1.600,1.500,1.600,Manganese,Mn 257.610,7.098653076,,,LIQ9339841
374,U1523,B,1,H,2,1.5,1.600,1.500,1.600,Sodium,Na 589.592,422.0095694,,,LIQ9339841
374,U1523,B,1,H,2,1.5,1.600,1.500,1.600,Sulfur,S 182.562,26.82470368,,,LIQ9339841
374,U1523,B,1,H,2,1.5,1.600,1.500,1.600,Silicon,Si 288.158,592.737629,,,LIQ9339841
374,U1523,B,1,H,2,1.5,1.600,1.500,1.600,Strontium,Sr 421.552,81.03172792,,,LIQ9339841
374,U1523,B,1,H,2,1.6,1.700,1.600,1.700,Calcium,Ca 317.933,9.555888224,,,LIQ9343931
374,U1523,B,1,H,2,1.6,1.700,1.600,1.700,Potassium,K 766.491,11.0741688,,,LIQ9343931
374,U1523,B,1,H,2,1.6,1.700,1.600,1.700,Lithium,Li 670.783,24.49214811,,,LIQ9343931
374,U1523,B,1,H,2,1.6,1.700,1.600,1.700,Magnesium,Mg 279.553,42.1225833,,,LIQ9343931
374,U1523,B,1,H,2,1.6,1.700,1.600,1.700,Manganese,Mn 257.610,9.464870768,,,LIQ9343931
374,U1523,B,1,H,2,1.6,1.700,1.600,1.700,Sodium,Na 589.592,432.1009134,,,LIQ9343931
374,U1523,B,1,H,2,1.6,1.700,1.600,1.700,Sulfur,S 182.562,27.448534,,,LIQ9343931
374,U1523,B,1,H,2,1.6,1.700,1.600,1.700,Silicon,Si 288.158,584.5496618,,,LIQ9343931
374,U1523,B,1,H,2,1.6,1.700,1.600,1.700,Strontium,Sr 421.552,84.79799133,,,LIQ9343931
374,U1523,B,1,H,2,1.7,1.800,1.700,1.800,Calcium,Ca 317.933,8.882235529,,,LIQ9343811
374,U1523,B,1,H,2,1.7,1.800,1.700,1.800,Potassium,K 766.491,10.61381074,,,LIQ9343811
374,U1523,B,1,H,2,1.7,1.800,1.700,1.800,Lithium,Li 670.783,23.05143351,,,LIQ9343811
374,U1523,B,1,H,2,1.7,1.800,1.700,1.800,Magnesium,Mg 279.553,32.41464418,,,LIQ9343811
374,U1523,B,1,H,2,1.7,1.800,1.700,1.800,Manganese,Mn 257.610,10.73898799,,,LIQ9343811
374,U1523,B,1,H,2,1.7,1.800,1.700,1.800,Sodium,Na 589.592,402.4793388,,,LIQ9343811
374,U1523,B,1,H,2,1.7,1.800,1.700,1.800,Sulfur,S 182.562,25.32751092,,,LIQ9343811
374,U1523,B,1,H,2,1.7,1.800,1.700,1.800,Silicon,Si 288.158,490.9220363,,,LIQ9343811
374,U1523,B,1,H,2,1.7,1.800,1.700,1.800,Strontium,Sr 421.552,78.52088564,,,LIQ9343811
374,U1523,B,1,H,2,2,2.100,2.000,2.100,Calcium,Ca 317.933,9.580838323,,,LIQ9340591
374,U1523,B,1,H,2,2,2.100,2.000,2.100,Potassium,K 766.491,11.45780051,,,LIQ9340591
374,U1523,B,1,H,2,2,2.100,2.000,2.100,Lithium,Li 670.783,24.49214811,,,LIQ9340591
374,U1523,B,1,H,2,2,2.100,2.000,2.100,Magnesium,Mg 279.553,43.5211847,,,LIQ9340591
374,U1523,B,1,H,2,2,2.100,2.000,2.100,Manganese,Mn 257.610,8.918820531,,,LIQ9340591
374,U1523,B,1,H,2,2,2.100,2.000,2.100,Sodium,Na 589.592,435.8851675,,,LIQ9340591
374,U1523,B,1,H,2,2,2.100,2.000,2.100,Sulfur,S 182.562,27.66687461,,,LIQ9340591
374,U1523,B,1,H,2,2,2.100,2.000,2.100,Silicon,Si 288.158,705.9451762,,,LIQ9340591
374,U1523,B,1,H,2,2,2.100,2.000,2.100,Strontium,Sr 421.552,84.34147455,,,LIQ9340591
374,U1523,B,1,H,2,2.1,2.200,2.100,2.200,Calcium,Ca 317.933,9.381237525,,,LIQ9344341
374,U1523,B,1,H,2,2.1,2.200,2.100,2.200,Potassium,K 766.491,11.91815857,,,LIQ9344341
374,U1523,B,1,H,2,2.1,2.200,2.100,2.200,Lithium,Li 670.783,24.49214811,,,LIQ9344341
374,U1523,B,1,H,2,2.1,2.200,2.100,2.200,Magnesium,Mg 279.553,42.69847799,,,LIQ9344341
374,U1523,B,1,H,2,2.1,2.200,2.100,2.200,Manganese,Mn 257.610,11.28503822,,,LIQ9344341
374,U1523,B,1,H,2,2.1,2.200,2.100,2.200,Sodium,Na 589.592,438.538495,,,LIQ9344341
374,U1523,B,1,H,2,2.1,2.200,2.100,2.200,Sulfur,S 182.562,27.91640674,,,LIQ9344341
374,U1523,B,1,H,2,2.1,2.200,2.100,2.200,Silicon,Si 288.158,641.509434,,,LIQ9344341
374,U1523,B,1,H,2,2.1,2.200,2.100,2.200,Strontium,Sr 421.552,83.77082858,,,LIQ9344341
374,U1523,B,1,H,2,2.2,2.300,2.200,2.300,Calcium,Ca 317.933,8.982035928,,,LIQ9344411
374,U1523,B,1,H,2,2.2,2.300,2.200,2.300,Potassium,K 766.491,11.17647059,,,LIQ9344411
374,U1523,B,1,H,2,2.2,2.300,2.200,2.300,Lithium,Li 670.783,23.05143351,,,LIQ9344411
374,U1523,B,1,H,2,2.2,2.300,2.200,2.300,Magnesium,Mg 279.553,40.43603455,,,LIQ9344411
374,U1523,B,1,H,2,2.2,2.300,2.200,2.300,Manganese,Mn 257.610,8.3727702950,,,LIQ9344411
374,U1523,B,1,H,2,2.2,2.300,2.200,2.300,Sodium,Na 589.592,417.5293606,,,LIQ9344411
374,U1523,B,1,H,2,2.2,2.300,2.200,2.300,Sulfur,S 182.562,26.16968185,,,LIQ9344411
374,U1523,B,1,H,2,2.2,2.300,2.200,2.300,Silicon,Si 288.158,583.1256675,,,LIQ9344411
374,U1523,B,1,H,2,2.2,2.300,2.200,2.300,Strontium,Sr 421.552,80.46108194,,,LIQ9344411
374,U1523,B,1,H,2,2.5,2.600,2.500,2.600,Calcium,Ca 317.933,9.7055888220,,,LIQ9341321
374,U1523,B,1,H,2,2.5,2.600,2.500,2.600,Potassium,K 766.491,11.73913043,,,LIQ9341321
374,U1523,B,1,H,2,2.5,2.600,2.500,2.600,Lithium,Li 670.783,24.49214811,,,LIQ9341321
374,U1523,B,1,H,2,2.5,2.600,2.500,2.600,Magnesium,Mg 279.553,44.2204854,,,LIQ9341321
374,U1523,B,1,H,2,2.5,2.600,2.500,2.600,Manganese,Mn 257.610,10.92100473,,,LIQ9341321
374,U1523,B,1,H,2,2.5,2.600,2.500,2.600,Sodium,Na 589.592,444.2366246,,,LIQ9341321
374,U1523,B,1,H,2,2.5,2.600,2.500,2.600,Sulfur,S 182.562,27.13661884,,,LIQ9341321
374,U1523,B,1,H,2,2.5,2.600,2.500,2.600,Silicon,Si 288.158,702.741189,,,LIQ9341321
374,U1523,B,1,H,2,2.5,2.600,2.500,2.600,Strontium,Sr 421.552,85.93928327,,,LIQ9341321
374,U1523,B,1,H,2,2.6,2.700,2.600,2.700,Calcium,Ca 317.933,9.605788423,,,LIQ9344141
374,U1523,B,1,H,2,2.6,2.700,2.600,2.700,Potassium,K 766.491,11.32992327,,,LIQ9344141
374,U1523,B,1,H,2,2.6,2.700,2.600,2.700,Lithium,Li 670.783,24.49214811,,,LIQ9344141
374,U1523,B,1,H,2,2.6,2.700,2.600,2.700,Magnesium,Mg 279.553,42.65734266,,,LIQ9344141
374,U1523,B,1,H,2,2.6,2.700,2.600,2.700,Manganese,Mn 257.610,10.73898799,,,LIQ9344141
374,U1523,B,1,H,2,2.6,2.700,2.600,2.700,Sodium,Na 589.592,437.9730318,,,LIQ9344141
374,U1523,B,1,H,2,2.6,2.700,2.600,2.700,Sulfur,S 182.562,27.35495945,,,LIQ9344141
374,U1523,B,1,H,2,2.6,2.700,2.600,2.700,Silicon,Si 288.158,636.1694553,,,LIQ9344141
374,U1523,B,1,H,2,2.6,2.700,2.600,2.700,Strontium,Sr 421.552,84.79799133,,,LIQ9344141
374,U1523,B,1,H,2,2.7,2.800,2.700,2.800,Calcium,Ca 317.933,9.605788423,,,LIQ9344211
374,U1523,B,1,H,2,2.7,2.800,2.700,2.800,Potassium,K 766.491,11.40664962,,,LIQ9344211
374,U1523,B,1,H,2,2.7,2.800,2.700,2.800,Lithium,Li 670.783,24.49214811,,,LIQ9344211
374,U1523,B,1,H,2,2.7,2.800,2.700,2.800,Magnesium,Mg 279.553,42.08144796,,,LIQ9344211
374,U1523,B,1,H,2,2.7,2.800,2.700,2.800,Manganese,Mn 257.610,11.10302148,,,LIQ9344211
374,U1523,B,1,H,2,2.7,2.800,2.700,2.800,Sodium,Na 589.592,430.5785124,,,LIQ9344211
374,U1523,B,1,H,2,2.7,2.800,2.700,2.800,Sulfur,S 182.562,27.38615097,,,LIQ9344211
374,U1523,B,1,H,2,2.7,2.800,2.700,2.800,Silicon,Si 288.158,622.997508,,,LIQ9344211
374,U1523,B,1,H,2,2.7,2.800,2.700,2.800,Strontium,Sr 421.552,84.56973294,,,LIQ9344211
374,U1523,B,1,H,3,3,3.100,3.000,3.100,Calcium,Ca 317.933,9.630738523,,,LIQ9339941
374,U1523,B,1,H,3,3,3.100,3.000,3.100,Potassium,K 766.491,11.76470588,,,LIQ9339941
374,U1523,B,1,H,3,3,3.100,3.000,3.100,Lithium,Li 670.783,24.49214811,,,LIQ9339941
374,U1523,B,1,H,3,3,3.100,3.000,3.100,Magnesium,Mg 279.553,41.91690662,,,LIQ9339941
374,U1523,B,1,H,3,3,3.100,3.000,3.100,Manganese,Mn 257.610,9.100837277,,,LIQ9339941
374,U1523,B,1,H,3,3,3.100,3.000,3.100,Sodium,Na 589.592,436.9290996,,,LIQ9339941
374,U1523,B,1,H,3,3,3.100,3.000,3.100,Sulfur,S 182.562,27.41734248,,,LIQ9339941
374,U1523,B,1,H,3,3,3.100,3.000,3.100,Silicon,Si 288.158,564.9697401,,,LIQ9339941
374,U1523,B,1,H,3,3,3.100,3.000,3.100,Strontium,Sr 421.552,84.56973294,,,LIQ9339941
374,U1523,B,1,H,3,3.1,3.200,3.100,3.200,Calcium,Ca 317.933,8.0838323350,,,LIQ9345511
374,U1523,B,1,H,3,3.1,3.200,3.100,3.200,Potassium,K 766.491,9.6163682860,,,LIQ9345511
374,U1523,B,1,H,3,3.1,3.200,3.100,3.200,Lithium,Li 670.783,18.72928973,,,LIQ9345511
374,U1523,B,1,H,3,3.1,3.200,3.100,3.200,Magnesium,Mg 279.553,24.59893048,,,LIQ9345511
374,U1523,B,1,H,3,3.1,3.200,3.100,3.200,Manganese,Mn 257.610,8.55478704,,,LIQ9345511
374,U1523,B,1,H,3,3.1,3.200,3.100,3.200,Sodium,Na 589.592,364.4628099,,,LIQ9345511
374,U1523,B,1,H,3,3.1,3.200,3.100,3.200,Sulfur,S 182.562,22.92576419,,,LIQ9345511
374,U1523,B,1,H,3,3.1,3.200,3.100,3.200,Silicon,Si 288.158,458.8821645,,,LIQ9345511
374,U1523,B,1,H,3,3.1,3.200,3.100,3.200,Strontium,Sr 421.552,70.30358366,,,LIQ9345511
374,U1523,B,1,H,3,3.2,3.300,3.200,3.300,Calcium,Ca 317.933,11.00299401,,,LIQ9345431
374,U1523,B,1,H,3,3.2,3.300,3.200,3.300,Potassium,K 766.491,13.09462916,,,LIQ9345431
374,U1523,B,1,H,3,3.2,3.300,3.200,3.300,Lithium,Li 670.783,28.81429189,,,LIQ9345431
374,U1523,B,1,H,3,3.2,3.300,3.200,3.300,Magnesium,Mg 279.553,85.02673797,,,LIQ9345431
374,U1523,B,1,H,3,3.2,3.300,3.200,3.300,Manganese,Mn 257.610,11.10302148,,,LIQ9345431
374,U1523,B,1,H,3,3.2,3.300,3.200,3.300,Sodium,Na 589.592,503.6972597,,,LIQ9345431
374,U1523,B,1,H,3,3.2,3.300,3.200,3.300,Sulfur,S 182.562,32.00249532,,,LIQ9345431
374,U1523,B,1,H,3,3.2,3.300,3.200,3.300,Silicon,Si 288.158,641.509434,,,LIQ9345431
374,U1523,B,1,H,3,3.2,3.300,3.200,3.300,Strontium,Sr 421.552,97.35220269,,,LIQ9345431
374,U1523,B,1,H,3,3.5,3.600,3.500,3.600,Calcium,Ca 317.933,9.8053892220,,,LIQ9340681
374,U1523,B,1,H,3,3.5,3.600,3.500,3.600,Potassium,K 766.491,12.55754476,,,LIQ9340681
374,U1523,B,1,H,3,3.5,3.600,3.500,3.600,Lithium,Li 670.783,24.49214811,,,LIQ9340681
374,U1523,B,1,H,3,3.5,3.600,3.500,3.600,Magnesium,Mg 279.553,46.27725216,,,LIQ9340681
374,U1523,B,1,H,3,3.5,3.600,3.500,3.600,Manganese,Mn 257.610,7.644703313,,,LIQ9340681
374,U1523,B,1,H,3,3.5,3.600,3.500,3.600,Sodium,Na 589.592,448.1513702,,,LIQ9340681
374,U1523,B,1,H,3,3.5,3.600,3.500,3.600,Sulfur,S 182.562,27.23019339,,,LIQ9340681
374,U1523,B,1,H,3,3.5,3.600,3.500,3.600,Silicon,Si 288.158,588.8216447,,,LIQ9340681
374,U1523,B,1,H,3,3.5,3.600,3.500,3.600,Strontium,Sr 421.552,86.62405843,,,LIQ9340681
374,U1523,B,1,H,3,3.6,3.700,3.600,3.700,Calcium,Ca 317.933,9.7055888220,,,LIQ9343481
374,U1523,B,1,H,3,3.6,3.700,3.600,3.700,Potassium,K 766.491,11.48337596,,,LIQ9343481
374,U1523,B,1,H,3,3.6,3.700,3.600,3.700,Lithium,Li 670.783,23.05143351,,,LIQ9343481
374,U1523,B,1,H,3,3.6,3.700,3.600,3.700,Magnesium,Mg 279.553,41.25874126,,,LIQ9343481
374,U1523,B,1,H,3,3.6,3.700,3.600,3.700,Manganese,Mn 257.610,10.19293775,,,LIQ9343481
374,U1523,B,1,H,3,3.6,3.700,3.600,3.700,Sodium,Na 589.592,440.1478904,,,LIQ9343481
374,U1523,B,1,H,3,3.6,3.700,3.600,3.700,Sulfur,S 182.562,26.8558952,,,LIQ9343481
374,U1523,B,1,H,3,3.6,3.700,3.600,3.700,Silicon,Si 288.158,616.9455322,,,LIQ9343481
374,U1523,B,1,H,3,3.6,3.700,3.600,3.700,Strontium,Sr 421.552,86.05341246,,,LIQ9343481
374,U1523,B,1,H,3,3.7,3.800,3.700,3.800,Calcium,Ca 317.933,10.57884232,,,LIQ9344481
374,U1523,B,1,H,3,3.7,3.800,3.700,3.800,Potassium,K 766.491,13.14578005,,,LIQ9344481
374,U1523,B,1,H,3,3.7,3.800,3.700,3.800,Lithium,Li 670.783,27.37357729,,,LIQ9344481
374,U1523,B,1,H,3,3.7,3.800,3.700,3.800,Magnesium,Mg 279.553,58.65898807,,,LIQ9344481
374,U1523,B,1,H,3,3.7,3.800,3.700,3.800,Manganese,Mn 257.610,10.3749545,,,LIQ9344481
374,U1523,B,1,H,3,3.7,3.800,3.700,3.800,Sodium,Na 589.592,491.2570683,,,LIQ9344481
374,U1523,B,1,H,3,3.7,3.800,3.700,3.800,Sulfur,S 182.562,30.13100437,,,LIQ9344481
374,U1523,B,1,H,3,3.7,3.800,3.700,3.800,Silicon,Si 288.158,656.4613742,,,LIQ9344481
374,U1523,B,1,H,3,3.7,3.800,3.700,3.800,Strontium,Sr 421.552,94.72723123,,,LIQ9344481
374,U1523,B,1,H,3,4,4.100,4.000,4.100,Calcium,Ca 317.933,9.780439122,,,LIQ9341421
374,U1523,B,1,H,3,4,4.100,4.000,4.100,Potassium,K 766.491,11.73913043,,,LIQ9341421
374,U1523,B,1,H,3,4,4.100,4.000,4.100,Lithium,Li 670.783,24.49214811,,,LIQ9341421
374,U1523,B,1,H,3,4,4.100,4.000,4.100,Magnesium,Mg 279.553,42.28712464,,,LIQ9341421
374,U1523,B,1,H,3,4,4.100,4.000,4.100,Manganese,Mn 257.610,11.83108846,,,LIQ9341421
374,U1523,B,1,H,3,4,4.100,4.000,4.100,Sodium,Na 589.592,443.4971727,,,LIQ9341421
374,U1523,B,1,H,3,4,4.100,4.000,4.100,Sulfur,S 182.562,27.16781036,,,LIQ9341421
374,U1523,B,1,H,3,4,4.100,4.000,4.100,Silicon,Si 288.158,764.3289427,,,LIQ9341421
374,U1523,B,1,H,3,4,4.100,4.000,4.100,Strontium,Sr 421.552,86.28167085,,,LIQ9341421
374,U1523,B,1,H,3,4.1,4.200,4.100,4.200,Calcium,Ca 317.933,9.580838323,,,LIQ9343091
374,U1523,B,1,H,3,4.1,4.200,4.100,4.200,Potassium,K 766.491,10.99744246,,,LIQ9343091
374,U1523,B,1,H,3,4.1,4.200,4.100,4.200,Lithium,Li 670.783,23.05143351,,,LIQ9343091
374,U1523,B,1,H,3,4.1,4.200,4.100,4.200,Magnesium,Mg 279.553,40.60057589,,,LIQ9343091
374,U1523,B,1,H,3,4.1,4.200,4.100,4.200,Manganese,Mn 257.610,10.19293775,,,LIQ9343091
374,U1523,B,1,H,3,4.1,4.200,4.100,4.200,Sodium,Na 589.592,428.8821227,,,LIQ9343091
374,U1523,B,1,H,3,4.1,4.200,4.100,4.200,Sulfur,S 182.562,27.47972551,,,LIQ9343091
374,U1523,B,1,H,3,4.1,4.200,4.100,4.200,Silicon,Si 288.158,641.1534354,,,LIQ9343091
374,U1523,B,1,H,3,4.1,4.200,4.100,4.200,Strontium,Sr 421.552,83.65669938,,,LIQ9343091
374,U1523,B,1,H,3,4.2,4.300,4.200,4.300,Calcium,Ca 317.933,9.730538922,,,LIQ9343331
374,U1523,B,1,H,3,4.2,4.300,4.200,4.300,Potassium,K 766.491,11.04859335,,,LIQ9343331
374,U1523,B,1,H,3,4.2,4.300,4.200,4.300,Lithium,Li 670.783,23.05143351,,,LIQ9343331
374,U1523,B,1,H,3,4.2,4.300,4.200,4.300,Magnesium,Mg 279.553,39.57219251,,,LIQ9343331
374,U1523,B,1,H,3,4.2,4.300,4.200,4.300,Manganese,Mn 257.610,11.28503822,,,LIQ9343331
374,U1523,B,1,H,3,4.2,4.300,4.200,4.300,Sodium,Na 589.592,433.8842975,,,LIQ9343331
374,U1523,B,1,H,3,4.2,4.300,4.200,4.300,Sulfur,S 182.562,27.76044916,,,LIQ9343331
374,U1523,B,1,H,3,4.2,4.300,4.200,4.300,Silicon,Si 288.158,676.0412958,,,LIQ9343331
374,U1523,B,1,H,3,4.2,4.300,4.200,4.300,Strontium,Sr 421.552,85.3686373,,,LIQ9343331
374,U1523,B,1,H,4,4.5,4.600,4.500,4.600,Calcium,Ca 317.933,8.532934132,,,LIQ9340041
374,U1523,B,1,H,4,4.5,4.600,4.500,4.600,Potassium,K 766.491,10.81841432,,,LIQ9340041
374,U1523,B,1,H,4,4.5,4.600,4.500,4.600,Lithium,Li 670.783,20.17000432,,,LIQ9340041
374,U1523,B,1,H,4,4.5,4.600,4.500,4.600,Magnesium,Mg 279.553,27.7663513,,,LIQ9340041
374,U1523,B,1,H,4,4.5,4.600,4.500,4.600,Manganese,Mn 257.610,9.828904259,,,LIQ9340041
374,U1523,B,1,H,4,4.5,4.600,4.500,4.600,Sodium,Na 589.592,390.691605,,,LIQ9340041
374,U1523,B,1,H,4,4.5,4.600,4.500,4.600,Sulfur,S 182.562,22.20835933,,,LIQ9340041
374,U1523,B,1,H,4,4.5,4.600,4.500,4.600,Silicon,Si 288.158,561.4097544,,,LIQ9340041
374,U1523,B,1,H,4,4.5,4.600,4.500,4.600,Strontium,Sr 421.552,74.64049304,,,LIQ9340041
374,U1523,B,1,H,4,4.6,4.700,4.600,4.700,Calcium,Ca 317.933,9.680638723,,,LIQ9343561
374,U1523,B,1,H,4,4.6,4.700,4.600,4.700,Potassium,K 766.491,11.27877238,,,LIQ9343561
374,U1523,B,1,H,4,4.6,4.700,4.600,4.700,Lithium,Li 670.783,23.05143351,,,LIQ9343561
374,U1523,B,1,H,4,4.6,4.700,4.600,4.700,Magnesium,Mg 279.553,42.65734266,,,LIQ9343561
374,U1523,B,1,H,4,4.6,4.700,4.600,4.700,Manganese,Mn 257.610,12.19512195,,,LIQ9343561
374,U1523,B,1,H,4,4.6,4.700,4.600,4.700,Sodium,Na 589.592,439.4519356,,,LIQ9343561
374,U1523,B,1,H,4,4.6,4.700,4.600,4.700,Sulfur,S 182.562,27.47972551,,,LIQ9343561
374,U1523,B,1,H,4,4.6,4.700,4.600,4.700,Silicon,Si 288.158,667.8533286,,,LIQ9343561
374,U1523,B,1,H,4,4.6,4.700,4.600,4.700,Strontium,Sr 421.552,85.59689569,,,LIQ9343561
374,U1523,B,1,H,4,4.7,4.800,4.700,4.800,Calcium,Ca 317.933,9.580838323,,,LIQ9343631
374,U1523,B,1,H,4,4.7,4.800,4.700,4.800,Potassium,K 766.491,10.97186701,,,LIQ9343631
374,U1523,B,1,H,4,4.7,4.800,4.700,4.800,Lithium,Li 670.783,23.05143351,,,LIQ9343631
374,U1523,B,1,H,4,4.7,4.800,4.700,4.800,Magnesium,Mg 279.553,41.13533525,,,LIQ9343631
374,U1523,B,1,H,4,4.7,4.800,4.700,4.800,Manganese,Mn 257.610,11.28503822,,,LIQ9343631
374,U1523,B,1,H,4,4.7,4.800,4.700,4.800,Sodium,Na 589.592,429.3605916,,,LIQ9343631
374,U1523,B,1,H,4,4.7,4.800,4.700,4.800,Sulfur,S 182.562,27.72925764,,,LIQ9343631
374,U1523,B,1,H,4,4.7,4.800,4.700,4.800,Silicon,Si 288.158,636.8814525,,,LIQ9343631
374,U1523,B,1,H,4,4.7,4.800,4.700,4.800,Strontium,Sr 421.552,84.68386213,,,LIQ9343631
374,U1523,B,1,H,4,5,5.100,5.000,5.100,Calcium,Ca 317.933,9.680638723,,,LIQ9342121
374,U1523,B,1,H,4,5,5.100,5.000,5.100,Potassium,K 766.491,11.32992327,,,LIQ9342121
374,U1523,B,1,H,4,5,5.100,5.000,5.100,Lithium,Li 670.783,23.05143351,,,LIQ9342121
374,U1523,B,1,H,4,5,5.100,5.000,5.100,Magnesium,Mg 279.553,40.60057589,,,LIQ9342121
374,U1523,B,1,H,4,5,5.100,5.000,5.100,Manganese,Mn 257.610,13.65125592,,,LIQ9342121
374,U1523,B,1,H,4,5,5.100,5.000,5.100,Sodium,Na 589.592,437.5815572,,,LIQ9342121
374,U1523,B,1,H,4,5,5.100,5.000,5.100,Sulfur,S 182.562,27.60449158,,,LIQ9342121
374,U1523,B,1,H,4,5,5.100,5.000,5.100,Silicon,Si 288.158,770.7369171,,,LIQ9342121
374,U1523,B,1,H,4,5,5.100,5.000,5.100,Strontium,Sr 421.552,85.48276649,,,LIQ9342121
374,U1523,B,1,H,4,5.1,5.200,5.100,5.200,Calcium,Ca 317.933,9.7554890220,,,LIQ9343261
374,U1523,B,1,H,4,5.1,5.200,5.100,5.200,Potassium,K 766.491,11.22762148,,,LIQ9343261
374,U1523,B,1,H,4,5.1,5.200,5.100,5.200,Lithium,Li 670.783,23.05143351,,,LIQ9343261
374,U1523,B,1,H,4,5.1,5.200,5.100,5.200,Magnesium,Mg 279.553,41.67009461,,,LIQ9343261
374,U1523,B,1,H,4,5.1,5.200,5.100,5.200,Manganese,Mn 257.610,12.74117219,,,LIQ9343261
374,U1523,B,1,H,4,5.1,5.200,5.100,5.200,Sodium,Na 589.592,432.1444106,,,LIQ9343261
374,U1523,B,1,H,4,5.1,5.200,5.100,5.200,Sulfur,S 182.562,26.8558952,,,LIQ9343261
374,U1523,B,1,H,4,5.1,5.200,5.100,5.200,Silicon,Si 288.158,661.0893556,,,LIQ9343261
374,U1523,B,1,H,4,5.1,5.200,5.100,5.200,Strontium,Sr 421.552,85.59689569,,,LIQ9343261
374,U1523,B,1,H,4,5.1,5.200,5.100,5.200,Calcium,Ca 317.933,9.930139721,,,LIQ9343261
374,U1523,B,1,H,4,5.1,5.200,5.100,5.200,Potassium,K 766.491,11.63682864,,,LIQ9343261
374,U1523,B,1,H,4,5.1,5.200,5.100,5.200,Lithium,Li 670.783,23.05143351,,,LIQ9343261
374,U1523,B,1,H,4,5.1,5.200,5.100,5.200,Magnesium,Mg 279.553,40.27149321,,,LIQ9343261
374,U1523,B,1,H,4,5.1,5.200,5.100,5.200,Manganese,Mn 257.610,12.92318893,,,LIQ9343261
374,U1523,B,1,H,4,5.1,5.200,5.100,5.200,Sodium,Na 589.592,440.3218791,,,LIQ9343261
374,U1523,B,1,H,4,5.1,5.200,5.100,5.200,Sulfur,S 182.562,26.94946974,,,LIQ9343261
374,U1523,B,1,H,4,5.1,5.200,5.100,5.200,Silicon,Si 288.158,666.0733357,,,LIQ9343261
374,U1523,B,1,H,4,5.1,5.200,5.100,5.200,Strontium,Sr 421.552,87.76535038,,,LIQ9343261
374,U1523,B,1,H,4,5.2,5.300,5.200,5.300,Calcium,Ca 317.933,9.680638723,,,LIQ9343411
374,U1523,B,1,H,4,5.2,5.300,5.200,5.300,Potassium,K 766.491,11.15089514,,,LIQ9343411
374,U1523,B,1,H,4,5.2,5.300,5.200,5.300,Lithium,Li 670.783,23.05143351,,,LIQ9343411
374,U1523,B,1,H,4,5.2,5.300,5.200,5.300,Magnesium,Mg 279.553,41.05306458,,,LIQ9343411
374,U1523,B,1,H,4,5.2,5.300,5.200,5.300,Manganese,Mn 257.610,12.92318893,,,LIQ9343411
374,U1523,B,1,H,4,5.2,5.300,5.200,5.300,Sodium,Na 589.592,435.8851675,,,LIQ9343411
374,U1523,B,1,H,4,5.2,5.300,5.200,5.300,Sulfur,S 182.562,27.63568309,,,LIQ9343411
374,U1523,B,1,H,4,5.2,5.300,5.200,5.300,Silicon,Si 288.158,685.6532574,,,LIQ9343411
374,U1523,B,1,H,4,5.2,5.300,5.200,5.300,Strontium,Sr 421.552,85.82515407,,,LIQ9343411
374,U1523,B,1,H,4,5.5,5.600,5.500,5.600,Calcium,Ca 317.933,9.730538922,,,LIQ9342391
374,U1523,B,1,H,4,5.5,5.600,5.500,5.600,Potassium,K 766.491,11.35549872,,,LIQ9342391
374,U1523,B,1,H,4,5.5,5.600,5.500,5.600,Lithium,Li 670.783,23.05143351,,,LIQ9342391
374,U1523,B,1,H,4,5.5,5.600,5.500,5.600,Magnesium,Mg 279.553,41.83463595,,,LIQ9342391
374,U1523,B,1,H,4,5.5,5.600,5.500,5.600,Manganese,Mn 257.610,14.56133964,,,LIQ9342391
374,U1523,B,1,H,4,5.5,5.600,5.500,5.600,Sodium,Na 589.592,437.4945629,,,LIQ9342391
374,U1523,B,1,H,4,5.5,5.600,5.500,5.600,Sulfur,S 182.562,27.57330006,,,LIQ9342391
374,U1523,B,1,H,4,5.5,5.600,5.500,5.600,Silicon,Si 288.158,788.5368459,,,LIQ9342391
374,U1523,B,1,H,4,5.5,5.600,5.500,5.600,Strontium,Sr 421.552,84.68386213,,,LIQ9342391
374,U1523,B,1,H,4,5.6,5.700,5.600,5.700,Calcium,Ca 317.933,9.930139721,,,LIQ9343011
374,U1523,B,1,H,4,5.6,5.700,5.600,5.700,Potassium,K 766.491,11.86700767,,,LIQ9343011
374,U1523,B,1,H,4,5.6,5.700,5.600,5.700,Lithium,Li 670.783,23.05143351,,,LIQ9343011
374,U1523,B,1,H,4,5.6,5.700,5.600,5.700,Magnesium,Mg 279.553,42.61620732,,,LIQ9343011
374,U1523,B,1,H,4,5.6,5.700,5.600,5.700,Manganese,Mn 257.610,10.19293775,,,LIQ9343011
374,U1523,B,1,H,4,5.6,5.700,5.600,5.700,Sodium,Na 589.592,443.062201,,,LIQ9343011
374,U1523,B,1,H,4,5.6,5.700,5.600,5.700,Sulfur,S 182.562,26.76232065,,,LIQ9343011
374,U1523,B,1,H,4,5.6,5.700,5.600,5.700,Silicon,Si 288.158,652.5453898,,,LIQ9343011
374,U1523,B,1,H,4,5.6,5.700,5.600,5.700,Strontium,Sr 421.552,87.08057521,,,LIQ9343011
374,U1523,B,1,H,4,5.7,5.800,5.700,5.800,Calcium,Ca 317.933,9.7055888220,,,LIQ9342811
374,U1523,B,1,H,4,5.7,5.800,5.700,5.800,Potassium,K 766.491,11.45780051,,,LIQ9342811
374,U1523,B,1,H,4,5.7,5.800,5.700,5.800,Lithium,Li 670.783,23.05143351,,,LIQ9342811
374,U1523,B,1,H,4,5.7,5.800,5.700,5.800,Magnesium,Mg 279.553,39.9012752,,,LIQ9342811
374,U1523,B,1,H,4,5.7,5.800,5.700,5.800,Manganese,Mn 257.610,10.19293775,,,LIQ9342811
374,U1523,B,1,H,4,5.7,5.800,5.700,5.800,Sodium,Na 589.592,438.8429752,,,LIQ9342811
374,U1523,B,1,H,4,5.7,5.800,5.700,5.800,Sulfur,S 182.562,27.66687461,,,LIQ9342811
374,U1523,B,1,H,4,5.7,5.800,5.700,5.800,Silicon,Si 288.158,618.7255251,,,LIQ9342811
374,U1523,B,1,H,4,5.7,5.800,5.700,5.800,Strontium,Sr 421.552,85.48276649,,,LIQ9342811
374,U1523,B,1,H,5,6,6.100,6.000,6.100,Calcium,Ca 317.933,9.730538922,,,LIQ9345751
374,U1523,B,1,H,5,6,6.100,6.000,6.100,Potassium,K 766.491,11.43222506,,,LIQ9345751
374,U1523,B,1,H,5,6,6.100,6.000,6.100,Lithium,Li 670.783,23.05143351,,,LIQ9345751
374,U1523,B,1,H,5,6,6.100,6.000,6.100,Magnesium,Mg 279.553,42.78074866,,,LIQ9345751
374,U1523,B,1,H,5,6,6.100,6.000,6.100,Manganese,Mn 257.610,13.83327266,,,LIQ9345751
374,U1523,B,1,H,5,6,6.100,6.000,6.100,Sodium,Na 589.592,439.9304045,,,LIQ9345751
374,U1523,B,1,H,5,6,6.100,6.000,6.100,Sulfur,S 182.562,27.19900187,,,LIQ9345751
374,U1523,B,1,H,5,6,6.100,6.000,6.100,Silicon,Si 288.158,730.1530794,,,LIQ9345751
374,U1523,B,1,H,5,6,6.100,6.000,6.100,Strontium,Sr 421.552,85.71102488,,,LIQ9345751
374,U1523,B,1,H,5,6.1,6.200,6.100,6.200,Calcium,Ca 317.933,9.730538922,,,LIQ9345111
374,U1523,B,1,H,5,6.1,6.200,6.100,6.200,Potassium,K 766.491,11.79028133,,,LIQ9345111
374,U1523,B,1,H,5,6.1,6.200,6.100,6.200,Lithium,Li 670.783,23.05143351,,,LIQ9345111
374,U1523,B,1,H,5,6.1,6.200,6.100,6.200,Magnesium,Mg 279.553,43.27437269,,,LIQ9345111
374,U1523,B,1,H,5,6.1,6.200,6.100,6.200,Manganese,Mn 257.610,14.01528941,,,LIQ9345111
374,U1523,B,1,H,5,6.1,6.200,6.100,6.200,Sodium,Na 589.592,437.4510657,,,LIQ9345111
374,U1523,B,1,H,5,6.1,6.200,6.100,6.200,Sulfur,S 182.562,26.98066126,,,LIQ9345111
374,U1523,B,1,H,5,6.1,6.200,6.100,6.200,Silicon,Si 288.158,752.9369883,,,LIQ9345111
374,U1523,B,1,H,5,6.1,6.200,6.100,6.200,Strontium,Sr 421.552,85.48276649,,,LIQ9345111
374,U1523,B,1,H,5,6.2,6.300,6.200,6.300,Calcium,Ca 317.933,9.730538922,,,LIQ9340141
374,U1523,B,1,H,5,6.2,6.300,6.200,6.300,Potassium,K 766.491,11.68797954,,,LIQ9340141
374,U1523,B,1,H,5,6.2,6.300,6.200,6.300,Lithium,Li 670.783,23.05143351,,,LIQ9340141
374,U1523,B,1,H,5,6.2,6.300,6.200,6.300,Magnesium,Mg 279.553,41.34101193,,,LIQ9340141
374,U1523,B,1,H,5,6.2,6.300,6.200,6.300,Manganese,Mn 257.610,14.19730615,,,LIQ9340141
374,U1523,B,1,H,5,6.2,6.300,6.200,6.300,Sodium,Na 589.592,438.1470204,,,LIQ9340141
374,U1523,B,1,H,5,6.2,6.300,6.200,6.300,Sulfur,S 182.562,26.6687461,,,LIQ9340141
374,U1523,B,1,H,5,6.2,6.300,6.200,6.300,Silicon,Si 288.158,724.4571022,,,LIQ9340141
374,U1523,B,1,H,5,6.2,6.300,6.200,6.300,Strontium,Sr 421.552,85.59689569,,,LIQ9340141
374,U1523,B,1,H,5,6.5,6.600,6.500,6.600,Calcium,Ca 317.933,8.308383234,,,LIQ9342031
374,U1523,B,1,H,5,6.5,6.600,6.500,6.600,Potassium,K 766.491,9.974424552,,,LIQ9342031
374,U1523,B,1,H,5,6.5,6.600,6.500,6.600,Lithium,Li 670.783,18.72928973,,,LIQ9342031
374,U1523,B,1,H,5,6.5,6.600,6.500,6.600,Magnesium,Mg 279.553,27.1904566,,,LIQ9342031
374,U1523,B,1,H,5,6.5,6.600,6.500,6.600,Manganese,Mn 257.610,13.10520568,,,LIQ9342031
374,U1523,B,1,H,5,6.5,6.600,6.500,6.600,Sodium,Na 589.592,375.6415833,,,LIQ9342031
374,U1523,B,1,H,5,6.5,6.600,6.500,6.600,Sulfur,S 182.562,23.17529632,,,LIQ9342031
374,U1523,B,1,H,5,6.5,6.600,6.500,6.600,Silicon,Si 288.158,661.4453542,,,LIQ9342031
374,U1523,B,1,H,5,6.5,6.600,6.500,6.600,Strontium,Sr 421.552,73.04268432,,,LIQ9342031
374,U1523,B,1,H,5,6.6,6.700,6.600,6.700,Calcium,Ca 317.933,9.555888224,,,LIQ9345941
374,U1523,B,1,H,5,6.6,6.700,6.600,6.700,Potassium,K 766.491,12.1483376,,,LIQ9345941
374,U1523,B,1,H,5,6.6,6.700,6.600,6.700,Lithium,Li 670.783,23.05143351,,,LIQ9345941
374,U1523,B,1,H,5,6.6,6.700,6.600,6.700,Magnesium,Mg 279.553,41.75236528,,,LIQ9345941
374,U1523,B,1,H,5,6.6,6.700,6.600,6.700,Manganese,Mn 257.610,13.83327266,,,LIQ9345941
374,U1523,B,1,H,5,6.6,6.700,6.600,6.700,Sodium,Na 589.592,435.9286646,,,LIQ9345941
374,U1523,B,1,H,5,6.6,6.700,6.600,6.700,Sulfur,S 182.562,27.10542732,,,LIQ9345941
374,U1523,B,1,H,5,6.6,6.700,6.600,6.700,Silicon,Si 288.158,718.0491278,,,LIQ9345941
374,U1523,B,1,H,5,6.6,6.700,6.600,6.700,Strontium,Sr 421.552,84.56973294,,,LIQ9345941
374,U1523,B,1,H,5,6.7,6.800,6.700,6.800,Calcium,Ca 317.933,9.680638723,,,LIQ9346081
374,U1523,B,1,H,5,6.7,6.800,6.700,6.800,Potassium,K 766.491,12.53196931,,,LIQ9346081
374,U1523,B,1,H,5,6.7,6.800,6.700,6.800,Lithium,Li 670.783,23.05143351,,,LIQ9346081
374,U1523,B,1,H,5,6.7,6.800,6.700,6.800,Magnesium,Mg 279.553,42.32825998,,,LIQ9346081
374,U1523,B,1,H,5,6.7,6.800,6.700,6.800,Manganese,Mn 257.610,13.65125592,,,LIQ9346081
374,U1523,B,1,H,5,6.7,6.800,6.700,6.800,Sodium,Na 589.592,450.2392344,,,LIQ9346081
374,U1523,B,1,H,5,6.7,6.800,6.700,6.800,Sulfur,S 182.562,27.23019339,,,LIQ9346081
374,U1523,B,1,H,5,6.7,6.800,6.700,6.800,Silicon,Si 288.158,671.0573158,,,LIQ9346081
374,U1523,B,1,H,5,6.7,6.800,6.700,6.800,Strontium,Sr 421.552,86.28167085,,,LIQ9346081
374,U1523,B,1,H,5,7,7.100,7.000,7.100,Calcium,Ca 317.933,8.233532934,,,LIQ9342221
374,U1523,B,1,H,5,7,7.100,7.000,7.100,Potassium,K 766.491,9.846547315,,,LIQ9342221
374,U1523,B,1,H,5,7,7.100,7.000,7.100,Lithium,Li 670.783,18.72928973,,,LIQ9342221
374,U1523,B,1,H,5,7,7.100,7.000,7.100,Magnesium,Mg 279.553,25.95639654,,,LIQ9342221
374,U1523,B,1,H,5,7,7.100,7.000,7.100,Manganese,Mn 257.610,12.01310521,,,LIQ9342221
374,U1523,B,1,H,5,7,7.100,7.000,7.100,Sodium,Na 589.592,370.4654197,,,LIQ9342221
374,U1523,B,1,H,5,7,7.100,7.000,7.100,Sulfur,S 182.562,23.36244541,,,LIQ9342221
374,U1523,B,1,H,5,7,7.100,7.000,7.100,Silicon,Si 288.158,586.6856533,,,LIQ9342221
374,U1523,B,1,H,5,7,7.100,7.000,7.100,Strontium,Sr 421.552,72.47203835,,,LIQ9342221
374,U1523,B,1,H,5,7.1,7.200,7.100,7.200,Calcium,Ca 317.933,9.530938124,,,LIQ9346011
374,U1523,B,1,H,5,7.1,7.200,7.100,7.200,Potassium,K 766.491,12.1483376,,,LIQ9346011
374,U1523,B,1,H,5,7.1,7.200,7.100,7.200,Lithium,Li 670.783,23.05143351,,,LIQ9346011
374,U1523,B,1,H,5,7.1,7.200,7.100,7.200,Magnesium,Mg 279.553,41.17647059,,,LIQ9346011
374,U1523,B,1,H,5,7.1,7.200,7.100,7.200,Manganese,Mn 257.610,12.3771387,,,LIQ9346011
374,U1523,B,1,H,5,7.1,7.200,7.100,7.200,Sodium,Na 589.592,438.6254893,,,LIQ9346011
374,U1523,B,1,H,5,7.1,7.200,7.100,7.200,Sulfur,S 182.562,27.23019339,,,LIQ9346011
374,U1523,B,1,H,5,7.1,7.200,7.100,7.200,Silicon,Si 288.158,639.7294411,,,LIQ9346011
374,U1523,B,1,H,5,7.1,7.200,7.100,7.200,Strontium,Sr 421.552,84.56973294,,,LIQ9346011
374,U1523,B,1,H,5,7.2,7.300,7.200,7.300,Calcium,Ca 317.933,9.630738523,,,LIQ9345851
374,U1523,B,1,H,5,7.2,7.300,7.200,7.300,Potassium,K 766.491,11.40664962,,,LIQ9345851
374,U1523,B,1,H,5,7.2,7.300,7.200,7.300,Lithium,Li 670.783,23.05143351,,,LIQ9345851
374,U1523,B,1,H,5,7.2,7.300,7.200,7.300,Magnesium,Mg 279.553,40.76511724,,,LIQ9345851
374,U1523,B,1,H,5,7.2,7.300,7.200,7.300,Manganese,Mn 257.610,14.19730615,,,LIQ9345851
374,U1523,B,1,H,5,7.2,7.300,7.200,7.300,Sodium,Na 589.592,436.3636364,,,LIQ9345851
374,U1523,B,1,H,5,7.2,7.300,7.200,7.300,Sulfur,S 182.562,27.07423581,,,LIQ9345851
374,U1523,B,1,H,5,7.2,7.300,7.200,7.300,Silicon,Si 288.158,694.1972232,,,LIQ9345851
374,U1523,B,1,H,5,7.2,7.300,7.200,7.300,Strontium,Sr 421.552,84.68386213,,,LIQ9345851
374,U1523,B,1,H,6,7.5,7.600,7.500,7.600,Calcium,Ca 317.933,9.580838323,,,LIQ9340221
374,U1523,B,1,H,6,7.5,7.600,7.500,7.600,Potassium,K 766.491,11.53452685,,,LIQ9340221
374,U1523,B,1,H,6,7.5,7.600,7.500,7.600,Lithium,Li 670.783,23.05143351,,,LIQ9340221
374,U1523,B,1,H,6,7.5,7.600,7.500,7.600,Magnesium,Mg 279.553,42.73961333,,,LIQ9340221
374,U1523,B,1,H,6,7.5,7.600,7.500,7.600,Manganese,Mn 257.610,13.46923917,,,LIQ9340221
374,U1523,B,1,H,6,7.5,7.600,7.500,7.600,Sodium,Na 589.592,438.1035233,,,LIQ9340221
374,U1523,B,1,H,6,7.5,7.600,7.500,7.600,Sulfur,S 182.562,26.38802246,,,LIQ9340221
374,U1523,B,1,H,6,7.5,7.600,7.500,7.600,Silicon,Si 288.158,736.5610538,,,LIQ9340221
374,U1523,B,1,H,6,7.5,7.600,7.500,7.600,Strontium,Sr 421.552,84.34147455,,,LIQ9340221
374,U1523,B,1,H,6,7.6,7.700,7.600,7.700,Calcium,Ca 317.933,9.605788423,,,LIQ9345021
374,U1523,B,1,H,6,7.6,7.700,7.600,7.700,Potassium,K 766.491,11.20204604,,,LIQ9345021
374,U1523,B,1,H,6,7.6,7.700,7.600,7.700,Lithium,Li 670.783,21.61071892,,,LIQ9345021
374,U1523,B,1,H,6,7.6,7.700,7.600,7.700,Magnesium,Mg 279.553,40.43603455,,,LIQ9345021
374,U1523,B,1,H,6,7.6,7.700,7.600,7.700,Manganese,Mn 257.610,14.19730615,,,LIQ9345021
374,U1523,B,1,H,6,7.6,7.700,7.600,7.700,Sodium,Na 589.592,434.2322749,,,LIQ9345021
374,U1523,B,1,H,6,7.6,7.700,7.600,7.700,Sulfur,S 182.562,26.73112913,,,LIQ9345021
374,U1523,B,1,H,6,7.6,7.700,7.600,7.700,Silicon,Si 288.158,723.745105,,,LIQ9345021
374,U1523,B,1,H,6,7.6,7.700,7.600,7.700,Strontium,Sr 421.552,84.34147455,,,LIQ9345021
374,U1523,B,1,H,6,7.9,8.000,7.900,8.000,Calcium,Ca 317.933,9.855289421,,,LIQ9340791
374,U1523,B,1,H,6,7.9,8.000,7.900,8.000,Potassium,K 766.491,11.53452685,,,LIQ9340791
374,U1523,B,1,H,6,7.9,8.000,7.900,8.000,Lithium,Li 670.783,23.05143351,,,LIQ9340791
374,U1523,B,1,H,6,7.9,8.000,7.900,8.000,Magnesium,Mg 279.553,42.16371863,,,LIQ9340791
374,U1523,B,1,H,6,7.9,8.000,7.900,8.000,Manganese,Mn 257.610,15.65344012,,,LIQ9340791
374,U1523,B,1,H,6,7.9,8.000,7.900,8.000,Sodium,Na 589.592,442.7577207,,,LIQ9340791
374,U1523,B,1,H,6,7.9,8.000,7.900,8.000,Sulfur,S 182.562,27.448534,,,LIQ9340791
374,U1523,B,1,H,6,7.9,8.000,7.900,8.000,Silicon,Si 288.158,789.6048416,,,LIQ9340791
374,U1523,B,1,H,6,7.9,8.000,7.900,8.000,Strontium,Sr 421.552,86.62405843,,,LIQ9340791
374,U1523,B,1,H,6,8,8.100,8.000,8.100,Calcium,Ca 317.933,9.8053892220,,,LIQ9345681
374,U1523,B,1,H,6,8,8.100,8.000,8.100,Potassium,K 766.491,12.42966752,,,LIQ9345681
374,U1523,B,1,H,6,8,8.100,8.000,8.100,Lithium,Li 670.783,23.05143351,,,LIQ9345681
374,U1523,B,1,H,6,8,8.100,8.000,8.100,Magnesium,Mg 279.553,41.4232826,,,LIQ9345681
374,U1523,B,1,H,6,8,8.100,8.000,8.100,Manganese,Mn 257.610,12.74117219,,,LIQ9345681
374,U1523,B,1,H,6,8,8.100,8.000,8.100,Sodium,Na 589.592,449.4127882,,,LIQ9345681
374,U1523,B,1,H,6,8,8.100,8.000,8.100,Sulfur,S 182.562,27.04304429,,,LIQ9345681
374,U1523,B,1,H,6,8,8.100,8.000,8.100,Silicon,Si 288.158,678.1772873,,,LIQ9345681
374,U1523,B,1,H,6,8,8.100,8.000,8.100,Strontium,Sr 421.552,86.50992924,,,LIQ9345681
374,U1523,B,1,H,6,8,8.100,8.000,8.100,Calcium,Ca 317.933,9.630738523,,,LIQ9345681
374,U1523,B,1,H,6,8,8.100,8.000,8.100,Potassium,K 766.491,12.42966752,,,LIQ9345681
374,U1523,B,1,H,6,8,8.100,8.000,8.100,Lithium,Li 670.783,23.05143351,,,LIQ9345681
374,U1523,B,1,H,6,8,8.100,8.000,8.100,Magnesium,Mg 279.553,41.71122995,,,LIQ9345681
374,U1523,B,1,H,6,8,8.100,8.000,8.100,Manganese,Mn 257.610,12.55915544,,,LIQ9345681
374,U1523,B,1,H,6,8,8.100,8.000,8.100,Sodium,Na 589.592,445.7155285,,,LIQ9345681
374,U1523,B,1,H,6,8,8.100,8.000,8.100,Sulfur,S 182.562,26.94946974,,,LIQ9345681
374,U1523,B,1,H,6,8,8.100,8.000,8.100,Silicon,Si 288.158,678.8892844,,,LIQ9345681
374,U1523,B,1,H,6,8,8.100,8.000,8.100,Strontium,Sr 421.552,86.39580005,,,LIQ9345681
374,U1523,B,1,H,6,8.1,8.200,8.100,8.200,Calcium,Ca 317.933,9.730538922,,,LIQ9345611
374,U1523,B,1,H,6,8.1,8.200,8.100,8.200,Potassium,K 766.491,11.58567775,,,LIQ9345611
374,U1523,B,1,H,6,8.1,8.200,8.100,8.200,Lithium,Li 670.783,23.05143351,,,LIQ9345611
374,U1523,B,1,H,6,8.1,8.200,8.100,8.200,Magnesium,Mg 279.553,39.53105718,,,LIQ9345611
374,U1523,B,1,H,6,8.1,8.200,8.100,8.200,Manganese,Mn 257.610,15.83545686,,,LIQ9345611
374,U1523,B,1,H,6,8.1,8.200,8.100,8.200,,,,,,LIQ9345611
374,U1523,B,1,H,6,8.1,8.200,8.100,8.200,Sodium,Na 589.592,444.2801218,,,LIQ9345611
374,U1523,B,1,H,6,8.1,8.200,8.100,8.200,Sulfur,S 182.562,27.19900187,,,LIQ9345611
374,U1523,B,1,H,6,8.1,8.200,8.100,8.200,Silicon,Si 288.158,727.6610894,,,LIQ9345611
374,U1523,B,1,H,6,8.1,8.200,8.100,8.200,Strontium,Sr 421.552,86.50992924,,,LIQ9345611
374,U1523,B,5,F,2,59.08,59.130,59.080,59.130,Calcium,Ca 317.933,11.12774451,,,LIQ9341221
374,U1523,B,5,F,2,59.08,59.130,59.080,59.130,Potassium,K 766.491,10.07672634,,,LIQ9341221
374,U1523,B,5,F,2,59.08,59.130,59.080,59.130,Lithium,Li 670.783,23.05143351,,,LIQ9341221
374,U1523,B,5,F,2,59.08,59.130,59.080,59.130,Magnesium,Mg 279.553,40.31262855,,,LIQ9341221
374,U1523,B,5,F,2,59.08,59.130,59.080,59.130,Manganese,Mn 257.610,25.84637787,,,LIQ9341221
374,U1523,B,5,F,2,59.08,59.130,59.080,59.130,Sodium,Na 589.592,444.1496303,,,LIQ9341221
374,U1523,B,5,F,2,59.08,59.130,59.080,59.130,Sulfur,S 182.562,20.14971928,,,LIQ9341221
374,U1523,B,5,F,2,59.08,59.130,59.080,59.130,Silicon,Si 288.158,831.256675,,,LIQ9341221
374,U1523,B,5,F,2,59.08,59.130,59.080,59.130,Strontium,Sr 421.552,99.292399,,,LIQ9341221
374,U1523,B,7,F,2,68.41,68.510,68.350,68.448,Calcium,Ca 317.933,11.07784431,,,LIQ9341741
374,U1523,B,7,F,2,68.41,68.510,68.350,68.448,Potassium,K 766.491,9.872122762,,,LIQ9341741
374,U1523,B,7,F,2,68.41,68.510,68.350,68.448,Lithium,Li 670.783,23.05143351,,,LIQ9341741
374,U1523,B,7,F,2,68.41,68.510,68.350,68.448,Magnesium,Mg 279.553,39.16083916,,,LIQ9341741
374,U1523,B,7,F,2,68.41,68.510,68.350,68.448,Manganese,Mn 257.610,29.66872952,,,LIQ9341741
374,U1523,B,7,F,2,68.41,68.510,68.350,68.448,Sodium,Na 589.592,444.1931274,,,LIQ9341741
374,U1523,B,7,F,2,68.41,68.510,68.350,68.448,Sulfur,S 182.562,18.621335,,,LIQ9341741
374,U1523,B,7,F,2,68.41,68.510,68.350,68.448,Silicon,Si 288.158,803.488786,,,LIQ9341741
374,U1523,B,7,F,2,68.41,68.510,68.350,68.448,Strontium,Sr 421.552,100.3195617,,,LIQ9341741
374,U1523,B,10,F,2,82.34,82.390,82.340,82.390,Calcium,Ca 317.933,11.02794411,,,LIQ9342711
374,U1523,B,10,F,2,82.34,82.390,82.340,82.390,Potassium,K 766.491,9.718670077,,,LIQ9342711
374,U1523,B,10,F,2,82.34,82.390,82.340,82.390,Lithium,Li 670.783,25.9328627,,,LIQ9342711
374,U1523,B,10,F,2,82.34,82.390,82.340,82.390,Magnesium,Mg 279.553,37.63883176,,,LIQ9342711
374,U1523,B,10,F,2,82.34,82.390,82.340,82.390,Manganese,Mn 257.610,32.7630142,,,LIQ9342711
374,U1523,B,10,F,2,82.34,82.390,82.340,82.390,Sodium,Na 589.592,449.8477599,,,LIQ9342711
374,U1523,B,10,F,2,82.34,82.390,82.340,82.390,Sulfur,S 182.562,17.31129133,,,LIQ9342711
374,U1523,B,10,F,2,82.34,82.390,82.340,82.390,Silicon,Si 288.158,854.752581,,,LIQ9342711
374,U1523,B,10,F,2,82.34,82.390,82.340,82.390,Strontium,Sr 421.552,103.2869208,,,LIQ9342711
374,U1523,B,20,F,2,130.4,130.500,130.381,130.480,Calcium,Ca 317.933,10.92814371,,,LIQ9346871
374,U1523,B,20,F,2,130.4,130.500,130.381,130.480,Potassium,K 766.491,9.232736573,,,LIQ9346871
374,U1523,B,20,F,2,130.4,130.500,130.381,130.480,Lithium,Li 670.783,43.22143783,,,LIQ9346871
374,U1523,B,20,F,2,130.4,130.500,130.381,130.480,Magnesium,Mg 279.553,35.08844097,,,LIQ9346871
374,U1523,B,20,F,2,130.4,130.500,130.381,130.480,Manganese,Mn 257.610,28.21259556,,,LIQ9346871
374,U1523,B,20,F,2,130.4,130.500,130.381,130.480,Sodium,Na 589.592,447.2379295,,,LIQ9346871
374,U1523,B,20,F,2,130.4,130.500,130.381,130.480,Sulfur,S 182.562,12.28945727,,,LIQ9346871
374,U1523,B,20,F,2,130.4,130.500,130.381,130.480,Silicon,Si 288.158,1019.223923,,,LIQ9346871
374,U1523,B,20,F,2,130.4,130.500,130.381,130.480,Strontium,Sr 421.552,116.7541657,,,LIQ9346871
