Exp,Site,Hole,Core,Type,Sect,Offset (cm),Depth CSF-A (m),Depth CSF-B (m),Depth CCSF-379-U1533-ABCD-20191030 (m),NGR total counts (cps),Absolute error (cps),NGR zip file,Timestamp (UTC),Text ID,Test No.,Sample comments,Test comments,Result comments
379,U1533,D,1,H,1,0.0,0,0.000,0.000,45.365,2.677,379-NGR-48405061-379-u1533d-1h-1_sect9778011_20190228155209.zip,2019-02-28 21:52:09,SECT9778011,113189471,,,
379,U1533,D,1,H,1,10.0,0.1,0.100,0.100,43.445,0.869,,2019-02-28 21:52:09,SECT9778011,113189471,,,
379,U1533,D,1,H,1,20.0,0.2,0.200,0.200,42.688,0.422,,2019-02-28 21:52:09,SECT9778011,113189471,,,
379,U1533,D,1,H,1,30.0,0.3,0.300,0.300,42.864,0.423,,2019-02-28 21:52:09,SECT9778011,113189471,,,
379,U1533,D,1,H,1,40.0,0.4,0.400,0.400,39.627,0.394,,2019-02-28 21:52:09,SECT9778011,113189471,,,
379,U1533,D,1,H,1,50.0,0.5,0.500,0.500,37.354,0.385,,2019-02-28 21:52:09,SECT9778011,113189471,,,
379,U1533,D,1,H,1,60.0,0.6,0.600,0.600,37.418,0.385,,2019-02-28 21:52:09,SECT9778011,113189471,,,
379,U1533,D,1,H,1,70.0,0.7,0.700,0.700,40.464,0.398,,2019-02-28 21:52:09,SECT9778011,113189471,,,
379,U1533,D,1,H,1,80.0,0.8,0.800,0.800,42.645,0.408,,2019-02-28 21:52:09,SECT9778011,113189471,,,
379,U1533,D,1,H,1,90.0,0.9,0.900,0.900,45.439,0.419,,2019-02-28 21:52:09,SECT9778011,113189471,,,
379,U1533,D,1,H,1,100.0,1,1.000,1.000,48.936,0.432,,2019-02-28 21:52:09,SECT9778011,113189471,,,
379,U1533,D,1,H,1,110.0,1.1,1.100,1.100,49.096,0.433,,2019-02-28 21:52:09,SECT9778011,113189471,,,
379,U1533,D,1,H,1,120.0,1.2,1.200,1.200,47.048,0.418,,2019-02-28 21:52:09,SECT9778011,113189471,,,
379,U1533,D,1,H,1,130.0,1.3,1.300,1.300,45.785,0.413,,2019-02-28 21:52:09,SECT9778011,113189471,,,
379,U1533,D,1,H,1,140.0,1.4,1.400,1.400,44.864,0.893,,2019-02-28 21:52:09,SECT9778011,113189471,,,
379,U1533,D,1,H,1,150.0,1.5,1.500,1.500,37.716,2.244,,2019-02-28 21:52:09,SECT9778011,113189471,,,
379,U1533,D,1,H,2,0.0,1.5,0.750,1.500,59.717,3.493,379-NGR-48405291-379-u1533d-1h-2_sect9778041_20190228160343.zip,2019-02-28 22:03:43,SECT9778041,113189561,,,
379,U1533,D,1,H,2,10.0,1.6,0.800,1.600,55.875,1.081,,2019-02-28 22:03:43,SECT9778041,113189561,,,
379,U1533,D,1,H,2,20.0,1.7,0.850,1.700,57.954,0.478,,2019-02-28 22:03:43,SECT9778041,113189561,,,
379,U1533,D,1,H,2,30.0,1.8,0.900,1.800,60.304,0.487,,2019-02-28 22:03:43,SECT9778041,113189561,,,
379,U1533,D,1,H,2,40.0,1.9,0.950,1.900,60.217,0.474,,2019-02-28 22:03:43,SECT9778041,113189561,,,
379,U1533,D,1,H,2,50.0,2,1.000,2.000,59.561,0.471,,2019-02-28 22:03:43,SECT9778041,113189561,,,
379,U1533,D,1,H,2,60.0,2.1,1.050,2.100,59.801,0.472,,2019-02-28 22:03:43,SECT9778041,113189561,,,
379,U1533,D,1,H,2,70.0,2.2,1.100,2.200,57.681,0.465,,2019-02-28 22:03:43,SECT9778041,113189561,,,
379,U1533,D,1,H,2,80.0,2.3,1.150,2.300,57.039,0.463,,2019-02-28 22:03:43,SECT9778041,113189561,,,
379,U1533,D,1,H,2,90.0,2.4,1.200,2.400,55.542,0.457,,2019-02-28 22:03:43,SECT9778041,113189561,,,
379,U1533,D,1,H,2,100.0,2.5,1.250,2.500,57.586,0.464,,2019-02-28 22:03:43,SECT9778041,113189561,,,
379,U1533,D,1,H,2,110.0,2.6,1.300,2.600,59.609,0.472,,2019-02-28 22:03:43,SECT9778041,113189561,,,
379,U1533,D,1,H,2,120.0,2.7,1.350,2.700,60.335,0.468,,2019-02-28 22:03:43,SECT9778041,113189561,,,
379,U1533,D,1,H,2,130.0,2.8,1.400,2.800,57.731,0.459,,2019-02-28 22:03:43,SECT9778041,113189561,,,
379,U1533,D,1,H,2,140.0,2.9,1.450,2.900,54.242,1.053,,2019-02-28 22:03:43,SECT9778041,113189561,,,
379,U1533,D,1,H,2,150.0,3,1.500,3.000,45.186,2.667,,2019-02-28 22:03:43,SECT9778041,113189561,,,
379,U1533,D,1,H,3,0.0,3,2.206,3.000,47.654,2.807,379-NGR-48405331-379-u1533d-1h-3_sect9778071_20190228163524.zip,2019-02-28 22:35:24,SECT9778071,113189571,,,
379,U1533,D,1,H,3,10.0,3.1,2.280,3.100,52.303,1.020,,2019-02-28 22:35:24,SECT9778071,113189571,,,
379,U1533,D,1,H,3,20.0,3.2,2.353,3.200,51.361,0.455,,2019-02-28 22:35:24,SECT9778071,113189571,,,
379,U1533,D,1,H,3,30.0,3.3,2.427,3.300,50.524,0.452,,2019-02-28 22:35:24,SECT9778071,113189571,,,
379,U1533,D,1,H,3,40.0,3.4,2.500,3.400,46.427,0.422,,2019-02-28 22:35:24,SECT9778071,113189571,,,
379,U1533,D,1,H,3,50.0,3.5,2.574,3.500,44.117,0.413,,2019-02-28 22:35:24,SECT9778071,113189571,,,
379,U1533,D,1,H,3,60.0,3.6,2.647,3.600,44.704,0.415,,2019-02-28 22:35:24,SECT9778071,113189571,,,
379,U1533,D,1,H,3,70.0,3.7,2.721,3.700,44.108,0.413,,2019-02-28 22:35:24,SECT9778071,113189571,,,
379,U1533,D,1,H,3,80.0,3.8,2.794,3.800,43.959,0.413,,2019-02-28 22:35:24,SECT9778071,113189571,,,
379,U1533,D,1,H,3,90.0,3.9,2.868,3.900,45.782,0.591,,2019-02-28 22:35:24,SECT9778071,113189571,,,
379,U1533,D,1,H,3,100.0,4,2.941,4.000,48.000,0.684,,2019-02-28 22:35:24,SECT9778071,113189571,,,
379,U1533,D,1,H,4,0.0,4.08,3.565,4.080,43.083,2.548,379-NGR-48405371-379-u1533d-1h-4_sect9778101_20190228164652.zip,2019-02-28 22:46:52,SECT9778101,113189581,,,
379,U1533,D,1,H,4,10.0,4.18,3.652,4.180,35.009,0.725,,2019-02-28 22:46:52,SECT9778101,113189581,,,
379,U1533,D,1,H,4,20.0,4.28,3.740,4.280,33.158,0.382,,2019-02-28 22:46:52,SECT9778101,113189581,,,
379,U1533,D,1,H,4,30.0,4.38,3.827,4.380,35.341,0.392,,2019-02-28 22:46:52,SECT9778101,113189581,,,
379,U1533,D,1,H,4,40.0,4.48,3.914,4.480,34.910,0.504,,2019-02-28 22:46:52,SECT9778101,113189581,,,
379,U1533,D,1,H,4,50.0,4.58,4.001,4.580,35.619,0.623,,2019-02-28 22:46:52,SECT9778101,113189581,,,
379,U1533,D,2,H,1,0.0,4.8,4.800,7.980,27.416,1.663,379-NGR-48405651-379-u1533d-2h-1_sect9778471_20190228173612.zip,2019-02-28 23:36:12,SECT9778471,113189761,,,
379,U1533,D,2,H,1,10.0,4.9,4.900,8.080,27.603,0.600,,2019-02-28 23:36:12,SECT9778471,113189761,,,
379,U1533,D,2,H,1,20.0,5,5.000,8.180,32.011,0.377,,2019-02-28 23:36:12,SECT9778471,113189761,,,
379,U1533,D,2,H,1,30.0,5.1,5.100,8.280,33.678,0.385,,2019-02-28 23:36:12,SECT9778471,113189761,,,
379,U1533,D,2,H,1,40.0,5.2,5.200,8.380,28.777,0.346,,2019-02-28 23:36:12,SECT9778471,113189761,,,
379,U1533,D,2,H,1,50.0,5.3,5.300,8.480,26.421,0.334,,2019-02-28 23:36:12,SECT9778471,113189761,,,
379,U1533,D,2,H,1,60.0,5.4,5.400,8.580,23.544,0.319,,2019-02-28 23:36:12,SECT9778471,113189761,,,
379,U1533,D,2,H,1,70.0,5.5,5.500,8.680,25.438,0.329,,2019-02-28 23:36:12,SECT9778471,113189761,,,
379,U1533,D,2,H,1,80.0,5.6,5.600,8.780,24.769,0.326,,2019-02-28 23:36:12,SECT9778471,113189761,,,
379,U1533,D,2,H,1,90.0,5.7,5.700,8.880,26.479,0.335,,2019-02-28 23:36:12,SECT9778471,113189761,,,
379,U1533,D,2,H,1,100.0,5.8,5.800,8.980,29.252,0.348,,2019-02-28 23:36:12,SECT9778471,113189761,,,
379,U1533,D,2,H,1,110.0,5.9,5.900,9.080,29.066,0.347,,2019-02-28 23:36:12,SECT9778471,113189761,,,
379,U1533,D,2,H,1,120.0,6,6.000,9.180,29.911,0.343,,2019-02-28 23:36:12,SECT9778471,113189761,,,
379,U1533,D,2,H,1,130.0,6.1,6.100,9.280,28.778,0.337,,2019-02-28 23:36:12,SECT9778471,113189761,,,
379,U1533,D,2,H,1,140.0,6.2,6.200,9.380,29.432,0.631,,2019-02-28 23:36:12,SECT9778471,113189761,,,
379,U1533,D,2,H,1,150.0,6.3,6.300,9.480,24.796,1.517,,2019-02-28 23:36:12,SECT9778471,113189761,,,
379,U1533,D,2,H,2,0.0,6.3,5.547,9.480,23.875,1.465,379-NGR-48405851-379-u1533d-2h-2_sect9778501_20190228174803.zip,2019-02-28 23:48:03,SECT9778501,113189841,,,
379,U1533,D,2,H,2,10.0,6.4,5.597,9.580,18.411,0.448,,2019-02-28 23:48:03,SECT9778501,113189841,,,
379,U1533,D,2,H,2,20.0,6.5,5.647,9.680,14.531,0.290,,2019-02-28 23:48:03,SECT9778501,113189841,,,
379,U1533,D,2,H,2,30.0,6.6,5.697,9.780,13.994,0.287,,2019-02-28 23:48:03,SECT9778501,113189841,,,
379,U1533,D,2,H,2,40.0,6.7,5.746,9.880,14.934,0.271,,2019-02-28 23:48:03,SECT9778501,113189841,,,
379,U1533,D,2,H,2,50.0,6.8,5.796,9.980,15.504,0.274,,2019-02-28 23:48:03,SECT9778501,113189841,,,
379,U1533,D,2,H,2,60.0,6.9,5.846,10.080,16.394,0.280,,2019-02-28 23:48:03,SECT9778501,113189841,,,
379,U1533,D,2,H,2,70.0,7,5.896,10.180,17.338,0.285,,2019-02-28 23:48:03,SECT9778501,113189841,,,
379,U1533,D,2,H,2,80.0,7.1,5.946,10.280,19.565,0.299,,2019-02-28 23:48:03,SECT9778501,113189841,,,
379,U1533,D,2,H,2,90.0,7.2,5.996,10.380,21.559,0.310,,2019-02-28 23:48:03,SECT9778501,113189841,,,
379,U1533,D,2,H,2,100.0,7.3,6.046,10.480,26.936,0.337,,2019-02-28 23:48:03,SECT9778501,113189841,,,
379,U1533,D,2,H,2,110.0,7.4,6.096,10.580,34.146,0.371,,2019-02-28 23:48:03,SECT9778501,113189841,,,
379,U1533,D,2,H,2,120.0,7.5,6.145,10.680,37.211,0.377,,2019-02-28 23:48:03,SECT9778501,113189841,,,
379,U1533,D,2,H,2,130.0,7.6,6.195,10.780,32.525,0.355,,2019-02-28 23:48:03,SECT9778501,113189841,,,
379,U1533,D,2,H,2,140.0,7.7,6.245,10.880,31.124,0.706,,2019-02-28 23:48:03,SECT9778501,113189841,,,
379,U1533,D,2,H,2,150.0,7.8,6.295,10.980,29.282,1.675,,2019-02-28 23:48:03,SECT9778501,113189841,,,
379,U1533,D,2,H,3,0.0,7.81,6.809,10.990,38.156,2.269,379-NGR-48406141-379-u1533d-2h-3_sect9778531_20190228175942.zip,2019-02-28 23:59:42,SECT9778531,113189921,,,
379,U1533,D,2,H,3,10.0,7.91,6.876,11.090,32.767,0.687,,2019-02-28 23:59:42,SECT9778531,113189921,,,
379,U1533,D,2,H,3,20.0,8.01,6.942,11.190,31.728,0.376,,2019-02-28 23:59:42,SECT9778531,113189921,,,
379,U1533,D,2,H,3,30.0,8.11,7.009,11.290,32.058,0.378,,2019-02-28 23:59:42,SECT9778531,113189921,,,
379,U1533,D,2,H,3,40.0,8.21,7.076,11.390,31.434,0.358,,2019-02-28 23:59:42,SECT9778531,113189921,,,
379,U1533,D,2,H,3,50.0,8.31,7.143,11.490,29.311,0.348,,2019-02-28 23:59:42,SECT9778531,113189921,,,
379,U1533,D,2,H,3,60.0,8.41,7.209,11.590,30.631,0.354,,2019-02-28 23:59:42,SECT9778531,113189921,,,
379,U1533,D,2,H,3,70.0,8.51,7.276,11.690,34.964,0.374,,2019-02-28 23:59:42,SECT9778531,113189921,,,
379,U1533,D,2,H,3,80.0,8.61,7.343,11.790,35.959,0.379,,2019-02-28 23:59:42,SECT9778531,113189921,,,
379,U1533,D,2,H,3,90.0,8.71,7.410,11.890,31.352,0.359,,2019-02-28 23:59:42,SECT9778531,113189921,,,
379,U1533,D,2,H,3,100.0,8.81,7.476,11.990,27.106,0.338,,2019-02-28 23:59:42,SECT9778531,113189921,,,
379,U1533,D,2,H,3,110.0,8.91,7.543,12.090,24.966,0.327,,2019-02-28 23:59:42,SECT9778531,113189921,,,
379,U1533,D,2,H,3,120.0,9.01,7.610,12.190,24.425,0.315,,2019-02-28 23:59:42,SECT9778531,113189921,,,
379,U1533,D,2,H,3,130.0,9.11,7.677,12.290,24.858,0.317,,2019-02-28 23:59:42,SECT9778531,113189921,,,
379,U1533,D,2,H,3,140.0,9.21,7.743,12.390,23.059,0.525,,2019-02-28 23:59:42,SECT9778531,113189921,,,
379,U1533,D,2,H,3,150.0,9.31,7.810,12.490,19.818,1.240,,2019-02-28 23:59:42,SECT9778531,113189921,,,
379,U1533,D,2,H,4,0.0,9.31,8.184,12.490,18.282,1.155,379-NGR-48406181-379-u1533d-2h-4_sect9778561_20190228181208.zip,2019-03-01 00:12:08,SECT9778561,113189931,,,
379,U1533,D,2,H,4,10.0,9.41,8.259,12.590,16.347,0.414,,2019-03-01 00:12:08,SECT9778561,113189931,,,
379,U1533,D,2,H,4,20.0,9.51,8.334,12.690,14.904,0.292,,2019-03-01 00:12:08,SECT9778561,113189931,,,
379,U1533,D,2,H,4,30.0,9.61,8.409,12.790,14.934,0.292,,2019-03-01 00:12:08,SECT9778561,113189931,,,
379,U1533,D,2,H,4,40.0,9.71,8.484,12.890,14.237,0.266,,2019-03-01 00:12:08,SECT9778561,113189931,,,
379,U1533,D,2,H,4,50.0,9.81,8.559,12.990,14.304,0.267,,2019-03-01 00:12:08,SECT9778561,113189931,,,
379,U1533,D,2,H,4,60.0,9.91,8.634,13.090,14.858,0.270,,2019-03-01 00:12:08,SECT9778561,113189931,,,
379,U1533,D,2,H,4,70.0,10.01,8.709,13.190,15.901,0.277,,2019-03-01 00:12:08,SECT9778561,113189931,,,
379,U1533,D,2,H,4,80.0,10.11,8.785,13.290,16.079,0.279,,2019-03-01 00:12:08,SECT9778561,113189931,,,
379,U1533,D,2,H,4,90.0,10.21,8.860,13.390,15.969,0.278,,2019-03-01 00:12:08,SECT9778561,113189931,,,
379,U1533,D,2,H,4,100.0,10.31,8.935,13.490,16.419,0.280,,2019-03-01 00:12:08,SECT9778561,113189931,,,
379,U1533,D,2,H,4,110.0,10.41,9.010,13.590,16.636,0.282,,2019-03-01 00:12:08,SECT9778561,113189931,,,
379,U1533,D,2,H,4,120.0,10.51,9.085,13.690,15.171,0.262,,2019-03-01 00:12:08,SECT9778561,113189931,,,
379,U1533,D,2,H,4,130.0,10.61,9.160,13.790,15.228,0.262,,2019-03-01 00:12:08,SECT9778561,113189931,,,
379,U1533,D,2,H,4,140.0,10.71,9.235,13.890,14.034,0.376,,2019-03-01 00:12:08,SECT9778561,113189931,,,
379,U1533,D,2,H,4,150.0,10.81,9.310,13.990,12.806,0.859,,2019-03-01 00:12:08,SECT9778561,113189931,,,
379,U1533,D,2,H,5,0.0,10.81,9.880,13.990,15.957,1.028,379-NGR-48406591-379-u1533d-2h-5_sect9778591_20190228184845.zip,2019-03-01 00:48:45,SECT9778591,113190061,,,
379,U1533,D,2,H,5,10.0,10.91,9.965,14.090,14.789,0.388,,2019-03-01 00:48:45,SECT9778591,113190061,,,
379,U1533,D,2,H,5,20.0,11.01,10.049,14.190,13.768,0.286,,2019-03-01 00:48:45,SECT9778591,113190061,,,
379,U1533,D,2,H,5,30.0,11.11,10.134,14.290,14.161,0.288,,2019-03-01 00:48:45,SECT9778591,113190061,,,
379,U1533,D,2,H,5,40.0,11.21,10.218,14.390,13.664,0.263,,2019-03-01 00:48:45,SECT9778591,113190061,,,
379,U1533,D,2,H,5,50.0,11.31,10.303,14.490,13.911,0.264,,2019-03-01 00:48:45,SECT9778591,113190061,,,
379,U1533,D,2,H,5,60.0,11.41,10.387,14.590,15.388,0.274,,2019-03-01 00:48:45,SECT9778591,113190061,,,
379,U1533,D,2,H,5,70.0,11.51,10.472,14.690,16.388,0.280,,2019-03-01 00:48:45,SECT9778591,113190061,,,
379,U1533,D,2,H,5,80.0,11.61,10.556,14.790,15.915,0.278,,2019-03-01 00:48:45,SECT9778591,113190061,,,
379,U1533,D,2,H,5,90.0,11.71,10.641,14.890,16.745,0.283,,2019-03-01 00:48:45,SECT9778591,113190061,,,
379,U1533,D,2,H,5,100.0,11.81,10.725,14.990,17.449,0.433,,2019-03-01 00:48:45,SECT9778591,113190061,,,
379,U1533,D,2,H,5,110.0,11.91,10.810,15.090,15.076,0.983,,2019-03-01 00:48:45,SECT9778591,113190061,,,
379,U1533,D,2,H,6,0.0,11.91,11.357,15.090,23.427,1.440,379-NGR-48406941-379-u1533d-2h-6_sect9778621_20190228191540.zip,2019-03-01 01:15:40,SECT9778621,113190201,,,
379,U1533,D,2,H,6,10.0,12.01,11.449,15.190,21.701,0.502,,2019-03-01 01:15:40,SECT9778621,113190201,,,
379,U1533,D,2,H,6,20.0,12.11,11.541,15.290,25.158,0.346,,2019-03-01 01:15:40,SECT9778621,113190201,,,
379,U1533,D,2,H,6,30.0,12.21,11.633,15.390,32.021,0.377,,2019-03-01 01:15:40,SECT9778621,113190201,,,
379,U1533,D,2,H,6,40.0,12.31,11.726,15.490,33.691,0.369,,2019-03-01 01:15:40,SECT9778621,113190201,,,
379,U1533,D,2,H,6,50.0,12.41,11.818,15.590,32.057,0.676,,2019-03-01 01:15:40,SECT9778621,113190201,,,
379,U1533,D,2,H,6,60.0,12.51,11.910,15.690,29.345,1.772,,2019-03-01 01:15:40,SECT9778621,113190201,,,
379,U1533,D,3,H,1,0.0,12.6,12.600,19.270,21.930,1.357,379-NGR-48407321-379-u1533d-3h-1_sect9778831_20190228193135.zip,2019-03-01 01:31:35,SECT9778831,113190351,,,
379,U1533,D,3,H,1,10.0,12.7,12.700,19.370,19.543,0.466,,2019-03-01 01:31:35,SECT9778831,113190351,,,
379,U1533,D,3,H,1,20.0,12.8,12.800,19.470,25.161,0.346,,2019-03-01 01:31:35,SECT9778831,113190351,,,
379,U1533,D,3,H,1,30.0,12.9,12.900,19.570,30.118,0.369,,2019-03-01 01:31:35,SECT9778831,113190351,,,
379,U1533,D,3,H,1,40.0,13,13.000,19.670,25.791,0.331,,2019-03-01 01:31:35,SECT9778831,113190351,,,
379,U1533,D,3,H,1,50.0,13.1,13.100,19.770,21.891,0.311,,2019-03-01 01:31:35,SECT9778831,113190351,,,
379,U1533,D,3,H,1,60.0,13.2,13.200,19.870,22.994,0.316,,2019-03-01 01:31:35,SECT9778831,113190351,,,
379,U1533,D,3,H,1,70.0,13.3,13.300,19.970,23.194,0.318,,2019-03-01 01:31:35,SECT9778831,113190351,,,
379,U1533,D,3,H,1,80.0,13.4,13.400,20.070,26.339,0.334,,2019-03-01 01:31:35,SECT9778831,113190351,,,
379,U1533,D,3,H,1,90.0,13.5,13.500,20.170,26.742,0.336,,2019-03-01 01:31:35,SECT9778831,113190351,,,
379,U1533,D,3,H,1,100.0,13.6,13.600,20.270,30.612,0.355,,2019-03-01 01:31:35,SECT9778831,113190351,,,
379,U1533,D,3,H,1,110.0,13.7,13.700,20.370,33.602,0.369,,2019-03-01 01:31:35,SECT9778831,113190351,,,
379,U1533,D,3,H,1,120.0,13.8,13.800,20.470,37.051,0.376,,2019-03-01 01:31:35,SECT9778831,113190351,,,
379,U1533,D,3,H,1,130.0,13.9,13.900,20.570,38.155,0.381,,2019-03-01 01:31:35,SECT9778831,113190351,,,
379,U1533,D,3,H,1,140.0,14,14.000,20.670,36.763,0.813,,2019-03-01 01:31:35,SECT9778831,113190351,,,
379,U1533,D,3,H,1,150.0,14.1,14.100,20.770,33.988,1.927,,2019-03-01 01:31:35,SECT9778831,113190351,,,
379,U1533,D,3,H,2,0.0,14.11,13.355,20.780,47.196,2.781,379-NGR-48407801-379-u1533d-3h-2_sect9778861_20190228194353.zip,2019-03-01 01:43:53,SECT9778861,113190541,,,
379,U1533,D,3,H,2,10.0,14.21,13.405,20.880,40.523,0.819,,2019-03-01 01:43:53,SECT9778861,113190541,,,
379,U1533,D,3,H,2,20.0,14.31,13.455,20.980,37.954,0.403,,2019-03-01 01:43:53,SECT9778861,113190541,,,
379,U1533,D,3,H,2,30.0,14.41,13.505,21.080,40.351,0.413,,2019-03-01 01:43:53,SECT9778861,113190541,,,
379,U1533,D,3,H,2,40.0,14.51,13.555,21.180,42.024,0.404,,2019-03-01 01:43:53,SECT9778861,113190541,,,
379,U1533,D,3,H,2,50.0,14.61,13.605,21.280,42.054,0.405,,2019-03-01 01:43:53,SECT9778861,113190541,,,
379,U1533,D,3,H,2,60.0,14.71,13.655,21.380,46.508,0.423,,2019-03-01 01:43:53,SECT9778861,113190541,,,
379,U1533,D,3,H,2,70.0,14.81,13.705,21.480,47.518,0.427,,2019-03-01 01:43:53,SECT9778861,113190541,,,
379,U1533,D,3,H,2,80.0,14.91,13.755,21.580,42.509,0.407,,2019-03-01 01:43:53,SECT9778861,113190541,,,
379,U1533,D,3,H,2,90.0,15.01,13.805,21.680,41.679,0.404,,2019-03-01 01:43:53,SECT9778861,113190541,,,
379,U1533,D,3,H,2,100.0,15.11,13.855,21.780,42.422,0.406,,2019-03-01 01:43:53,SECT9778861,113190541,,,
379,U1533,D,3,H,2,110.0,15.21,13.905,21.880,39.949,0.396,,2019-03-01 01:43:53,SECT9778861,113190541,,,
379,U1533,D,3,H,2,120.0,15.31,13.955,21.980,41.831,0.397,,2019-03-01 01:43:53,SECT9778861,113190541,,,
379,U1533,D,3,H,2,130.0,15.41,14.005,22.080,48.195,0.423,,2019-03-01 01:43:53,SECT9778861,113190541,,,
379,U1533,D,3,H,2,140.0,15.51,14.055,22.180,45.029,0.970,,2019-03-01 01:43:53,SECT9778861,113190541,,,
379,U1533,D,3,H,2,150.0,15.61,14.105,22.280,35.915,2.030,,2019-03-01 01:43:53,SECT9778861,113190541,,,
379,U1533,D,3,H,3,0.0,15.62,14.618,22.290,30.541,1.839,379-NGR-48408261-379-u1533d-3h-3_sect9778891_20190228195538.zip,2019-03-01 01:55:38,SECT9778891,113190671,,,
379,U1533,D,3,H,3,10.0,15.72,14.685,22.390,25.695,0.569,,2019-03-01 01:55:38,SECT9778891,113190671,,,
379,U1533,D,3,H,3,20.0,15.82,14.752,22.490,21.394,0.327,,2019-03-01 01:55:38,SECT9778891,113190671,,,
379,U1533,D,3,H,3,30.0,15.92,14.818,22.590,19.568,0.318,,2019-03-01 01:55:38,SECT9778891,113190671,,,
379,U1533,D,3,H,3,40.0,16.02,14.885,22.690,19.114,0.295,,2019-03-01 01:55:38,SECT9778891,113190671,,,
379,U1533,D,3,H,3,50.0,16.12,14.952,22.790,20.364,0.302,,2019-03-01 01:55:38,SECT9778891,113190671,,,
379,U1533,D,3,H,3,60.0,16.22,15.019,22.890,21.188,0.307,,2019-03-01 01:55:38,SECT9778891,113190671,,,
379,U1533,D,3,H,3,70.0,16.32,15.086,22.990,21.041,0.306,,2019-03-01 01:55:38,SECT9778891,113190671,,,
379,U1533,D,3,H,3,80.0,16.42,15.152,23.090,19.772,0.300,,2019-03-01 01:55:38,SECT9778891,113190671,,,
379,U1533,D,3,H,3,90.0,16.52,15.219,23.190,19.809,0.300,,2019-03-01 01:55:38,SECT9778891,113190671,,,
379,U1533,D,3,H,3,100.0,16.62,15.286,23.290,21.046,0.307,,2019-03-01 01:55:38,SECT9778891,113190671,,,
379,U1533,D,3,H,3,110.0,16.72,15.353,23.390,22.082,0.312,,2019-03-01 01:55:38,SECT9778891,113190671,,,
379,U1533,D,3,H,3,120.0,16.82,15.420,23.490,23.158,0.308,,2019-03-01 01:55:38,SECT9778891,113190671,,,
379,U1533,D,3,H,3,130.0,16.92,15.486,23.590,25.888,0.323,,2019-03-01 01:55:38,SECT9778891,113190671,,,
379,U1533,D,3,H,3,140.0,17.02,15.553,23.690,30.093,0.642,,2019-03-01 01:55:38,SECT9778891,113190671,,,
379,U1533,D,3,H,3,150.0,17.12,15.620,23.790,32.469,1.947,,2019-03-01 01:55:38,SECT9778891,113190671,,,
379,U1533,D,3,H,4,0.0,17.12,15.988,23.790,41.027,2.431,379-NGR-48411761-379-u1533d-3h-4_sect9778921_20190228201124.zip,2019-03-01 02:11:24,SECT9778921,113191831,,,
379,U1533,D,3,H,4,10.0,17.22,16.063,23.890,30.833,0.655,,2019-03-01 02:11:24,SECT9778921,113191831,,,
379,U1533,D,3,H,4,20.0,17.32,16.138,23.990,20.231,0.321,,2019-03-01 02:11:24,SECT9778921,113191831,,,
379,U1533,D,3,H,4,30.0,17.42,16.213,24.090,18.184,0.310,,2019-03-01 02:11:24,SECT9778921,113191831,,,
379,U1533,D,3,H,4,40.0,17.52,16.288,24.190,19.007,0.295,,2019-03-01 02:11:24,SECT9778921,113191831,,,
379,U1533,D,3,H,4,50.0,17.62,16.363,24.290,20.904,0.305,,2019-03-01 02:11:24,SECT9778921,113191831,,,
379,U1533,D,3,H,4,60.0,17.72,16.438,24.390,22.501,0.314,,2019-03-01 02:11:24,SECT9778921,113191831,,,
379,U1533,D,3,H,4,70.0,17.82,16.513,24.490,22.491,0.314,,2019-03-01 02:11:24,SECT9778921,113191831,,,
379,U1533,D,3,H,4,80.0,17.92,16.588,24.590,24.095,0.323,,2019-03-01 02:11:24,SECT9778921,113191831,,,
379,U1533,D,3,H,4,90.0,18.02,16.663,24.690,28.732,0.346,,2019-03-01 02:11:24,SECT9778921,113191831,,,
379,U1533,D,3,H,4,100.0,18.12,16.738,24.790,33.136,0.366,,2019-03-01 02:11:24,SECT9778921,113191831,,,
379,U1533,D,3,H,4,110.0,18.22,16.813,24.890,42.646,0.407,,2019-03-01 02:11:24,SECT9778921,113191831,,,
379,U1533,D,3,H,4,120.0,18.32,16.888,24.990,49.741,0.429,,2019-03-01 02:11:24,SECT9778921,113191831,,,
379,U1533,D,3,H,4,130.0,18.42,16.963,25.090,41.808,0.397,,2019-03-01 02:11:24,SECT9778921,113191831,,,
379,U1533,D,3,H,4,140.0,18.52,17.038,25.190,26.810,0.587,,2019-03-01 02:11:24,SECT9778921,113191831,,,
379,U1533,D,3,H,4,150.0,18.62,17.113,25.290,21.099,1.311,,2019-03-01 02:11:24,SECT9778921,113191831,,,
379,U1533,D,3,H,5,0.0,18.63,17.429,25.300,23.296,1.433,379-NGR-48412251-379-u1533d-3h-5_sect9778951_20190228202251.zip,2019-03-01 02:22:51,SECT9778951,113191991,,,
379,U1533,D,3,H,5,10.0,18.73,17.509,25.400,21.105,0.492,,2019-03-01 02:22:51,SECT9778951,113191991,,,
379,U1533,D,3,H,5,20.0,18.83,17.589,25.500,20.788,0.324,,2019-03-01 02:22:51,SECT9778951,113191991,,,
379,U1533,D,3,H,5,30.0,18.93,17.669,25.600,22.961,0.335,,2019-03-01 02:22:51,SECT9778951,113191991,,,
379,U1533,D,3,H,5,40.0,19.03,17.749,25.700,26.381,0.334,,2019-03-01 02:22:51,SECT9778951,113191991,,,
379,U1533,D,3,H,5,50.0,19.13,17.829,25.800,33.381,0.367,,2019-03-01 02:22:51,SECT9778951,113191991,,,
379,U1533,D,3,H,5,60.0,19.23,17.909,25.900,43.964,0.412,,2019-03-01 02:22:51,SECT9778951,113191991,,,
379,U1533,D,3,H,5,70.0,19.33,17.989,26.000,51.391,0.441,,2019-03-01 02:22:51,SECT9778951,113191991,,,
379,U1533,D,3,H,5,80.0,19.43,18.070,26.100,51.092,0.441,,2019-03-01 02:22:51,SECT9778951,113191991,,,
379,U1533,D,3,H,5,90.0,19.53,18.150,26.200,49.499,0.435,,2019-03-01 02:22:51,SECT9778951,113191991,,,
379,U1533,D,3,H,5,100.0,19.63,18.230,26.300,48.216,0.430,,2019-03-01 02:22:51,SECT9778951,113191991,,,
379,U1533,D,3,H,5,110.0,19.73,18.310,26.400,39.856,0.396,,2019-03-01 02:22:51,SECT9778951,113191991,,,
379,U1533,D,3,H,5,120.0,19.83,18.390,26.500,29.121,0.339,,2019-03-01 02:22:51,SECT9778951,113191991,,,
379,U1533,D,3,H,5,130.0,19.93,18.470,26.600,26.641,0.327,,2019-03-01 02:22:51,SECT9778951,113191991,,,
379,U1533,D,3,H,5,140.0,20.03,18.550,26.700,28.619,0.618,,2019-03-01 02:22:51,SECT9778951,113191991,,,
379,U1533,D,3,H,5,150.0,20.13,18.630,26.800,27.375,1.661,,2019-03-01 02:22:51,SECT9778951,113191991,,,
379,U1533,D,3,H,6,0.0,20.13,19.473,26.800,41.405,2.453,379-NGR-48412851-379-u1533d-3h-6_sect9778981_20190228203432.zip,2019-03-01 02:34:32,SECT9778981,113192201,,,
379,U1533,D,3,H,6,10.0,20.23,19.564,26.900,41.507,0.836,,2019-03-01 02:34:32,SECT9778981,113192201,,,
379,U1533,D,3,H,6,20.0,20.33,19.655,27.000,47.881,0.442,,2019-03-01 02:34:32,SECT9778981,113192201,,,
379,U1533,D,3,H,6,30.0,20.43,19.747,27.100,54.628,0.467,,2019-03-01 02:34:32,SECT9778981,113192201,,,
379,U1533,D,3,H,6,40.0,20.53,19.838,27.200,54.224,0.452,,2019-03-01 02:34:32,SECT9778981,113192201,,,
379,U1533,D,3,H,6,50.0,20.63,19.929,27.300,50.217,0.437,,2019-03-01 02:34:32,SECT9778981,113192201,,,
379,U1533,D,3,H,6,60.0,20.73,20.020,27.400,47.481,0.632,,2019-03-01 02:34:32,SECT9778981,113192201,,,
379,U1533,D,3,H,6,70.0,20.83,20.112,27.500,40.769,1.293,,2019-03-01 02:34:32,SECT9778981,113192201,,,
379,U1533,D,4,H,1,0.0,21,21.000,28.780,38.156,2.269,379-NGR-48413761-379-u1533d-4h-1_sect9779191_20190228213747.zip,2019-03-01 03:37:47,SECT9779191,113193671,,,
379,U1533,D,4,H,1,10.0,21.1,21.100,28.880,30.476,0.649,,2019-03-01 03:37:47,SECT9779191,113193671,,,
379,U1533,D,4,H,1,20.0,21.2,21.200,28.980,25.981,0.350,,2019-03-01 03:37:47,SECT9779191,113193671,,,
379,U1533,D,4,H,1,30.0,21.3,21.300,29.080,23.328,0.337,,2019-03-01 03:37:47,SECT9779191,113193671,,,
379,U1533,D,4,H,1,40.0,21.4,21.400,29.180,27.662,0.340,,2019-03-01 03:37:47,SECT9779191,113193671,,,
379,U1533,D,4,H,1,50.0,21.5,21.500,29.280,27.026,0.337,,2019-03-01 03:37:47,SECT9779191,113193671,,,
379,U1533,D,4,H,1,60.0,21.6,21.600,29.380,22.854,0.316,,2019-03-01 03:37:47,SECT9779191,113193671,,,
379,U1533,D,4,H,1,70.0,21.7,21.700,29.480,21.624,0.309,,2019-03-01 03:37:47,SECT9779191,113193671,,,
379,U1533,D,4,H,1,80.0,21.8,21.800,29.580,23.152,0.318,,2019-03-01 03:37:47,SECT9779191,113193671,,,
379,U1533,D,4,H,1,90.0,21.9,21.900,29.680,25.959,0.333,,2019-03-01 03:37:47,SECT9779191,113193671,,,
379,U1533,D,4,H,1,100.0,22,22.000,29.780,35.692,0.378,,2019-03-01 03:37:47,SECT9779191,113193671,,,
379,U1533,D,4,H,1,110.0,22.1,22.100,29.880,42.716,0.408,,2019-03-01 03:37:47,SECT9779191,113193671,,,
379,U1533,D,4,H,1,120.0,22.2,22.200,29.980,34.938,0.367,,2019-03-01 03:37:47,SECT9779191,113193671,,,
379,U1533,D,4,H,1,130.0,22.3,22.300,30.080,28.755,0.337,,2019-03-01 03:37:47,SECT9779191,113193671,,,
379,U1533,D,4,H,1,140.0,22.4,22.400,30.180,28.225,0.611,,2019-03-01 03:37:47,SECT9779191,113193671,,,
379,U1533,D,4,H,1,150.0,22.5,22.500,30.280,25.726,1.569,,2019-03-01 03:37:47,SECT9779191,113193671,,,
379,U1533,D,4,H,2,0.0,22.5,21.747,30.280,46.455,2.739,379-NGR-48413961-379-u1533d-4h-2_sect9779221_20190228215950.zip,2019-03-01 03:59:50,SECT9779221,113193741,,,
379,U1533,D,4,H,2,10.0,22.6,21.797,30.380,40.408,0.817,,2019-03-01 03:59:50,SECT9779221,113193741,,,
379,U1533,D,4,H,2,20.0,22.7,21.847,30.480,27.864,0.359,,2019-03-01 03:59:50,SECT9779221,113193741,,,
379,U1533,D,4,H,2,30.0,22.8,21.897,30.580,19.314,0.316,,2019-03-01 03:59:50,SECT9779221,113193741,,,
379,U1533,D,4,H,2,40.0,22.9,21.946,30.680,17.571,0.287,,2019-03-01 03:59:50,SECT9779221,113193741,,,
379,U1533,D,4,H,2,50.0,23,21.996,30.780,17.694,0.287,,2019-03-01 03:59:50,SECT9779221,113193741,,,
379,U1533,D,4,H,2,60.0,23.1,22.046,30.880,20.068,0.301,,2019-03-01 03:59:50,SECT9779221,113193741,,,
379,U1533,D,4,H,2,70.0,23.2,22.096,30.980,22.568,0.314,,2019-03-01 03:59:50,SECT9779221,113193741,,,
379,U1533,D,4,H,2,80.0,23.3,22.146,31.080,22.289,0.314,,2019-03-01 03:59:50,SECT9779221,113193741,,,
379,U1533,D,4,H,2,90.0,23.4,22.196,31.180,21.039,0.307,,2019-03-01 03:59:50,SECT9779221,113193741,,,
379,U1533,D,4,H,2,100.0,23.5,22.246,31.280,22.026,0.312,,2019-03-01 03:59:50,SECT9779221,113193741,,,
379,U1533,D,4,H,2,110.0,23.6,22.296,31.380,24.833,0.326,,2019-03-01 03:59:50,SECT9779221,113193741,,,
379,U1533,D,4,H,2,120.0,23.7,22.345,31.480,29.808,0.342,,2019-03-01 03:59:50,SECT9779221,113193741,,,
379,U1533,D,4,H,2,130.0,23.8,22.395,31.580,30.731,0.347,,2019-03-01 03:59:50,SECT9779221,113193741,,,
379,U1533,D,4,H,2,140.0,23.9,22.445,31.680,23.656,0.566,,2019-03-01 03:59:50,SECT9779221,113193741,,,
379,U1533,D,4,H,2,150.0,24,22.495,31.780,20.008,1.184,,2019-03-01 03:59:50,SECT9779221,113193741,,,
379,U1533,D,4,H,3,0.0,24.01,23.004,31.790,28.346,1.715,379-NGR-48413721-379-u1533d-4h-3_sect9779251_20190228212601.zip,2019-03-01 03:26:01,SECT9779251,113193661,,,
379,U1533,D,4,H,3,10.0,24.11,23.071,31.890,28.272,0.612,,2019-03-01 03:26:01,SECT9779251,113193661,,,
379,U1533,D,4,H,3,20.0,24.21,23.137,31.990,27.321,0.356,,2019-03-01 03:26:01,SECT9779251,113193661,,,
379,U1533,D,4,H,3,30.0,24.31,23.204,32.090,26.834,0.354,,2019-03-01 03:26:01,SECT9779251,113193661,,,
379,U1533,D,4,H,3,40.0,24.41,23.270,32.190,28.277,0.343,,2019-03-01 03:26:01,SECT9779251,113193661,,,
379,U1533,D,4,H,3,50.0,24.51,23.337,32.290,33.987,0.370,,2019-03-01 03:26:01,SECT9779251,113193661,,,
379,U1533,D,4,H,3,60.0,24.61,23.404,32.390,40.961,0.400,,2019-03-01 03:26:01,SECT9779251,113193661,,,
379,U1533,D,4,H,3,70.0,24.71,23.470,32.490,49.184,0.433,,2019-03-01 03:26:01,SECT9779251,113193661,,,
379,U1533,D,4,H,3,80.0,24.81,23.537,32.590,44.382,0.415,,2019-03-01 03:26:01,SECT9779251,113193661,,,
379,U1533,D,4,H,3,90.0,24.91,23.604,32.690,30.359,0.354,,2019-03-01 03:26:01,SECT9779251,113193661,,,
379,U1533,D,4,H,3,100.0,25.01,23.670,32.790,25.682,0.331,,2019-03-01 03:26:01,SECT9779251,113193661,,,
379,U1533,D,4,H,3,110.0,25.11,23.737,32.890,25.912,0.332,,2019-03-01 03:26:01,SECT9779251,113193661,,,
379,U1533,D,4,H,3,120.0,25.21,23.803,32.990,28.865,0.338,,2019-03-01 03:26:01,SECT9779251,113193661,,,
379,U1533,D,4,H,3,130.0,25.31,23.870,33.090,31.198,0.349,,2019-03-01 03:26:01,SECT9779251,113193661,,,
379,U1533,D,4,H,3,140.0,25.41,23.937,33.190,32.167,0.726,,2019-03-01 03:26:01,SECT9779251,113193661,,,
379,U1533,D,4,H,3,150.0,25.51,24.003,33.290,32.088,1.825,,2019-03-01 03:26:01,SECT9779251,113193661,,,
379,U1533,D,4,H,4,0.0,25.52,24.394,33.300,51.156,3.006,379-NGR-48422351-379-u1533d-4h-4_sect9779281_20190228224258.zip,2019-03-01 04:42:58,SECT9779281,113196091,,,
379,U1533,D,4,H,4,10.0,25.62,24.469,33.400,49.050,0.964,,2019-03-01 04:42:58,SECT9779281,113196091,,,
379,U1533,D,4,H,4,20.0,25.72,24.544,33.500,47.384,0.440,,2019-03-01 04:42:58,SECT9779281,113196091,,,
379,U1533,D,4,H,4,30.0,25.82,24.619,33.600,47.334,0.440,,2019-03-01 04:42:58,SECT9779281,113196091,,,
379,U1533,D,4,H,4,40.0,25.92,24.694,33.700,51.694,0.443,,2019-03-01 04:42:58,SECT9779281,113196091,,,
379,U1533,D,4,H,4,50.0,26.02,24.769,33.800,50.364,0.438,,2019-03-01 04:42:58,SECT9779281,113196091,,,
379,U1533,D,4,H,4,60.0,26.12,24.844,33.900,37.778,0.387,,2019-03-01 04:42:58,SECT9779281,113196091,,,
379,U1533,D,4,H,4,70.0,26.22,24.919,34.000,28.784,0.346,,2019-03-01 04:42:58,SECT9779281,113196091,,,
379,U1533,D,4,H,4,80.0,26.32,24.995,34.100,28.302,0.344,,2019-03-01 04:42:58,SECT9779281,113196091,,,
379,U1533,D,4,H,4,90.0,26.42,25.070,34.200,29.895,0.352,,2019-03-01 04:42:58,SECT9779281,113196091,,,
379,U1533,D,4,H,4,100.0,26.52,25.145,34.300,34.809,0.374,,2019-03-01 04:42:58,SECT9779281,113196091,,,
379,U1533,D,4,H,4,110.0,26.62,25.220,34.400,33.166,0.367,,2019-03-01 04:42:58,SECT9779281,113196091,,,
379,U1533,D,4,H,4,120.0,26.72,25.295,34.500,28.651,0.337,,2019-03-01 04:42:58,SECT9779281,113196091,,,
379,U1533,D,4,H,4,130.0,26.82,25.370,34.600,25.778,0.322,,2019-03-01 04:42:58,SECT9779281,113196091,,,
379,U1533,D,4,H,4,140.0,26.92,25.445,34.700,24.137,0.542,,2019-03-01 04:42:58,SECT9779281,113196091,,,
379,U1533,D,4,H,4,150.0,27.02,25.520,34.800,22.892,1.410,,2019-03-01 04:42:58,SECT9779281,113196091,,,
379,U1533,D,4,H,5,0.0,27.02,25.806,34.800,31.413,1.888,379-NGR-48422451-379-u1533d-4h-5_sect9779311_20190228225548.zip,2019-03-01 04:55:48,SECT9779311,113196131,,,
379,U1533,D,4,H,5,10.0,27.12,25.886,34.900,29.989,0.641,,2019-03-01 04:55:48,SECT9779311,113196131,,,
379,U1533,D,4,H,5,20.0,27.22,25.966,35.000,31.831,0.377,,2019-03-01 04:55:48,SECT9779311,113196131,,,
379,U1533,D,4,H,5,30.0,27.32,26.046,35.100,38.371,0.404,,2019-03-01 04:55:48,SECT9779311,113196131,,,
379,U1533,D,4,H,5,40.0,27.42,26.125,35.200,45.837,0.420,,2019-03-01 04:55:48,SECT9779311,113196131,,,
379,U1533,D,4,H,5,50.0,27.52,26.205,35.300,48.084,0.429,,2019-03-01 04:55:48,SECT9779311,113196131,,,
379,U1533,D,4,H,5,60.0,27.62,26.285,35.400,45.964,0.420,,2019-03-01 04:55:48,SECT9779311,113196131,,,
379,U1533,D,4,H,5,70.0,27.72,26.365,35.500,38.204,0.388,,2019-03-01 04:55:48,SECT9779311,113196131,,,
379,U1533,D,4,H,5,80.0,27.82,26.445,35.600,31.042,0.357,,2019-03-01 04:55:48,SECT9779311,113196131,,,
379,U1533,D,4,H,5,90.0,27.92,26.525,35.700,27.412,0.340,,2019-03-01 04:55:48,SECT9779311,113196131,,,
379,U1533,D,4,H,5,100.0,28.02,26.605,35.800,29.116,0.348,,2019-03-01 04:55:48,SECT9779311,113196131,,,
379,U1533,D,4,H,5,110.0,28.12,26.685,35.900,29.729,0.351,,2019-03-01 04:55:48,SECT9779311,113196131,,,
379,U1533,D,4,H,5,120.0,28.22,26.764,36.000,30.615,0.346,,2019-03-01 04:55:48,SECT9779311,113196131,,,
379,U1533,D,4,H,5,130.0,28.32,26.844,36.100,29.401,0.340,,2019-03-01 04:55:48,SECT9779311,113196131,,,
379,U1533,D,4,H,5,140.0,28.42,26.924,36.200,28.103,0.445,,2019-03-01 04:55:48,SECT9779311,113196131,,,
379,U1533,D,4,H,5,150.0,28.52,27.004,36.300,27.164,0.914,,2019-03-01 04:55:48,SECT9779311,113196131,,,
379,U1533,D,4,H,6,0.0,28.54,27.641,36.320,37.699,2.243,379-NGR-48422891-379-u1533d-4h-6_sect9779341_20190228233514.zip,2019-03-01 05:35:14,SECT9779341,113196931,,,
379,U1533,D,4,H,6,10.0,28.64,27.729,36.420,36.537,0.751,,2019-03-01 05:35:14,SECT9779341,113196931,,,
379,U1533,D,4,H,6,20.0,28.74,27.817,36.520,41.688,0.418,,2019-03-01 05:35:14,SECT9779341,113196931,,,
379,U1533,D,4,H,6,30.0,28.84,27.905,36.620,50.324,0.451,,2019-03-01 05:35:14,SECT9779341,113196931,,,
379,U1533,D,4,H,6,40.0,28.94,27.994,36.720,51.087,0.440,,2019-03-01 05:35:14,SECT9779341,113196931,,,
379,U1533,D,4,H,6,50.0,29.04,28.082,36.820,46.694,0.423,,2019-03-01 05:35:14,SECT9779341,113196931,,,
379,U1533,D,4,H,6,60.0,29.14,28.170,36.920,56.518,0.460,,2019-03-01 05:35:14,SECT9779341,113196931,,,
379,U1533,D,4,H,6,70.0,29.24,28.258,37.020,61.654,0.479,,2019-03-01 05:35:14,SECT9779341,113196931,,,
379,U1533,D,4,H,6,80.0,29.34,28.346,37.120,60.605,0.475,,2019-03-01 05:35:14,SECT9779341,113196931,,,
379,U1533,D,4,H,6,90.0,29.44,28.434,37.220,62.350,1.302,,2019-03-01 05:35:14,SECT9779341,113196931,,,
379,U1533,D,4,H,6,100.0,29.54,28.522,37.320,61.738,3.422,,2019-03-01 05:35:14,SECT9779341,113196931,,,
379,U1533,D,4,H,7,0.0,29.56,28.999,37.340,56.723,3.323,379-NGR-48423201-379-u1533d-4h-7_sect9779371_20190228234742.zip,2019-03-01 05:47:42,SECT9779371,113197421,,,
379,U1533,D,4,H,7,10.0,29.66,29.092,37.440,35.568,0.735,,2019-03-01 05:47:42,SECT9779371,113197421,,,
379,U1533,D,4,H,7,20.0,29.76,29.186,37.540,26.224,0.351,,2019-03-01 05:47:42,SECT9779371,113197421,,,
379,U1533,D,4,H,7,30.0,29.86,29.279,37.640,26.044,0.350,,2019-03-01 05:47:42,SECT9779371,113197421,,,
379,U1533,D,4,H,7,40.0,29.96,29.373,37.740,27.580,0.432,,2019-03-01 05:47:42,SECT9779371,113197421,,,
379,U1533,D,4,H,7,50.0,30.06,29.466,37.840,28.853,0.536,,2019-03-01 05:47:42,SECT9779371,113197421,,,
379,U1533,D,5,H,1,0.0,30.5,30.500,37.810,26.726,1.624,379-NGR-48424511-379-u1533d-5h-1_sect9779561_20190301002504.zip,2019-03-01 06:25:04,SECT9779561,113198471,,,
379,U1533,D,5,H,1,10.0,30.6,30.600,37.910,26.182,0.577,,2019-03-01 06:25:04,SECT9779561,113198471,,,
379,U1533,D,5,H,1,20.0,30.7,30.700,38.010,30.384,0.370,,2019-03-01 06:25:04,SECT9779561,113198471,,,
379,U1533,D,5,H,1,30.0,30.8,30.800,38.110,34.751,0.389,,2019-03-01 06:25:04,SECT9779561,113198471,,,
379,U1533,D,5,H,1,40.0,30.9,30.900,38.210,42.264,0.405,,2019-03-01 06:25:04,SECT9779561,113198471,,,
379,U1533,D,5,H,1,50.0,31,31.000,38.310,40.887,0.400,,2019-03-01 06:25:04,SECT9779561,113198471,,,
379,U1533,D,5,H,1,60.0,31.1,31.100,38.410,33.251,0.367,,2019-03-01 06:25:04,SECT9779561,113198471,,,
379,U1533,D,5,H,1,70.0,31.2,31.200,38.510,30.528,0.354,,2019-03-01 06:25:04,SECT9779561,113198471,,,
379,U1533,D,5,H,1,80.0,31.3,31.300,38.610,30.012,0.352,,2019-03-01 06:25:04,SECT9779561,113198471,,,
379,U1533,D,5,H,1,90.0,31.4,31.400,38.710,32.572,0.364,,2019-03-01 06:25:04,SECT9779561,113198471,,,
379,U1533,D,5,H,1,100.0,31.5,31.500,38.810,39.459,0.394,,2019-03-01 06:25:04,SECT9779561,113198471,,,
379,U1533,D,5,H,1,110.0,31.6,31.600,38.910,41.669,0.403,,2019-03-01 06:25:04,SECT9779561,113198471,,,
379,U1533,D,5,H,1,120.0,31.7,31.700,39.010,48.925,0.425,,2019-03-01 06:25:04,SECT9779561,113198471,,,
379,U1533,D,5,H,1,130.0,31.8,31.800,39.110,53.038,0.441,,2019-03-01 06:25:04,SECT9779561,113198471,,,
379,U1533,D,5,H,1,140.0,31.9,31.900,39.210,46.453,0.997,,2019-03-01 06:25:04,SECT9779561,113198471,,,
379,U1533,D,5,H,1,150.0,32,32.000,39.310,38.675,2.178,,2019-03-01 06:25:04,SECT9779561,113198471,,,
379,U1533,D,5,H,2,0.0,32.01,31.255,39.320,51.251,3.012,379-NGR-48424961-379-u1533d-5h-2_sect9779591_20190301003821.zip,2019-03-01 06:38:21,SECT9779591,113198641,,,
379,U1533,D,5,H,2,10.0,32.11,31.305,39.420,48.659,0.957,,2019-03-01 06:38:21,SECT9779591,113198641,,,
379,U1533,D,5,H,2,20.0,32.21,31.355,39.520,43.768,0.426,,2019-03-01 06:38:21,SECT9779591,113198641,,,
379,U1533,D,5,H,2,30.0,32.31,31.405,39.620,35.124,0.391,,2019-03-01 06:38:21,SECT9779591,113198641,,,
379,U1533,D,5,H,2,40.0,32.41,31.455,39.720,33.151,0.366,,2019-03-01 06:38:21,SECT9779591,113198641,,,
379,U1533,D,5,H,2,50.0,32.51,31.505,39.820,34.404,0.372,,2019-03-01 06:38:21,SECT9779591,113198641,,,
379,U1533,D,5,H,2,60.0,32.61,31.555,39.920,37.704,0.386,,2019-03-01 06:38:21,SECT9779591,113198641,,,
379,U1533,D,5,H,2,70.0,32.71,31.605,40.020,38.801,0.391,,2019-03-01 06:38:21,SECT9779591,113198641,,,
379,U1533,D,5,H,2,80.0,32.81,31.655,40.120,39.422,0.394,,2019-03-01 06:38:21,SECT9779591,113198641,,,
379,U1533,D,5,H,2,90.0,32.91,31.705,40.220,40.872,0.400,,2019-03-01 06:38:21,SECT9779591,113198641,,,
379,U1533,D,5,H,2,100.0,33.01,31.755,40.320,48.999,0.433,,2019-03-01 06:38:21,SECT9779591,113198641,,,
379,U1533,D,5,H,2,110.0,33.11,31.805,40.420,60.026,0.473,,2019-03-01 06:38:21,SECT9779591,113198641,,,
379,U1533,D,5,H,2,120.0,33.21,31.855,40.520,65.111,0.485,,2019-03-01 06:38:21,SECT9779591,113198641,,,
379,U1533,D,5,H,2,130.0,33.31,31.905,40.620,60.185,0.467,,2019-03-01 06:38:21,SECT9779591,113198641,,,
379,U1533,D,5,H,2,140.0,33.41,31.955,40.720,46.032,0.989,,2019-03-01 06:38:21,SECT9779591,113198641,,,
379,U1533,D,5,H,2,150.0,33.51,32.005,40.820,40.835,2.294,,2019-03-01 06:38:21,SECT9779591,113198641,,,
379,U1533,D,5,H,3,0.0,33.52,32.513,40.830,58.786,3.440,379-NGR-48423611-379-u1533d-5h-3_sect9779621_20190301000110.zip,2019-03-01 06:01:10,SECT9779621,113198071,,,
379,U1533,D,5,H,3,10.0,33.62,32.580,40.930,50.065,0.981,,2019-03-01 06:01:10,SECT9779621,113198071,,,
379,U1533,D,5,H,3,20.0,33.72,32.646,41.030,37.081,0.399,,2019-03-01 06:01:10,SECT9779621,113198071,,,
379,U1533,D,5,H,3,30.0,33.82,32.713,41.130,32.828,0.381,,2019-03-01 06:01:10,SECT9779621,113198071,,,
379,U1533,D,5,H,3,40.0,33.92,32.780,41.230,33.667,0.368,,2019-03-01 06:01:10,SECT9779621,113198071,,,
379,U1533,D,5,H,3,50.0,34.02,32.846,41.330,42.581,0.407,,2019-03-01 06:01:10,SECT9779621,113198071,,,
379,U1533,D,5,H,3,60.0,34.12,32.913,41.430,51.588,0.442,,2019-03-01 06:01:10,SECT9779621,113198071,,,
379,U1533,D,5,H,3,70.0,34.22,32.980,41.530,56.184,0.459,,2019-03-01 06:01:10,SECT9779621,113198071,,,
379,U1533,D,5,H,3,80.0,34.32,33.047,41.630,50.059,0.437,,2019-03-01 06:01:10,SECT9779621,113198071,,,
379,U1533,D,5,H,3,90.0,34.42,33.113,41.730,41.379,0.402,,2019-03-01 06:01:10,SECT9779621,113198071,,,
379,U1533,D,5,H,3,100.0,34.52,33.180,41.830,38.196,0.389,,2019-03-01 06:01:10,SECT9779621,113198071,,,
379,U1533,D,5,H,3,110.0,34.62,33.247,41.930,35.669,0.378,,2019-03-01 06:01:10,SECT9779621,113198071,,,
379,U1533,D,5,H,3,120.0,34.72,33.313,42.030,34.168,0.363,,2019-03-01 06:01:10,SECT9779621,113198071,,,
379,U1533,D,5,H,3,130.0,34.82,33.380,42.130,33.225,0.359,,2019-03-01 06:01:10,SECT9779621,113198071,,,
379,U1533,D,5,H,3,140.0,34.92,33.447,42.230,34.056,0.762,,2019-03-01 06:01:10,SECT9779621,113198071,,,
379,U1533,D,5,H,3,150.0,35.02,33.513,42.330,36.395,2.056,,2019-03-01 06:01:10,SECT9779621,113198071,,,
379,U1533,D,5,H,4,0.0,35.03,33.892,42.340,53.889,3.162,379-NGR-48425251-379-u1533d-5h-4_sect9779651_20190301005019.zip,2019-03-01 06:50:19,SECT9779651,113198731,,,
379,U1533,D,5,H,4,10.0,35.13,33.967,42.440,54.492,1.057,,2019-03-01 06:50:19,SECT9779651,113198731,,,
379,U1533,D,5,H,4,20.0,35.23,34.042,42.540,52.838,0.460,,2019-03-01 06:50:19,SECT9779651,113198731,,,
379,U1533,D,5,H,4,30.0,35.33,34.117,42.640,52.404,0.459,,2019-03-01 06:50:19,SECT9779651,113198731,,,
379,U1533,D,5,H,4,40.0,35.43,34.191,42.740,54.307,0.452,,2019-03-01 06:50:19,SECT9779651,113198731,,,
379,U1533,D,5,H,4,50.0,35.53,34.266,42.840,44.977,0.416,,2019-03-01 06:50:19,SECT9779651,113198731,,,
379,U1533,D,5,H,4,60.0,35.63,34.341,42.940,34.648,0.373,,2019-03-01 06:50:19,SECT9779651,113198731,,,
379,U1533,D,5,H,4,70.0,35.73,34.416,43.040,34.461,0.372,,2019-03-01 06:50:19,SECT9779651,113198731,,,
379,U1533,D,5,H,4,80.0,35.83,34.491,43.140,36.495,0.382,,2019-03-01 06:50:19,SECT9779651,113198731,,,
379,U1533,D,5,H,4,90.0,35.93,34.566,43.240,37.532,0.386,,2019-03-01 06:50:19,SECT9779651,113198731,,,
379,U1533,D,5,H,4,100.0,36.03,34.641,43.340,38.422,0.390,,2019-03-01 06:50:19,SECT9779651,113198731,,,
379,U1533,D,5,H,4,110.0,36.13,34.716,43.440,41.002,0.401,,2019-03-01 06:50:19,SECT9779651,113198731,,,
379,U1533,D,5,H,4,120.0,36.23,34.790,43.540,41.041,0.393,,2019-03-01 06:50:19,SECT9779651,113198731,,,
379,U1533,D,5,H,4,130.0,36.33,34.865,43.640,40.725,0.392,,2019-03-01 06:50:19,SECT9779651,113198731,,,
379,U1533,D,5,H,4,140.0,36.43,34.940,43.740,36.578,0.810,,2019-03-01 06:50:19,SECT9779651,113198731,,,
379,U1533,D,5,H,4,150.0,36.53,35.015,43.840,36.255,2.049,,2019-03-01 06:50:19,SECT9779651,113198731,,,
379,U1533,D,5,H,5,0.0,36.55,35.335,43.860,41.419,2.453,379-NGR-48426111-379-u1533d-5h-5_sect9779681_20190301010904.zip,2019-03-01 07:09:04,SECT9779681,113199091,,,
379,U1533,D,5,H,5,10.0,36.65,35.415,43.960,38.665,0.787,,2019-03-01 07:09:04,SECT9779681,113199091,,,
379,U1533,D,5,H,5,20.0,36.75,35.495,44.060,37.901,0.403,,2019-03-01 07:09:04,SECT9779681,113199091,,,
379,U1533,D,5,H,5,30.0,36.85,35.575,44.160,42.958,0.423,,2019-03-01 07:09:04,SECT9779681,113199091,,,
379,U1533,D,5,H,5,40.0,36.95,35.655,44.260,50.901,0.440,,2019-03-01 07:09:04,SECT9779681,113199091,,,
379,U1533,D,5,H,5,50.0,37.05,35.735,44.360,51.001,0.440,,2019-03-01 07:09:04,SECT9779681,113199091,,,
379,U1533,D,5,H,5,60.0,37.15,35.815,44.460,49.741,0.435,,2019-03-01 07:09:04,SECT9779681,113199091,,,
379,U1533,D,5,H,5,70.0,37.25,35.895,44.560,56.268,0.459,,2019-03-01 07:09:04,SECT9779681,113199091,,,
379,U1533,D,5,H,5,80.0,37.35,35.974,44.660,58.099,0.467,,2019-03-01 07:09:04,SECT9779681,113199091,,,
379,U1533,D,5,H,5,90.0,37.45,36.054,44.760,57.302,0.464,,2019-03-01 07:09:04,SECT9779681,113199091,,,
379,U1533,D,5,H,5,100.0,37.55,36.134,44.860,54.046,0.452,,2019-03-01 07:09:04,SECT9779681,113199091,,,
379,U1533,D,5,H,5,110.0,37.65,36.214,44.960,52.166,0.445,,2019-03-01 07:09:04,SECT9779681,113199091,,,
379,U1533,D,5,H,5,120.0,37.75,36.294,45.060,41.861,0.397,,2019-03-01 07:09:04,SECT9779681,113199091,,,
379,U1533,D,5,H,5,130.0,37.85,36.374,45.160,38.255,0.381,,2019-03-01 07:09:04,SECT9779681,113199091,,,
379,U1533,D,5,H,5,140.0,37.95,36.454,45.260,37.129,0.820,,2019-03-01 07:09:04,SECT9779681,113199091,,,
379,U1533,D,5,H,5,150.0,38.05,36.534,45.360,37.228,2.101,,2019-03-01 07:09:04,SECT9779681,113199091,,,
379,U1533,D,5,H,6,0.0,38.07,36.846,45.380,52.050,3.057,379-NGR-48426701-379-u1533d-5h-6_sect9779711_20190301012341.zip,2019-03-01 07:23:41,SECT9779711,113199461,,,
379,U1533,D,5,H,6,10.0,38.17,36.930,45.480,49.460,0.971,,2019-03-01 07:23:41,SECT9779711,113199461,,,
379,U1533,D,5,H,6,20.0,38.27,37.014,45.580,51.071,0.454,,2019-03-01 07:23:41,SECT9779711,113199461,,,
379,U1533,D,5,H,6,30.0,38.37,37.098,45.680,53.851,0.464,,2019-03-01 07:23:41,SECT9779711,113199461,,,
379,U1533,D,5,H,6,40.0,38.47,37.181,45.780,51.554,0.442,,2019-03-01 07:23:41,SECT9779711,113199461,,,
379,U1533,D,5,H,6,50.0,38.57,37.265,45.880,53.751,0.450,,2019-03-01 07:23:41,SECT9779711,113199461,,,
379,U1533,D,5,H,6,60.0,38.67,37.349,45.980,57.058,0.462,,2019-03-01 07:23:41,SECT9779711,113199461,,,
379,U1533,D,5,H,6,70.0,38.77,37.433,46.080,50.474,0.438,,2019-03-01 07:23:41,SECT9779711,113199461,,,
379,U1533,D,5,H,6,80.0,38.87,37.517,46.180,43.269,0.410,,2019-03-01 07:23:41,SECT9779711,113199461,,,
379,U1533,D,5,H,6,90.0,38.97,37.601,46.280,62.089,0.481,,2019-03-01 07:23:41,SECT9779711,113199461,,,
379,U1533,D,5,H,6,100.0,39.07,37.684,46.380,114.601,0.637,,2019-03-01 07:23:41,SECT9779711,113199461,,,
379,U1533,D,5,H,6,110.0,39.17,37.768,46.480,104.582,0.610,,2019-03-01 07:23:41,SECT9779711,113199461,,,
379,U1533,D,5,H,6,120.0,39.27,37.852,46.580,68.521,0.496,,2019-03-01 07:23:41,SECT9779711,113199461,,,
379,U1533,D,5,H,6,130.0,39.37,37.936,46.680,60.474,0.775,,2019-03-01 07:23:41,SECT9779711,113199461,,,
379,U1533,D,5,H,6,140.0,39.47,38.020,46.780,52.647,0.778,,2019-03-01 07:23:41,SECT9779711,113199461,,,
