Exp,Site,Hole,Core,Type,Sect,A/W,Offset (cm),Depth CSF-A (m),Depth CSF-B (m),Magnetic susceptibility (SI x 10^-5),Configuration filename,Timestamp (UTC),Instrument,Instrument group,Text ID,Comments
374,U1524,C,4,R,1,A,5.0,278.75,278.750,5.00,374-MSPOINT-45192531-i_pi_ms.ini,2018-02-10 09:27:07,MS2K-695,SHMSL,SHLF9384891,
374,U1524,C,4,R,1,A,7.5,278.775,278.775,4.00,,2018-02-10 09:27:07,MS2K-695,SHMSL,SHLF9384891,
374,U1524,C,4,R,1,A,10.0,278.8,278.800,6.00,,2018-02-10 09:27:07,MS2K-695,SHMSL,SHLF9384891,
374,U1524,C,4,R,1,A,12.5,278.825,278.825,7.33,,2018-02-10 09:27:07,MS2K-695,SHMSL,SHLF9384891,
374,U1524,C,4,R,1,A,15.0,278.85,278.850,8.33,,2018-02-10 09:27:07,MS2K-695,SHMSL,SHLF9384891,
374,U1524,C,4,R,1,A,17.5,278.875,278.875,8.00,,2018-02-10 09:27:07,MS2K-695,SHMSL,SHLF9384891,
374,U1524,C,4,R,1,A,20.0,278.9,278.900,7.00,,2018-02-10 09:27:07,MS2K-695,SHMSL,SHLF9384891,
374,U1524,C,4,R,1,A,22.5,278.925,278.925,6.33,,2018-02-10 09:27:07,MS2K-695,SHMSL,SHLF9384891,
374,U1524,C,4,R,1,A,25.0,278.95,278.950,7.67,,2018-02-10 09:27:07,MS2K-695,SHMSL,SHLF9384891,
374,U1524,C,4,R,1,A,27.5,278.975,278.975,8.00,,2018-02-10 09:27:07,MS2K-695,SHMSL,SHLF9384891,
374,U1524,C,4,R,1,A,30.0,279,279.000,8.00,,2018-02-10 09:27:07,MS2K-695,SHMSL,SHLF9384891,
374,U1524,C,4,R,1,A,32.5,279.025,279.025,8.67,,2018-02-10 09:27:07,MS2K-695,SHMSL,SHLF9384891,
374,U1524,C,4,R,1,A,35.0,279.05,279.050,7.00,,2018-02-10 09:27:07,MS2K-695,SHMSL,SHLF9384891,
374,U1524,C,4,R,1,A,37.5,279.075,279.075,6.33,,2018-02-10 09:27:07,MS2K-695,SHMSL,SHLF9384891,
374,U1524,C,4,R,1,A,40.0,279.1,279.100,7.00,,2018-02-10 09:27:07,MS2K-695,SHMSL,SHLF9384891,
374,U1524,C,4,R,1,A,42.5,279.125,279.125,6.33,,2018-02-10 09:27:07,MS2K-695,SHMSL,SHLF9384891,
374,U1524,C,4,R,1,A,45.0,279.15,279.150,6.33,,2018-02-10 09:27:07,MS2K-695,SHMSL,SHLF9384891,
374,U1524,C,4,R,1,A,47.5,279.175,279.175,6.67,,2018-02-10 09:27:07,MS2K-695,SHMSL,SHLF9384891,
374,U1524,C,4,R,1,A,50.0,279.2,279.200,7.00,,2018-02-10 09:27:07,MS2K-695,SHMSL,SHLF9384891,
374,U1524,C,4,R,1,A,52.5,279.225,279.225,6.67,,2018-02-10 09:27:07,MS2K-695,SHMSL,SHLF9384891,
374,U1524,C,4,R,1,A,55.0,279.25,279.250,6.33,,2018-02-10 09:27:07,MS2K-695,SHMSL,SHLF9384891,
374,U1524,C,4,R,1,A,57.5,279.275,279.275,6.00,,2018-02-10 09:27:07,MS2K-695,SHMSL,SHLF9384891,
374,U1524,C,4,R,1,A,60.0,279.3,279.300,6.33,,2018-02-10 09:27:07,MS2K-695,SHMSL,SHLF9384891,
374,U1524,C,4,R,1,A,62.5,279.325,279.325,6.33,,2018-02-10 09:27:07,MS2K-695,SHMSL,SHLF9384891,
374,U1524,C,4,R,1,A,65.0,279.35,279.350,6.67,,2018-02-10 09:27:07,MS2K-695,SHMSL,SHLF9384891,
374,U1524,C,4,R,1,A,67.5,279.375,279.375,6.67,,2018-02-10 09:27:07,MS2K-695,SHMSL,SHLF9384891,
374,U1524,C,4,R,1,A,70.0,279.4,279.400,6.33,,2018-02-10 09:27:07,MS2K-695,SHMSL,SHLF9384891,
374,U1524,C,4,R,1,A,72.5,279.425,279.425,7.00,,2018-02-10 09:27:07,MS2K-695,SHMSL,SHLF9384891,
374,U1524,C,4,R,1,A,75.0,279.45,279.450,7.00,,2018-02-10 09:27:07,MS2K-695,SHMSL,SHLF9384891,
374,U1524,C,4,R,1,A,77.5,279.475,279.475,6.33,,2018-02-10 09:27:07,MS2K-695,SHMSL,SHLF9384891,
374,U1524,C,4,R,1,A,80.0,279.5,279.500,7.33,,2018-02-10 09:27:07,MS2K-695,SHMSL,SHLF9384891,
374,U1524,C,4,R,1,A,82.5,279.525,279.525,7.00,,2018-02-10 09:27:07,MS2K-695,SHMSL,SHLF9384891,
374,U1524,C,4,R,1,A,85.0,279.55,279.550,7.00,,2018-02-10 09:27:07,MS2K-695,SHMSL,SHLF9384891,
374,U1524,C,4,R,1,A,87.5,279.575,279.575,6.33,,2018-02-10 09:27:07,MS2K-695,SHMSL,SHLF9384891,
374,U1524,C,4,R,1,A,90.0,279.6,279.600,6.33,,2018-02-10 09:27:07,MS2K-695,SHMSL,SHLF9384891,
374,U1524,C,4,R,1,A,92.5,279.625,279.625,6.33,,2018-02-10 09:27:07,MS2K-695,SHMSL,SHLF9384891,
374,U1524,C,4,R,1,A,95.0,279.65,279.650,6.67,,2018-02-10 09:27:07,MS2K-695,SHMSL,SHLF9384891,
374,U1524,C,4,R,1,A,97.5,279.675,279.675,7.00,,2018-02-10 09:27:07,MS2K-695,SHMSL,SHLF9384891,
374,U1524,C,4,R,1,A,100.0,279.7,279.700,6.00,,2018-02-10 09:27:07,MS2K-695,SHMSL,SHLF9384891,
374,U1524,C,4,R,1,A,102.5,279.725,279.725,6.33,,2018-02-10 09:27:07,MS2K-695,SHMSL,SHLF9384891,
374,U1524,C,4,R,1,A,105.0,279.75,279.750,5.33,,2018-02-10 09:27:07,MS2K-695,SHMSL,SHLF9384891,
374,U1524,C,4,R,CC,A,2.5,279.775,279.775,0.67,374-MSPOINT-45192531-i_pi_ms.ini,2018-02-10 09:17:03,MS2K-695,SHMSL,SHLF9384921,
374,U1524,C,4,R,CC,A,5.0,279.8,279.800,5.33,,2018-02-10 09:17:03,MS2K-695,SHMSL,SHLF9384921,
374,U1524,C,4,R,CC,A,7.5,279.825,279.825,5.67,,2018-02-10 09:17:03,MS2K-695,SHMSL,SHLF9384921,
374,U1524,C,7,R,1,A,2.5,307.525,307.525,5.00,374-MSPOINT-45192531-i_pi_ms.ini,2018-02-10 11:37:46,MS2K-695,SHMSL,SHLF9385111,
374,U1524,C,7,R,1,A,5.0,307.55,307.550,9.67,,2018-02-10 11:37:46,MS2K-695,SHMSL,SHLF9385111,
374,U1524,C,7,R,1,A,7.5,307.575,307.575,9.00,,2018-02-10 11:37:46,MS2K-695,SHMSL,SHLF9385111,
374,U1524,C,7,R,1,A,10.0,307.6,307.600,8.67,,2018-02-10 11:37:46,MS2K-695,SHMSL,SHLF9385111,
374,U1524,C,7,R,1,A,12.5,307.625,307.625,6.33,,2018-02-10 11:37:46,MS2K-695,SHMSL,SHLF9385111,
374,U1524,C,7,R,1,A,15.0,307.65,307.650,3.00,,2018-02-10 11:37:46,MS2K-695,SHMSL,SHLF9385111,
374,U1524,C,7,R,1,A,17.5,307.675,307.675,7.67,,2018-02-10 11:37:46,MS2K-695,SHMSL,SHLF9385111,
374,U1524,C,7,R,1,A,20.0,307.7,307.700,9.00,,2018-02-10 11:37:46,MS2K-695,SHMSL,SHLF9385111,
374,U1524,C,7,R,1,A,22.5,307.725,307.725,7.00,,2018-02-10 11:37:46,MS2K-695,SHMSL,SHLF9385111,
374,U1524,C,7,R,1,A,25.0,307.75,307.750,7.67,,2018-02-10 11:37:46,MS2K-695,SHMSL,SHLF9385111,
374,U1524,C,7,R,1,A,27.5,307.775,307.775,7.00,,2018-02-10 11:37:46,MS2K-695,SHMSL,SHLF9385111,
374,U1524,C,7,R,1,A,30.0,307.8,307.800,8.00,,2018-02-10 11:37:46,MS2K-695,SHMSL,SHLF9385111,
374,U1524,C,7,R,1,A,32.5,307.825,307.825,7.33,,2018-02-10 11:37:46,MS2K-695,SHMSL,SHLF9385111,
374,U1524,C,7,R,1,A,35.0,307.85,307.850,8.00,,2018-02-10 11:37:46,MS2K-695,SHMSL,SHLF9385111,
374,U1524,C,7,R,1,A,37.5,307.875,307.875,8.00,,2018-02-10 11:37:46,MS2K-695,SHMSL,SHLF9385111,
374,U1524,C,7,R,1,A,40.0,307.9,307.900,9.33,,2018-02-10 11:37:46,MS2K-695,SHMSL,SHLF9385111,
374,U1524,C,7,R,1,A,42.5,307.925,307.925,9.67,,2018-02-10 11:37:46,MS2K-695,SHMSL,SHLF9385111,
374,U1524,C,7,R,1,A,45.0,307.95,307.950,22.67,,2018-02-10 11:37:46,MS2K-695,SHMSL,SHLF9385111,
374,U1524,C,7,R,1,A,47.5,307.975,307.975,27.00,,2018-02-10 11:37:46,MS2K-695,SHMSL,SHLF9385111,
374,U1524,C,7,R,1,A,50.0,308,308.000,29.33,,2018-02-10 11:37:46,MS2K-695,SHMSL,SHLF9385111,
374,U1524,C,7,R,1,A,52.5,308.025,308.025,5.67,,2018-02-10 11:37:46,MS2K-695,SHMSL,SHLF9385111,
374,U1524,C,7,R,1,A,55.0,308.05,308.050,6.33,,2018-02-10 11:37:46,MS2K-695,SHMSL,SHLF9385111,
374,U1524,C,7,R,1,A,57.5,308.075,308.075,6.67,,2018-02-10 11:37:46,MS2K-695,SHMSL,SHLF9385111,
374,U1524,C,7,R,1,A,60.0,308.1,308.100,7.67,,2018-02-10 11:37:46,MS2K-695,SHMSL,SHLF9385111,
374,U1524,C,7,R,1,A,62.5,308.125,308.125,7.33,,2018-02-10 11:37:46,MS2K-695,SHMSL,SHLF9385111,
374,U1524,C,7,R,1,A,65.0,308.15,308.150,8.33,,2018-02-10 11:37:46,MS2K-695,SHMSL,SHLF9385111,
374,U1524,C,7,R,1,A,67.5,308.175,308.175,7.67,,2018-02-10 11:37:46,MS2K-695,SHMSL,SHLF9385111,
374,U1524,C,7,R,1,A,70.0,308.2,308.200,7.33,,2018-02-10 11:37:46,MS2K-695,SHMSL,SHLF9385111,
374,U1524,C,7,R,1,A,72.5,308.225,308.225,7.67,,2018-02-10 11:37:46,MS2K-695,SHMSL,SHLF9385111,
374,U1524,C,7,R,1,A,75.0,308.25,308.250,8.00,,2018-02-10 11:37:46,MS2K-695,SHMSL,SHLF9385111,
374,U1524,C,7,R,1,A,77.5,308.275,308.275,7.67,,2018-02-10 11:37:46,MS2K-695,SHMSL,SHLF9385111,
374,U1524,C,7,R,1,A,80.0,308.3,308.300,7.33,,2018-02-10 11:37:46,MS2K-695,SHMSL,SHLF9385111,
374,U1524,C,7,R,1,A,82.5,308.325,308.325,7.33,,2018-02-10 11:37:46,MS2K-695,SHMSL,SHLF9385111,
374,U1524,C,7,R,1,A,85.0,308.35,308.350,5.00,,2018-02-10 11:37:46,MS2K-695,SHMSL,SHLF9385111,
374,U1524,C,7,R,1,A,87.5,308.375,308.375,21.00,,2018-02-10 11:37:46,MS2K-695,SHMSL,SHLF9385111,
374,U1524,C,7,R,1,A,90.0,308.4,308.400,9.67,,2018-02-10 11:37:46,MS2K-695,SHMSL,SHLF9385111,
374,U1524,C,7,R,1,A,92.5,308.425,308.425,9.00,,2018-02-10 11:37:46,MS2K-695,SHMSL,SHLF9385111,
374,U1524,C,7,R,1,A,95.0,308.45,308.450,8.67,,2018-02-10 11:37:46,MS2K-695,SHMSL,SHLF9385111,
374,U1524,C,7,R,1,A,97.5,308.475,308.475,9.33,,2018-02-10 11:37:46,MS2K-695,SHMSL,SHLF9385111,
374,U1524,C,7,R,1,A,100.0,308.5,308.500,10.67,,2018-02-10 11:37:46,MS2K-695,SHMSL,SHLF9385111,
374,U1524,C,7,R,1,A,102.5,308.525,308.525,10.00,,2018-02-10 11:37:46,MS2K-695,SHMSL,SHLF9385111,
374,U1524,C,7,R,1,A,105.0,308.55,308.550,9.67,,2018-02-10 11:37:46,MS2K-695,SHMSL,SHLF9385111,
374,U1524,C,7,R,1,A,107.5,308.575,308.575,8.00,,2018-02-10 11:37:46,MS2K-695,SHMSL,SHLF9385111,
374,U1524,C,7,R,1,A,110.0,308.6,308.600,8.33,,2018-02-10 11:37:46,MS2K-695,SHMSL,SHLF9385111,
374,U1524,C,7,R,1,A,112.5,308.625,308.625,8.33,,2018-02-10 11:37:46,MS2K-695,SHMSL,SHLF9385111,
374,U1524,C,7,R,1,A,115.0,308.65,308.650,8.00,,2018-02-10 11:37:46,MS2K-695,SHMSL,SHLF9385111,
374,U1524,C,7,R,1,A,117.5,308.675,308.675,7.67,,2018-02-10 11:37:46,MS2K-695,SHMSL,SHLF9385111,
374,U1524,C,7,R,1,A,120.0,308.7,308.700,5.33,,2018-02-10 11:37:46,MS2K-695,SHMSL,SHLF9385111,
374,U1524,C,7,R,1,A,122.5,308.725,308.725,7.67,,2018-02-10 11:37:46,MS2K-695,SHMSL,SHLF9385111,
374,U1524,C,7,R,1,A,125.0,308.75,308.750,8.33,,2018-02-10 11:37:46,MS2K-695,SHMSL,SHLF9385111,
374,U1524,C,7,R,1,A,127.5,308.775,308.775,7.67,,2018-02-10 11:37:46,MS2K-695,SHMSL,SHLF9385111,
374,U1524,C,7,R,1,A,130.0,308.8,308.800,6.67,,2018-02-10 11:37:46,MS2K-695,SHMSL,SHLF9385111,
374,U1524,C,7,R,1,A,132.5,308.825,308.825,7.00,,2018-02-10 11:37:46,MS2K-695,SHMSL,SHLF9385111,
374,U1524,C,7,R,1,A,135.0,308.85,308.850,7.00,,2018-02-10 11:37:46,MS2K-695,SHMSL,SHLF9385111,
374,U1524,C,7,R,CC,A,2.5,308.885,308.885,5.67,374-MSPOINT-45192531-i_pi_ms.ini,2018-02-10 11:41:36,MS2K-695,SHMSL,SHLF9385141,
374,U1524,C,7,R,CC,A,5.0,308.91,308.910,6.67,,2018-02-10 11:41:36,MS2K-695,SHMSL,SHLF9385141,
374,U1524,C,7,R,CC,A,7.5,308.935,308.935,6.00,,2018-02-10 11:41:36,MS2K-695,SHMSL,SHLF9385141,
374,U1524,C,7,R,CC,A,10.0,308.96,308.960,6.67,,2018-02-10 11:41:36,MS2K-695,SHMSL,SHLF9385141,
374,U1524,C,8,R,1,A,2.5,317.125,317.125,21.00,374-MSPOINT-45192531-i_pi_ms.ini,2018-02-10 14:11:43,MS2K-695,SHMSL,SHLF9385261,
374,U1524,C,8,R,1,A,5.0,317.15,317.150,53.33,,2018-02-10 14:11:43,MS2K-695,SHMSL,SHLF9385261,
374,U1524,C,8,R,1,A,7.5,317.175,317.175,119.00,,2018-02-10 14:11:43,MS2K-695,SHMSL,SHLF9385261,
374,U1524,C,8,R,1,A,10.0,317.2,317.200,526.33,,2018-02-10 14:11:43,MS2K-695,SHMSL,SHLF9385261,
374,U1524,C,8,R,1,A,12.5,317.225,317.225,1571.00,,2018-02-10 14:11:43,MS2K-695,SHMSL,SHLF9385261,
374,U1524,C,8,R,1,A,15.0,317.25,317.250,1191.67,,2018-02-10 14:11:43,MS2K-695,SHMSL,SHLF9385261,
374,U1524,C,8,R,1,A,17.5,317.275,317.275,158.67,,2018-02-10 14:11:43,MS2K-695,SHMSL,SHLF9385261,
374,U1524,C,8,R,1,A,22.5,317.325,317.325,15.00,,2018-02-10 14:11:43,MS2K-695,SHMSL,SHLF9385261,
374,U1524,C,8,R,1,A,25.0,317.35,317.350,43.00,,2018-02-10 14:11:43,MS2K-695,SHMSL,SHLF9385261,
374,U1524,C,8,R,1,A,27.5,317.375,317.375,2.00,,2018-02-10 14:11:43,MS2K-695,SHMSL,SHLF9385261,
374,U1524,C,8,R,1,A,32.5,317.425,317.425,1.00,,2018-02-10 14:11:43,MS2K-695,SHMSL,SHLF9385261,
374,U1524,C,8,R,CC,A,2.5,317.495,317.495,8.33,374-MSPOINT-45192531-i_pi_ms.ini,2018-02-10 14:14:22,MS2K-695,SHMSL,SHLF9385291,
374,U1524,C,8,R,CC,A,5.0,317.52,317.520,11.00,,2018-02-10 14:14:22,MS2K-695,SHMSL,SHLF9385291,
374,U1524,C,9,R,1,A,5.0,326.75,326.750,23.00,374-MSPOINT-45192531-i_pi_ms.ini,2018-02-10 14:25:35,MS2K-695,SHMSL,SHLF9385411,
374,U1524,C,9,R,1,A,7.5,326.775,326.775,376.67,,2018-02-10 14:25:35,MS2K-695,SHMSL,SHLF9385411,
374,U1524,C,9,R,1,A,10.0,326.8,326.800,139.67,,2018-02-10 14:25:35,MS2K-695,SHMSL,SHLF9385411,
374,U1524,C,9,R,1,A,12.5,326.825,326.825,249.33,,2018-02-10 14:25:35,MS2K-695,SHMSL,SHLF9385411,
374,U1524,C,9,R,1,A,15.0,326.85,326.850,199.00,,2018-02-10 14:25:35,MS2K-695,SHMSL,SHLF9385411,
374,U1524,C,9,R,1,A,17.5,326.875,326.875,14.67,,2018-02-10 14:25:35,MS2K-695,SHMSL,SHLF9385411,
374,U1524,C,9,R,1,A,20.0,326.9,326.900,15.00,,2018-02-10 14:25:35,MS2K-695,SHMSL,SHLF9385411,
374,U1524,C,9,R,1,A,22.5,326.925,326.925,14.33,,2018-02-10 14:25:35,MS2K-695,SHMSL,SHLF9385411,
374,U1524,C,9,R,1,A,25.0,326.95,326.950,14.00,,2018-02-10 14:25:35,MS2K-695,SHMSL,SHLF9385411,
374,U1524,C,9,R,1,A,27.5,326.975,326.975,12.00,,2018-02-10 14:25:35,MS2K-695,SHMSL,SHLF9385411,
374,U1524,C,9,R,1,A,30.0,327,327.000,11.00,,2018-02-10 14:25:35,MS2K-695,SHMSL,SHLF9385411,
374,U1524,C,9,R,1,A,32.5,327.025,327.025,14.67,,2018-02-10 14:25:35,MS2K-695,SHMSL,SHLF9385411,
374,U1524,C,9,R,1,A,35.0,327.05,327.050,15.33,,2018-02-10 14:25:35,MS2K-695,SHMSL,SHLF9385411,
374,U1524,C,9,R,1,A,37.5,327.075,327.075,17.00,,2018-02-10 14:25:35,MS2K-695,SHMSL,SHLF9385411,
374,U1524,C,9,R,1,A,40.0,327.1,327.100,8.33,,2018-02-10 14:25:35,MS2K-695,SHMSL,SHLF9385411,
374,U1524,C,9,R,1,A,42.5,327.125,327.125,7.67,,2018-02-10 14:25:35,MS2K-695,SHMSL,SHLF9385411,
374,U1524,C,9,R,1,A,45.0,327.15,327.150,12.67,,2018-02-10 14:25:35,MS2K-695,SHMSL,SHLF9385411,
374,U1524,C,9,R,1,A,47.5,327.175,327.175,38.33,,2018-02-10 14:25:35,MS2K-695,SHMSL,SHLF9385411,
374,U1524,C,9,R,1,A,50.0,327.2,327.200,41.00,,2018-02-10 14:25:35,MS2K-695,SHMSL,SHLF9385411,
374,U1524,C,9,R,1,A,52.5,327.225,327.225,14.67,,2018-02-10 14:25:35,MS2K-695,SHMSL,SHLF9385411,
374,U1524,C,9,R,1,A,55.0,327.25,327.250,15.33,,2018-02-10 14:25:35,MS2K-695,SHMSL,SHLF9385411,
374,U1524,C,9,R,1,A,57.5,327.275,327.275,14.00,,2018-02-10 14:25:35,MS2K-695,SHMSL,SHLF9385411,
374,U1524,C,9,R,1,A,60.0,327.3,327.300,12.33,,2018-02-10 14:25:35,MS2K-695,SHMSL,SHLF9385411,
374,U1524,C,9,R,1,A,62.5,327.325,327.325,10.67,,2018-02-10 14:25:35,MS2K-695,SHMSL,SHLF9385411,
374,U1524,C,9,R,1,A,65.0,327.35,327.350,13.67,,2018-02-10 14:25:35,MS2K-695,SHMSL,SHLF9385411,
374,U1524,C,9,R,1,A,67.5,327.375,327.375,14.00,,2018-02-10 14:25:35,MS2K-695,SHMSL,SHLF9385411,
374,U1524,C,9,R,1,A,70.0,327.4,327.400,14.33,,2018-02-10 14:25:35,MS2K-695,SHMSL,SHLF9385411,
374,U1524,C,9,R,1,A,72.5,327.425,327.425,14.33,,2018-02-10 14:25:35,MS2K-695,SHMSL,SHLF9385411,
374,U1524,C,9,R,1,A,75.0,327.45,327.450,15.33,,2018-02-10 14:25:35,MS2K-695,SHMSL,SHLF9385411,
374,U1524,C,9,R,1,A,77.5,327.475,327.475,13.00,,2018-02-10 14:25:35,MS2K-695,SHMSL,SHLF9385411,
374,U1524,C,9,R,1,A,80.0,327.5,327.500,9.67,,2018-02-10 14:25:35,MS2K-695,SHMSL,SHLF9385411,
374,U1524,C,9,R,1,A,82.5,327.525,327.525,13.33,,2018-02-10 14:25:35,MS2K-695,SHMSL,SHLF9385411,
374,U1524,C,9,R,1,A,85.0,327.55,327.550,15.33,,2018-02-10 14:25:35,MS2K-695,SHMSL,SHLF9385411,
374,U1524,C,9,R,1,A,87.5,327.575,327.575,15.33,,2018-02-10 14:25:35,MS2K-695,SHMSL,SHLF9385411,
374,U1524,C,9,R,1,A,90.0,327.6,327.600,15.67,,2018-02-10 14:25:35,MS2K-695,SHMSL,SHLF9385411,
374,U1524,C,9,R,1,A,92.5,327.625,327.625,11.67,,2018-02-10 14:25:35,MS2K-695,SHMSL,SHLF9385411,
374,U1524,C,9,R,1,A,95.0,327.65,327.650,15.00,,2018-02-10 14:25:35,MS2K-695,SHMSL,SHLF9385411,
374,U1524,C,9,R,1,A,97.5,327.675,327.675,11.33,,2018-02-10 14:25:35,MS2K-695,SHMSL,SHLF9385411,
374,U1524,C,9,R,1,A,100.0,327.7,327.700,15.67,,2018-02-10 14:25:35,MS2K-695,SHMSL,SHLF9385411,
374,U1524,C,9,R,1,A,102.5,327.725,327.725,16.00,,2018-02-10 14:25:35,MS2K-695,SHMSL,SHLF9385411,
374,U1524,C,9,R,1,A,105.0,327.75,327.750,16.00,,2018-02-10 14:25:35,MS2K-695,SHMSL,SHLF9385411,
374,U1524,C,9,R,1,A,107.5,327.775,327.775,15.33,,2018-02-10 14:25:35,MS2K-695,SHMSL,SHLF9385411,
374,U1524,C,9,R,1,A,110.0,327.8,327.800,12.00,,2018-02-10 14:25:35,MS2K-695,SHMSL,SHLF9385411,
374,U1524,C,9,R,1,A,112.5,327.825,327.825,9.00,,2018-02-10 14:25:35,MS2K-695,SHMSL,SHLF9385411,
374,U1524,C,9,R,1,A,115.0,327.85,327.850,11.67,,2018-02-10 14:25:35,MS2K-695,SHMSL,SHLF9385411,
374,U1524,C,9,R,1,A,117.5,327.875,327.875,10.00,,2018-02-10 14:25:35,MS2K-695,SHMSL,SHLF9385411,
374,U1524,C,9,R,1,A,120.0,327.9,327.900,12.00,,2018-02-10 14:25:35,MS2K-695,SHMSL,SHLF9385411,
374,U1524,C,9,R,1,A,122.5,327.925,327.925,77.00,,2018-02-10 14:25:35,MS2K-695,SHMSL,SHLF9385411,
374,U1524,C,9,R,1,A,125.0,327.95,327.950,38.00,,2018-02-10 14:25:35,MS2K-695,SHMSL,SHLF9385411,
374,U1524,C,9,R,1,A,127.5,327.975,327.975,18.33,,2018-02-10 14:25:35,MS2K-695,SHMSL,SHLF9385411,
374,U1524,C,9,R,1,A,130.0,328,328.000,26.67,,2018-02-10 14:25:35,MS2K-695,SHMSL,SHLF9385411,
374,U1524,C,9,R,1,A,132.5,328.025,328.025,136.67,,2018-02-10 14:25:35,MS2K-695,SHMSL,SHLF9385411,
374,U1524,C,9,R,1,A,135.0,328.05,328.050,15.67,,2018-02-10 14:25:35,MS2K-695,SHMSL,SHLF9385411,
374,U1524,C,9,R,1,A,137.5,328.075,328.075,13.00,,2018-02-10 14:25:35,MS2K-695,SHMSL,SHLF9385411,
374,U1524,C,9,R,1,A,140.0,328.1,328.100,9.00,,2018-02-10 14:25:35,MS2K-695,SHMSL,SHLF9385411,
374,U1524,C,9,R,1,A,142.5,328.125,328.125,10.00,,2018-02-10 14:25:35,MS2K-695,SHMSL,SHLF9385411,
374,U1524,C,9,R,1,A,145.0,328.15,328.150,8.00,,2018-02-10 14:25:35,MS2K-695,SHMSL,SHLF9385411,
374,U1524,C,9,R,1,A,147.5,328.175,328.175,9.00,,2018-02-10 14:25:35,MS2K-695,SHMSL,SHLF9385411,
374,U1524,C,9,R,2,A,2.5,328.215,328.215,11.67,374-MSPOINT-45192531-i_pi_ms.ini,2018-02-10 15:04:29,MS2K-695,SHMSL,SHLF9385441,
374,U1524,C,9,R,2,A,5.0,328.24,328.240,9.33,,2018-02-10 15:04:29,MS2K-695,SHMSL,SHLF9385441,
374,U1524,C,9,R,2,A,7.5,328.265,328.265,16.00,,2018-02-10 15:04:29,MS2K-695,SHMSL,SHLF9385441,
374,U1524,C,9,R,2,A,10.0,328.29,328.290,11.33,,2018-02-10 15:04:29,MS2K-695,SHMSL,SHLF9385441,
374,U1524,C,9,R,2,A,12.5,328.315,328.315,11.33,,2018-02-10 15:04:29,MS2K-695,SHMSL,SHLF9385441,
374,U1524,C,9,R,2,A,15.0,328.34,328.340,11.33,,2018-02-10 15:04:29,MS2K-695,SHMSL,SHLF9385441,
374,U1524,C,9,R,2,A,17.5,328.365,328.365,9.67,,2018-02-10 15:04:29,MS2K-695,SHMSL,SHLF9385441,
374,U1524,C,9,R,2,A,20.0,328.39,328.390,8.33,,2018-02-10 15:04:29,MS2K-695,SHMSL,SHLF9385441,
374,U1524,C,9,R,2,A,22.5,328.415,328.415,27.00,,2018-02-10 15:04:29,MS2K-695,SHMSL,SHLF9385441,
374,U1524,C,9,R,2,A,25.0,328.44,328.440,30.67,,2018-02-10 15:04:29,MS2K-695,SHMSL,SHLF9385441,
374,U1524,C,9,R,2,A,27.5,328.465,328.465,11.33,,2018-02-10 15:04:29,MS2K-695,SHMSL,SHLF9385441,
374,U1524,C,9,R,2,A,30.0,328.49,328.490,13.67,,2018-02-10 15:04:29,MS2K-695,SHMSL,SHLF9385441,
374,U1524,C,9,R,2,A,32.5,328.515,328.515,10.00,,2018-02-10 15:04:29,MS2K-695,SHMSL,SHLF9385441,
374,U1524,C,9,R,2,A,35.0,328.54,328.540,9.00,,2018-02-10 15:04:29,MS2K-695,SHMSL,SHLF9385441,
374,U1524,C,9,R,2,A,37.5,328.565,328.565,9.00,,2018-02-10 15:04:29,MS2K-695,SHMSL,SHLF9385441,
374,U1524,C,9,R,2,A,40.0,328.59,328.590,12.00,,2018-02-10 15:04:29,MS2K-695,SHMSL,SHLF9385441,
374,U1524,C,9,R,2,A,42.5,328.615,328.615,9.00,,2018-02-10 15:04:29,MS2K-695,SHMSL,SHLF9385441,
374,U1524,C,9,R,2,A,45.0,328.64,328.640,10.33,,2018-02-10 15:04:29,MS2K-695,SHMSL,SHLF9385441,
374,U1524,C,9,R,2,A,47.5,328.665,328.665,13.00,,2018-02-10 15:04:29,MS2K-695,SHMSL,SHLF9385441,
374,U1524,C,9,R,2,A,50.0,328.69,328.690,16.00,,2018-02-10 15:04:29,MS2K-695,SHMSL,SHLF9385441,
374,U1524,C,9,R,2,A,52.5,328.715,328.715,16.00,,2018-02-10 15:04:29,MS2K-695,SHMSL,SHLF9385441,
374,U1524,C,9,R,2,A,55.0,328.74,328.740,17.00,,2018-02-10 15:04:29,MS2K-695,SHMSL,SHLF9385441,
374,U1524,C,9,R,2,A,57.5,328.765,328.765,13.33,,2018-02-10 15:04:29,MS2K-695,SHMSL,SHLF9385441,
374,U1524,C,9,R,2,A,60.0,328.79,328.790,10.00,,2018-02-10 15:04:29,MS2K-695,SHMSL,SHLF9385441,
374,U1524,C,9,R,2,A,62.5,328.815,328.815,12.33,,2018-02-10 15:04:29,MS2K-695,SHMSL,SHLF9385441,
374,U1524,C,9,R,2,A,65.0,328.84,328.840,10.00,,2018-02-10 15:04:29,MS2K-695,SHMSL,SHLF9385441,
374,U1524,C,9,R,2,A,67.5,328.865,328.865,14.33,,2018-02-10 15:04:29,MS2K-695,SHMSL,SHLF9385441,
374,U1524,C,9,R,2,A,70.0,328.89,328.890,13.00,,2018-02-10 15:04:29,MS2K-695,SHMSL,SHLF9385441,
374,U1524,C,9,R,2,A,72.5,328.915,328.915,13.33,,2018-02-10 15:04:29,MS2K-695,SHMSL,SHLF9385441,
374,U1524,C,9,R,2,A,75.0,328.94,328.940,13.00,,2018-02-10 15:04:29,MS2K-695,SHMSL,SHLF9385441,
374,U1524,C,9,R,2,A,77.5,328.965,328.965,13.33,,2018-02-10 15:04:29,MS2K-695,SHMSL,SHLF9385441,
374,U1524,C,9,R,2,A,80.0,328.99,328.990,12.00,,2018-02-10 15:04:29,MS2K-695,SHMSL,SHLF9385441,
374,U1524,C,9,R,2,A,82.5,329.015,329.015,11.00,,2018-02-10 15:04:29,MS2K-695,SHMSL,SHLF9385441,
374,U1524,C,9,R,2,A,85.0,329.04,329.040,12.00,,2018-02-10 15:04:29,MS2K-695,SHMSL,SHLF9385441,
374,U1524,C,9,R,2,A,87.5,329.065,329.065,28.00,,2018-02-10 15:04:29,MS2K-695,SHMSL,SHLF9385441,
374,U1524,C,9,R,2,A,90.0,329.09,329.090,12.33,,2018-02-10 15:04:29,MS2K-695,SHMSL,SHLF9385441,
374,U1524,C,9,R,2,A,92.5,329.115,329.115,12.33,,2018-02-10 15:04:29,MS2K-695,SHMSL,SHLF9385441,
374,U1524,C,9,R,2,A,95.0,329.14,329.140,20.33,,2018-02-10 15:04:29,MS2K-695,SHMSL,SHLF9385441,
374,U1524,C,9,R,2,A,97.5,329.165,329.165,13.33,,2018-02-10 15:04:29,MS2K-695,SHMSL,SHLF9385441,
374,U1524,C,9,R,2,A,100.0,329.19,329.190,32.67,,2018-02-10 15:04:29,MS2K-695,SHMSL,SHLF9385441,
374,U1524,C,9,R,2,A,102.5,329.215,329.215,28.00,,2018-02-10 15:04:29,MS2K-695,SHMSL,SHLF9385441,
374,U1524,C,9,R,2,A,105.0,329.24,329.240,15.00,,2018-02-10 15:04:29,MS2K-695,SHMSL,SHLF9385441,
374,U1524,C,9,R,2,A,107.5,329.265,329.265,16.33,,2018-02-10 15:04:29,MS2K-695,SHMSL,SHLF9385441,
374,U1524,C,9,R,2,A,110.0,329.29,329.290,25.67,,2018-02-10 15:04:29,MS2K-695,SHMSL,SHLF9385441,
374,U1524,C,9,R,2,A,112.5,329.315,329.315,12.67,,2018-02-10 15:04:29,MS2K-695,SHMSL,SHLF9385441,
374,U1524,C,9,R,2,A,115.0,329.34,329.340,12.00,,2018-02-10 15:04:29,MS2K-695,SHMSL,SHLF9385441,
374,U1524,C,9,R,2,A,117.5,329.365,329.365,11.67,,2018-02-10 15:04:29,MS2K-695,SHMSL,SHLF9385441,
374,U1524,C,9,R,2,A,120.0,329.39,329.390,9.67,,2018-02-10 15:04:29,MS2K-695,SHMSL,SHLF9385441,
374,U1524,C,9,R,CC,A,2.5,329.435,329.435,11.67,374-MSPOINT-45192531-i_pi_ms.ini,2018-02-10 15:11:41,MS2K-695,SHMSL,SHLF9385471,
374,U1524,C,9,R,CC,A,5.0,329.46,329.460,11.33,,2018-02-10 15:11:41,MS2K-695,SHMSL,SHLF9385471,
374,U1524,C,12,R,1,A,2.5,355.525,355.525,101.33,374-MSPOINT-45192531-i_pi_ms.ini,2018-02-10 19:06:33,MS2K-695,SHMSL,SHLF9385831,
374,U1524,C,12,R,1,A,5.0,355.55,355.550,226.33,,2018-02-10 19:06:33,MS2K-695,SHMSL,SHLF9385831,
374,U1524,C,12,R,1,A,7.5,355.575,355.575,41.33,,2018-02-10 19:06:33,MS2K-695,SHMSL,SHLF9385831,
374,U1524,C,12,R,1,A,10.0,355.6,355.600,12.33,,2018-02-10 19:06:33,MS2K-695,SHMSL,SHLF9385831,
374,U1524,C,12,R,1,A,12.5,355.625,355.625,10.33,,2018-02-10 19:06:33,MS2K-695,SHMSL,SHLF9385831,
374,U1524,C,12,R,1,A,15.0,355.65,355.650,8.67,,2018-02-10 19:06:33,MS2K-695,SHMSL,SHLF9385831,
374,U1524,C,12,R,1,A,17.5,355.675,355.675,10.00,,2018-02-10 19:06:33,MS2K-695,SHMSL,SHLF9385831,
374,U1524,C,12,R,1,A,20.0,355.7,355.700,7.67,,2018-02-10 19:06:33,MS2K-695,SHMSL,SHLF9385831,
374,U1524,C,12,R,1,A,22.5,355.725,355.725,8.00,,2018-02-10 19:06:33,MS2K-695,SHMSL,SHLF9385831,
374,U1524,C,12,R,1,A,25.0,355.75,355.750,7.67,,2018-02-10 19:06:33,MS2K-695,SHMSL,SHLF9385831,
374,U1524,C,12,R,1,A,27.5,355.775,355.775,8.00,,2018-02-10 19:06:33,MS2K-695,SHMSL,SHLF9385831,
374,U1524,C,12,R,1,A,30.0,355.8,355.800,4.00,,2018-02-10 19:06:33,MS2K-695,SHMSL,SHLF9385831,
374,U1524,C,12,R,1,A,32.5,355.825,355.825,7.67,,2018-02-10 19:06:33,MS2K-695,SHMSL,SHLF9385831,
374,U1524,C,12,R,1,A,35.0,355.85,355.850,7.33,,2018-02-10 19:06:33,MS2K-695,SHMSL,SHLF9385831,
374,U1524,C,12,R,1,A,37.5,355.875,355.875,8.67,,2018-02-10 19:06:33,MS2K-695,SHMSL,SHLF9385831,
374,U1524,C,12,R,1,A,40.0,355.9,355.900,10.00,,2018-02-10 19:06:33,MS2K-695,SHMSL,SHLF9385831,
374,U1524,C,12,R,1,A,42.5,355.925,355.925,10.67,,2018-02-10 19:06:33,MS2K-695,SHMSL,SHLF9385831,
374,U1524,C,12,R,1,A,45.0,355.95,355.950,14.00,,2018-02-10 19:06:33,MS2K-695,SHMSL,SHLF9385831,
374,U1524,C,12,R,1,A,47.5,355.975,355.975,10.67,,2018-02-10 19:06:33,MS2K-695,SHMSL,SHLF9385831,
374,U1524,C,12,R,1,A,50.0,356,356.000,14.00,,2018-02-10 19:06:33,MS2K-695,SHMSL,SHLF9385831,
374,U1524,C,12,R,1,A,52.5,356.025,356.025,10.67,,2018-02-10 19:06:33,MS2K-695,SHMSL,SHLF9385831,
374,U1524,C,12,R,1,A,55.0,356.05,356.050,11.00,,2018-02-10 19:06:33,MS2K-695,SHMSL,SHLF9385831,
374,U1524,C,12,R,1,A,57.5,356.075,356.075,9.00,,2018-02-10 19:06:33,MS2K-695,SHMSL,SHLF9385831,
374,U1524,C,12,R,1,A,60.0,356.1,356.100,11.00,,2018-02-10 19:06:33,MS2K-695,SHMSL,SHLF9385831,
374,U1524,C,12,R,1,A,62.5,356.125,356.125,12.00,,2018-02-10 19:06:33,MS2K-695,SHMSL,SHLF9385831,
374,U1524,C,12,R,1,A,65.0,356.15,356.150,12.67,,2018-02-10 19:06:33,MS2K-695,SHMSL,SHLF9385831,
374,U1524,C,12,R,1,A,67.5,356.175,356.175,11.67,,2018-02-10 19:06:33,MS2K-695,SHMSL,SHLF9385831,
374,U1524,C,12,R,1,A,70.0,356.2,356.200,12.67,,2018-02-10 19:06:33,MS2K-695,SHMSL,SHLF9385831,
374,U1524,C,12,R,1,A,72.5,356.225,356.225,16.00,,2018-02-10 19:06:33,MS2K-695,SHMSL,SHLF9385831,
374,U1524,C,12,R,1,A,75.0,356.25,356.250,13.00,,2018-02-10 19:06:33,MS2K-695,SHMSL,SHLF9385831,
374,U1524,C,12,R,1,A,77.5,356.275,356.275,12.33,,2018-02-10 19:06:33,MS2K-695,SHMSL,SHLF9385831,
374,U1524,C,12,R,1,A,80.0,356.3,356.300,8.67,,2018-02-10 19:06:33,MS2K-695,SHMSL,SHLF9385831,
374,U1524,C,12,R,1,A,82.5,356.325,356.325,12.00,,2018-02-10 19:06:33,MS2K-695,SHMSL,SHLF9385831,
374,U1524,C,12,R,1,A,85.0,356.35,356.350,10.00,,2018-02-10 19:06:33,MS2K-695,SHMSL,SHLF9385831,
374,U1524,C,12,R,1,A,87.5,356.375,356.375,9.33,,2018-02-10 19:06:33,MS2K-695,SHMSL,SHLF9385831,
374,U1524,C,12,R,1,A,90.0,356.4,356.400,9.33,,2018-02-10 19:06:33,MS2K-695,SHMSL,SHLF9385831,
374,U1524,C,12,R,1,A,92.5,356.425,356.425,10.67,,2018-02-10 19:06:33,MS2K-695,SHMSL,SHLF9385831,
374,U1524,C,12,R,1,A,95.0,356.45,356.450,10.33,,2018-02-10 19:06:33,MS2K-695,SHMSL,SHLF9385831,
374,U1524,C,12,R,1,A,97.5,356.475,356.475,10.67,,2018-02-10 19:06:33,MS2K-695,SHMSL,SHLF9385831,
374,U1524,C,12,R,1,A,100.0,356.5,356.500,11.00,,2018-02-10 19:06:33,MS2K-695,SHMSL,SHLF9385831,
374,U1524,C,12,R,1,A,102.5,356.525,356.525,14.00,,2018-02-10 19:06:33,MS2K-695,SHMSL,SHLF9385831,
374,U1524,C,12,R,1,A,105.0,356.55,356.550,14.67,,2018-02-10 19:06:33,MS2K-695,SHMSL,SHLF9385831,
374,U1524,C,12,R,1,A,107.5,356.575,356.575,13.33,,2018-02-10 19:06:33,MS2K-695,SHMSL,SHLF9385831,
374,U1524,C,12,R,1,A,110.0,356.6,356.600,14.33,,2018-02-10 19:06:33,MS2K-695,SHMSL,SHLF9385831,
374,U1524,C,12,R,1,A,112.5,356.625,356.625,9.67,,2018-02-10 19:06:33,MS2K-695,SHMSL,SHLF9385831,
374,U1524,C,12,R,1,A,115.0,356.65,356.650,10.33,,2018-02-10 19:06:33,MS2K-695,SHMSL,SHLF9385831,
374,U1524,C,12,R,1,A,117.5,356.675,356.675,14.00,,2018-02-10 19:06:33,MS2K-695,SHMSL,SHLF9385831,
374,U1524,C,12,R,1,A,120.0,356.7,356.700,7.33,,2018-02-10 19:06:33,MS2K-695,SHMSL,SHLF9385831,
374,U1524,C,12,R,1,A,122.5,356.725,356.725,13.00,,2018-02-10 19:06:33,MS2K-695,SHMSL,SHLF9385831,
374,U1524,C,12,R,1,A,125.0,356.75,356.750,12.00,,2018-02-10 19:06:33,MS2K-695,SHMSL,SHLF9385831,
374,U1524,C,12,R,1,A,127.5,356.775,356.775,14.00,,2018-02-10 19:06:33,MS2K-695,SHMSL,SHLF9385831,
374,U1524,C,12,R,1,A,130.0,356.8,356.800,14.33,,2018-02-10 19:06:33,MS2K-695,SHMSL,SHLF9385831,
374,U1524,C,12,R,1,A,132.5,356.825,356.825,28.00,,2018-02-10 19:06:33,MS2K-695,SHMSL,SHLF9385831,
374,U1524,C,12,R,1,A,135.0,356.85,356.850,14.67,,2018-02-10 19:06:33,MS2K-695,SHMSL,SHLF9385831,
374,U1524,C,12,R,1,A,137.5,356.875,356.875,13.67,,2018-02-10 19:06:33,MS2K-695,SHMSL,SHLF9385831,
374,U1524,C,12,R,1,A,140.0,356.9,356.900,13.67,,2018-02-10 19:06:33,MS2K-695,SHMSL,SHLF9385831,
374,U1524,C,12,R,2,A,2.5,356.935,356.935,9.00,374-MSPOINT-45192531-i_pi_ms.ini,2018-02-10 19:23:40,MS2K-695,SHMSL,SHLF9385861,
374,U1524,C,12,R,2,A,5.0,356.96,356.960,13.00,,2018-02-10 19:23:40,MS2K-695,SHMSL,SHLF9385861,
374,U1524,C,12,R,2,A,7.5,356.985,356.985,13.33,,2018-02-10 19:23:40,MS2K-695,SHMSL,SHLF9385861,
374,U1524,C,12,R,2,A,10.0,357.01,357.010,13.00,,2018-02-10 19:23:40,MS2K-695,SHMSL,SHLF9385861,
374,U1524,C,12,R,2,A,12.5,357.035,357.035,10.67,,2018-02-10 19:23:40,MS2K-695,SHMSL,SHLF9385861,
374,U1524,C,12,R,2,A,15.0,357.06,357.060,12.00,,2018-02-10 19:23:40,MS2K-695,SHMSL,SHLF9385861,
374,U1524,C,12,R,2,A,17.5,357.085,357.085,12.33,,2018-02-10 19:23:40,MS2K-695,SHMSL,SHLF9385861,
374,U1524,C,12,R,2,A,20.0,357.11,357.110,12.00,,2018-02-10 19:23:40,MS2K-695,SHMSL,SHLF9385861,
374,U1524,C,12,R,2,A,22.5,357.135,357.135,11.33,,2018-02-10 19:23:40,MS2K-695,SHMSL,SHLF9385861,
374,U1524,C,12,R,2,A,25.0,357.16,357.160,9.67,,2018-02-10 19:23:40,MS2K-695,SHMSL,SHLF9385861,
374,U1524,C,12,R,2,A,27.5,357.185,357.185,12.00,,2018-02-10 19:23:40,MS2K-695,SHMSL,SHLF9385861,
374,U1524,C,12,R,2,A,30.0,357.21,357.210,27.00,,2018-02-10 19:23:40,MS2K-695,SHMSL,SHLF9385861,
374,U1524,C,12,R,2,A,32.5,357.235,357.235,13.67,,2018-02-10 19:23:40,MS2K-695,SHMSL,SHLF9385861,
374,U1524,C,12,R,2,A,35.0,357.26,357.260,17.00,,2018-02-10 19:23:40,MS2K-695,SHMSL,SHLF9385861,
374,U1524,C,12,R,2,A,37.5,357.285,357.285,9.33,,2018-02-10 19:23:40,MS2K-695,SHMSL,SHLF9385861,
374,U1524,C,12,R,2,A,40.0,357.31,357.310,12.67,,2018-02-10 19:23:40,MS2K-695,SHMSL,SHLF9385861,
374,U1524,C,12,R,2,A,42.5,357.335,357.335,14.00,,2018-02-10 19:23:40,MS2K-695,SHMSL,SHLF9385861,
374,U1524,C,12,R,2,A,45.0,357.36,357.360,12.00,,2018-02-10 19:23:40,MS2K-695,SHMSL,SHLF9385861,
374,U1524,C,12,R,2,A,47.5,357.385,357.385,9.67,,2018-02-10 19:23:40,MS2K-695,SHMSL,SHLF9385861,
374,U1524,C,12,R,2,A,50.0,357.41,357.410,8.33,,2018-02-10 19:23:40,MS2K-695,SHMSL,SHLF9385861,
374,U1524,C,12,R,2,A,52.5,357.435,357.435,14.00,,2018-02-10 19:23:40,MS2K-695,SHMSL,SHLF9385861,
374,U1524,C,12,R,2,A,55.0,357.46,357.460,15.67,,2018-02-10 19:23:40,MS2K-695,SHMSL,SHLF9385861,
374,U1524,C,12,R,2,A,57.5,357.485,357.485,12.33,,2018-02-10 19:23:40,MS2K-695,SHMSL,SHLF9385861,
374,U1524,C,12,R,2,A,60.0,357.51,357.510,6.33,,2018-02-10 19:23:40,MS2K-695,SHMSL,SHLF9385861,
374,U1524,C,12,R,2,A,62.5,357.535,357.535,12.00,,2018-02-10 19:23:40,MS2K-695,SHMSL,SHLF9385861,
374,U1524,C,12,R,2,A,65.0,357.56,357.560,10.67,,2018-02-10 19:23:40,MS2K-695,SHMSL,SHLF9385861,
374,U1524,C,12,R,2,A,67.5,357.585,357.585,10.67,,2018-02-10 19:23:40,MS2K-695,SHMSL,SHLF9385861,
374,U1524,C,12,R,2,A,70.0,357.61,357.610,10.00,,2018-02-10 19:23:40,MS2K-695,SHMSL,SHLF9385861,
374,U1524,C,12,R,2,A,72.5,357.635,357.635,11.67,,2018-02-10 19:23:40,MS2K-695,SHMSL,SHLF9385861,
374,U1524,C,12,R,2,A,75.0,357.66,357.660,9.67,,2018-02-10 19:23:40,MS2K-695,SHMSL,SHLF9385861,
374,U1524,C,12,R,2,A,77.5,357.685,357.685,12.00,,2018-02-10 19:23:40,MS2K-695,SHMSL,SHLF9385861,
374,U1524,C,12,R,2,A,80.0,357.71,357.710,13.00,,2018-02-10 19:23:40,MS2K-695,SHMSL,SHLF9385861,
374,U1524,C,12,R,2,A,82.5,357.735,357.735,11.00,,2018-02-10 19:23:40,MS2K-695,SHMSL,SHLF9385861,
374,U1524,C,12,R,2,A,85.0,357.76,357.760,13.67,,2018-02-10 19:23:40,MS2K-695,SHMSL,SHLF9385861,
374,U1524,C,12,R,2,A,87.5,357.785,357.785,13.33,,2018-02-10 19:23:40,MS2K-695,SHMSL,SHLF9385861,
374,U1524,C,12,R,2,A,90.0,357.81,357.810,12.00,,2018-02-10 19:23:40,MS2K-695,SHMSL,SHLF9385861,
374,U1524,C,12,R,2,A,92.5,357.835,357.835,11.00,,2018-02-10 19:23:40,MS2K-695,SHMSL,SHLF9385861,
374,U1524,C,12,R,2,A,95.0,357.86,357.860,8.33,,2018-02-10 19:23:40,MS2K-695,SHMSL,SHLF9385861,
374,U1524,C,12,R,2,A,97.5,357.885,357.885,11.00,,2018-02-10 19:23:40,MS2K-695,SHMSL,SHLF9385861,
374,U1524,C,12,R,2,A,100.0,357.91,357.910,12.67,,2018-02-10 19:23:40,MS2K-695,SHMSL,SHLF9385861,
374,U1524,C,12,R,2,A,102.5,357.935,357.935,11.67,,2018-02-10 19:23:40,MS2K-695,SHMSL,SHLF9385861,
374,U1524,C,12,R,2,A,105.0,357.96,357.960,11.00,,2018-02-10 19:23:40,MS2K-695,SHMSL,SHLF9385861,
374,U1524,C,12,R,2,A,107.5,357.985,357.985,12.33,,2018-02-10 19:23:40,MS2K-695,SHMSL,SHLF9385861,
374,U1524,C,12,R,2,A,110.0,358.01,358.010,13.33,,2018-02-10 19:23:40,MS2K-695,SHMSL,SHLF9385861,
374,U1524,C,12,R,2,A,112.5,358.035,358.035,11.00,,2018-02-10 19:23:40,MS2K-695,SHMSL,SHLF9385861,
374,U1524,C,12,R,2,A,115.0,358.06,358.060,9.67,,2018-02-10 19:23:40,MS2K-695,SHMSL,SHLF9385861,
374,U1524,C,12,R,2,A,117.5,358.085,358.085,9.67,,2018-02-10 19:23:40,MS2K-695,SHMSL,SHLF9385861,
374,U1524,C,12,R,3,A,2.5,358.125,358.125,7.67,374-MSPOINT-45192531-i_pi_ms.ini,2018-02-10 19:39:42,MS2K-695,SHMSL,SHLF9385891,
374,U1524,C,12,R,3,A,5.0,358.15,358.150,8.00,,2018-02-10 19:39:42,MS2K-695,SHMSL,SHLF9385891,
374,U1524,C,12,R,3,A,7.5,358.175,358.175,12.00,,2018-02-10 19:39:42,MS2K-695,SHMSL,SHLF9385891,
374,U1524,C,12,R,3,A,10.0,358.2,358.200,8.00,,2018-02-10 19:39:42,MS2K-695,SHMSL,SHLF9385891,
374,U1524,C,12,R,3,A,12.5,358.225,358.225,12.33,,2018-02-10 19:39:42,MS2K-695,SHMSL,SHLF9385891,
374,U1524,C,12,R,3,A,15.0,358.25,358.250,9.00,,2018-02-10 19:39:42,MS2K-695,SHMSL,SHLF9385891,
374,U1524,C,12,R,3,A,17.5,358.275,358.275,9.00,,2018-02-10 19:39:42,MS2K-695,SHMSL,SHLF9385891,
374,U1524,C,12,R,3,A,20.0,358.3,358.300,8.33,,2018-02-10 19:39:42,MS2K-695,SHMSL,SHLF9385891,
374,U1524,C,12,R,3,A,22.5,358.325,358.325,10.67,,2018-02-10 19:39:42,MS2K-695,SHMSL,SHLF9385891,
374,U1524,C,12,R,3,A,25.0,358.35,358.350,9.00,,2018-02-10 19:39:42,MS2K-695,SHMSL,SHLF9385891,
374,U1524,C,12,R,3,A,27.5,358.375,358.375,8.67,,2018-02-10 19:39:42,MS2K-695,SHMSL,SHLF9385891,
374,U1524,C,12,R,3,A,30.0,358.4,358.400,8.00,,2018-02-10 19:39:42,MS2K-695,SHMSL,SHLF9385891,
374,U1524,C,12,R,3,A,32.5,358.425,358.425,7.00,,2018-02-10 19:39:42,MS2K-695,SHMSL,SHLF9385891,
374,U1524,C,12,R,3,A,35.0,358.45,358.450,8.00,,2018-02-10 19:39:42,MS2K-695,SHMSL,SHLF9385891,
374,U1524,C,12,R,3,A,37.5,358.475,358.475,7.00,,2018-02-10 19:39:42,MS2K-695,SHMSL,SHLF9385891,
374,U1524,C,12,R,3,A,40.0,358.5,358.500,6.00,,2018-02-10 19:39:42,MS2K-695,SHMSL,SHLF9385891,
374,U1524,C,12,R,3,A,42.5,358.525,358.525,8.00,,2018-02-10 19:39:42,MS2K-695,SHMSL,SHLF9385891,
374,U1524,C,12,R,3,A,45.0,358.55,358.550,7.67,,2018-02-10 19:39:42,MS2K-695,SHMSL,SHLF9385891,
374,U1524,C,12,R,3,A,47.5,358.575,358.575,7.00,,2018-02-10 19:39:42,MS2K-695,SHMSL,SHLF9385891,
374,U1524,C,12,R,3,A,50.0,358.6,358.600,5.67,,2018-02-10 19:39:42,MS2K-695,SHMSL,SHLF9385891,
374,U1524,C,12,R,3,A,52.5,358.625,358.625,4.67,,2018-02-10 19:39:42,MS2K-695,SHMSL,SHLF9385891,
374,U1524,C,12,R,3,A,55.0,358.65,358.650,7.00,,2018-02-10 19:39:42,MS2K-695,SHMSL,SHLF9385891,
374,U1524,C,12,R,3,A,57.5,358.675,358.675,6.67,,2018-02-10 19:39:42,MS2K-695,SHMSL,SHLF9385891,
374,U1524,C,12,R,3,A,60.0,358.7,358.700,6.67,,2018-02-10 19:39:42,MS2K-695,SHMSL,SHLF9385891,
374,U1524,C,12,R,3,A,62.5,358.725,358.725,6.33,,2018-02-10 19:39:42,MS2K-695,SHMSL,SHLF9385891,
374,U1524,C,12,R,3,A,65.0,358.75,358.750,6.00,,2018-02-10 19:39:42,MS2K-695,SHMSL,SHLF9385891,
374,U1524,C,12,R,3,A,67.5,358.775,358.775,5.00,,2018-02-10 19:39:42,MS2K-695,SHMSL,SHLF9385891,
374,U1524,C,12,R,3,A,70.0,358.8,358.800,6.00,,2018-02-10 19:39:42,MS2K-695,SHMSL,SHLF9385891,
374,U1524,C,12,R,3,A,72.5,358.825,358.825,5.00,,2018-02-10 19:39:42,MS2K-695,SHMSL,SHLF9385891,
374,U1524,C,12,R,3,A,75.0,358.85,358.850,-1.33,,2018-02-10 19:39:42,MS2K-695,SHMSL,SHLF9385891,
374,U1524,C,12,R,3,A,80.0,358.9,358.900,-1.67,,2018-02-10 19:39:42,MS2K-695,SHMSL,SHLF9385891,
374,U1524,C,16,R,1,A,2.5,393.925,393.925,11.33,374-MSPOINT-45192531-i_pi_ms.ini,2018-02-11 04:25:42,MS2K-695,SHMSL,SHLF9386441,
374,U1524,C,16,R,1,A,5.0,393.95,393.950,512.00,,2018-02-11 04:25:42,MS2K-695,SHMSL,SHLF9386441,
374,U1524,C,16,R,1,A,7.5,393.975,393.975,1578.67,,2018-02-11 04:25:42,MS2K-695,SHMSL,SHLF9386441,
374,U1524,C,16,R,1,A,10.0,394,394.000,746.67,,2018-02-11 04:25:42,MS2K-695,SHMSL,SHLF9386441,
374,U1524,C,16,R,1,A,12.5,394.025,394.025,18.33,,2018-02-11 04:25:42,MS2K-695,SHMSL,SHLF9386441,
374,U1524,C,16,R,1,A,15.0,394.05,394.050,15.00,,2018-02-11 04:25:42,MS2K-695,SHMSL,SHLF9386441,
374,U1524,C,16,R,1,A,17.5,394.075,394.075,12.33,,2018-02-11 04:25:42,MS2K-695,SHMSL,SHLF9386441,
374,U1524,C,16,R,1,A,20.0,394.1,394.100,15.33,,2018-02-11 04:25:42,MS2K-695,SHMSL,SHLF9386441,
374,U1524,C,16,R,1,A,22.5,394.125,394.125,14.00,,2018-02-11 04:25:42,MS2K-695,SHMSL,SHLF9386441,
374,U1524,C,16,R,1,A,25.0,394.15,394.150,13.33,,2018-02-11 04:25:42,MS2K-695,SHMSL,SHLF9386441,
374,U1524,C,16,R,1,A,27.5,394.175,394.175,10.00,,2018-02-11 04:25:42,MS2K-695,SHMSL,SHLF9386441,
374,U1524,C,16,R,1,A,30.0,394.2,394.200,8.67,,2018-02-11 04:25:42,MS2K-695,SHMSL,SHLF9386441,
374,U1524,C,16,R,1,A,32.5,394.225,394.225,7.00,,2018-02-11 04:25:42,MS2K-695,SHMSL,SHLF9386441,
374,U1524,C,16,R,1,A,35.0,394.25,394.250,15.67,,2018-02-11 04:25:42,MS2K-695,SHMSL,SHLF9386441,
374,U1524,C,16,R,1,A,37.5,394.275,394.275,15.00,,2018-02-11 04:25:42,MS2K-695,SHMSL,SHLF9386441,
374,U1524,C,16,R,1,A,40.0,394.3,394.300,20.33,,2018-02-11 04:25:42,MS2K-695,SHMSL,SHLF9386441,
374,U1524,C,16,R,1,A,42.5,394.325,394.325,25.67,,2018-02-11 04:25:42,MS2K-695,SHMSL,SHLF9386441,
374,U1524,C,16,R,1,A,45.0,394.35,394.350,10.00,,2018-02-11 04:25:42,MS2K-695,SHMSL,SHLF9386441,
374,U1524,C,16,R,1,A,47.5,394.375,394.375,16.67,,2018-02-11 04:25:42,MS2K-695,SHMSL,SHLF9386441,
374,U1524,C,16,R,1,A,50.0,394.4,394.400,12.67,,2018-02-11 04:25:42,MS2K-695,SHMSL,SHLF9386441,
374,U1524,C,16,R,1,A,52.5,394.425,394.425,8.33,,2018-02-11 04:25:42,MS2K-695,SHMSL,SHLF9386441,
374,U1524,C,16,R,1,A,55.0,394.45,394.450,6.33,,2018-02-11 04:25:42,MS2K-695,SHMSL,SHLF9386441,
374,U1524,C,16,R,1,A,57.5,394.475,394.475,3.33,,2018-02-11 04:25:42,MS2K-695,SHMSL,SHLF9386441,
374,U1524,C,16,R,1,A,60.0,394.5,394.500,1.00,,2018-02-11 04:25:42,MS2K-695,SHMSL,SHLF9386441,
374,U1524,C,16,R,1,A,62.5,394.525,394.525,0.33,,2018-02-11 04:25:42,MS2K-695,SHMSL,SHLF9386441,
374,U1524,C,16,R,1,A,65.0,394.55,394.550,2.00,,2018-02-11 04:25:42,MS2K-695,SHMSL,SHLF9386441,
374,U1524,C,16,R,1,A,67.5,394.575,394.575,6.33,,2018-02-11 04:25:42,MS2K-695,SHMSL,SHLF9386441,
374,U1524,C,16,R,1,A,70.0,394.6,394.600,7.00,,2018-02-11 04:25:42,MS2K-695,SHMSL,SHLF9386441,
374,U1524,C,16,R,1,A,72.5,394.625,394.625,8.67,,2018-02-11 04:25:42,MS2K-695,SHMSL,SHLF9386441,
374,U1524,C,16,R,1,A,75.0,394.65,394.650,10.33,,2018-02-11 04:25:42,MS2K-695,SHMSL,SHLF9386441,
374,U1524,C,16,R,1,A,77.5,394.675,394.675,9.00,,2018-02-11 04:25:42,MS2K-695,SHMSL,SHLF9386441,
374,U1524,C,16,R,1,A,80.0,394.7,394.700,8.00,,2018-02-11 04:25:42,MS2K-695,SHMSL,SHLF9386441,
374,U1524,C,16,R,1,A,82.5,394.725,394.725,11.00,,2018-02-11 04:25:42,MS2K-695,SHMSL,SHLF9386441,
374,U1524,C,16,R,1,A,85.0,394.75,394.750,7.00,,2018-02-11 04:25:42,MS2K-695,SHMSL,SHLF9386441,
374,U1524,C,16,R,1,A,87.5,394.775,394.775,6.00,,2018-02-11 04:25:42,MS2K-695,SHMSL,SHLF9386441,
374,U1524,C,16,R,1,A,90.0,394.8,394.800,3.33,,2018-02-11 04:25:42,MS2K-695,SHMSL,SHLF9386441,
374,U1524,C,16,R,1,A,92.5,394.825,394.825,5.33,,2018-02-11 04:25:42,MS2K-695,SHMSL,SHLF9386441,
374,U1524,C,16,R,1,A,95.0,394.85,394.850,6.67,,2018-02-11 04:25:42,MS2K-695,SHMSL,SHLF9386441,
374,U1524,C,16,R,1,A,97.5,394.875,394.875,9.00,,2018-02-11 04:25:42,MS2K-695,SHMSL,SHLF9386441,
374,U1524,C,16,R,2,A,2.5,394.935,394.935,2.33,374-MSPOINT-45192531-i_pi_ms.ini,2018-02-11 04:42:31,MS2K-695,SHMSL,SHLF9386471,
374,U1524,C,16,R,2,A,5.0,394.96,394.960,11.00,,2018-02-11 04:42:31,MS2K-695,SHMSL,SHLF9386471,
374,U1524,C,16,R,2,A,7.5,394.985,394.985,11.00,,2018-02-11 04:42:31,MS2K-695,SHMSL,SHLF9386471,
374,U1524,C,16,R,2,A,10.0,395.01,395.010,9.00,,2018-02-11 04:42:31,MS2K-695,SHMSL,SHLF9386471,
374,U1524,C,16,R,2,A,12.5,395.035,395.035,6.67,,2018-02-11 04:42:31,MS2K-695,SHMSL,SHLF9386471,
374,U1524,C,16,R,2,A,15.0,395.06,395.060,17.00,,2018-02-11 04:42:31,MS2K-695,SHMSL,SHLF9386471,
374,U1524,C,16,R,2,A,17.5,395.085,395.085,13.00,,2018-02-11 04:42:31,MS2K-695,SHMSL,SHLF9386471,
374,U1524,C,16,R,2,A,20.0,395.11,395.110,14.33,,2018-02-11 04:42:31,MS2K-695,SHMSL,SHLF9386471,
374,U1524,C,16,R,2,A,22.5,395.135,395.135,14.00,,2018-02-11 04:42:31,MS2K-695,SHMSL,SHLF9386471,
374,U1524,C,16,R,2,A,25.0,395.16,395.160,15.67,,2018-02-11 04:42:31,MS2K-695,SHMSL,SHLF9386471,
374,U1524,C,16,R,2,A,27.5,395.185,395.185,13.00,,2018-02-11 04:42:31,MS2K-695,SHMSL,SHLF9386471,
374,U1524,C,16,R,2,A,30.0,395.21,395.210,10.33,,2018-02-11 04:42:31,MS2K-695,SHMSL,SHLF9386471,
374,U1524,C,16,R,2,A,32.5,395.235,395.235,11.00,,2018-02-11 04:42:31,MS2K-695,SHMSL,SHLF9386471,
374,U1524,C,16,R,2,A,35.0,395.26,395.260,11.00,,2018-02-11 04:42:31,MS2K-695,SHMSL,SHLF9386471,
374,U1524,C,16,R,2,A,37.5,395.285,395.285,7.33,,2018-02-11 04:42:31,MS2K-695,SHMSL,SHLF9386471,
374,U1524,C,16,R,2,A,40.0,395.31,395.310,6.33,,2018-02-11 04:42:31,MS2K-695,SHMSL,SHLF9386471,
374,U1524,C,16,R,2,A,42.5,395.335,395.335,7.67,,2018-02-11 04:42:31,MS2K-695,SHMSL,SHLF9386471,
374,U1524,C,16,R,2,A,45.0,395.36,395.360,10.33,,2018-02-11 04:42:31,MS2K-695,SHMSL,SHLF9386471,
374,U1524,C,16,R,2,A,47.5,395.385,395.385,9.67,,2018-02-11 04:42:31,MS2K-695,SHMSL,SHLF9386471,
374,U1524,C,16,R,2,A,50.0,395.41,395.410,10.00,,2018-02-11 04:42:31,MS2K-695,SHMSL,SHLF9386471,
374,U1524,C,16,R,2,A,52.5,395.435,395.435,11.00,,2018-02-11 04:42:31,MS2K-695,SHMSL,SHLF9386471,
374,U1524,C,16,R,2,A,55.0,395.46,395.460,11.67,,2018-02-11 04:42:31,MS2K-695,SHMSL,SHLF9386471,
374,U1524,C,16,R,2,A,57.5,395.485,395.485,10.67,,2018-02-11 04:42:31,MS2K-695,SHMSL,SHLF9386471,
374,U1524,C,16,R,2,A,60.0,395.51,395.510,10.33,,2018-02-11 04:42:31,MS2K-695,SHMSL,SHLF9386471,
374,U1524,C,16,R,2,A,62.5,395.535,395.535,10.33,,2018-02-11 04:42:31,MS2K-695,SHMSL,SHLF9386471,
374,U1524,C,16,R,2,A,65.0,395.56,395.560,11.00,,2018-02-11 04:42:31,MS2K-695,SHMSL,SHLF9386471,
374,U1524,C,16,R,2,A,67.5,395.585,395.585,11.00,,2018-02-11 04:42:31,MS2K-695,SHMSL,SHLF9386471,
374,U1524,C,16,R,2,A,70.0,395.61,395.610,10.33,,2018-02-11 04:42:31,MS2K-695,SHMSL,SHLF9386471,
374,U1524,C,16,R,2,A,72.5,395.635,395.635,10.67,,2018-02-11 04:42:31,MS2K-695,SHMSL,SHLF9386471,
374,U1524,C,16,R,2,A,75.0,395.66,395.660,10.00,,2018-02-11 04:42:31,MS2K-695,SHMSL,SHLF9386471,
374,U1524,C,16,R,2,A,77.5,395.685,395.685,10.00,,2018-02-11 04:42:31,MS2K-695,SHMSL,SHLF9386471,
374,U1524,C,16,R,2,A,80.0,395.71,395.710,9.00,,2018-02-11 04:42:31,MS2K-695,SHMSL,SHLF9386471,
374,U1524,C,16,R,2,A,82.5,395.735,395.735,9.67,,2018-02-11 04:42:31,MS2K-695,SHMSL,SHLF9386471,
374,U1524,C,16,R,2,A,85.0,395.76,395.760,9.00,,2018-02-11 04:42:31,MS2K-695,SHMSL,SHLF9386471,
374,U1524,C,16,R,2,A,87.5,395.785,395.785,8.33,,2018-02-11 04:42:31,MS2K-695,SHMSL,SHLF9386471,
374,U1524,C,16,R,2,A,90.0,395.81,395.810,9.67,,2018-02-11 04:42:31,MS2K-695,SHMSL,SHLF9386471,
374,U1524,C,16,R,2,A,92.5,395.835,395.835,10.33,,2018-02-11 04:42:31,MS2K-695,SHMSL,SHLF9386471,
374,U1524,C,16,R,2,A,95.0,395.86,395.860,11.67,,2018-02-11 04:42:31,MS2K-695,SHMSL,SHLF9386471,
374,U1524,C,16,R,2,A,97.5,395.885,395.885,12.67,,2018-02-11 04:42:31,MS2K-695,SHMSL,SHLF9386471,
374,U1524,C,16,R,2,A,100.0,395.91,395.910,12.00,,2018-02-11 04:42:31,MS2K-695,SHMSL,SHLF9386471,
374,U1524,C,16,R,2,A,102.5,395.935,395.935,13.00,,2018-02-11 04:42:31,MS2K-695,SHMSL,SHLF9386471,
374,U1524,C,16,R,2,A,105.0,395.96,395.960,11.00,,2018-02-11 04:42:31,MS2K-695,SHMSL,SHLF9386471,
374,U1524,C,16,R,2,A,107.5,395.985,395.985,10.33,,2018-02-11 04:42:31,MS2K-695,SHMSL,SHLF9386471,
374,U1524,C,16,R,2,A,110.0,396.01,396.010,12.00,,2018-02-11 04:42:31,MS2K-695,SHMSL,SHLF9386471,
374,U1524,C,16,R,2,A,112.5,396.035,396.035,10.00,,2018-02-11 04:42:31,MS2K-695,SHMSL,SHLF9386471,
374,U1524,C,16,R,2,A,115.0,396.06,396.060,11.67,,2018-02-11 04:42:31,MS2K-695,SHMSL,SHLF9386471,
374,U1524,C,16,R,2,A,117.5,396.085,396.085,6.67,,2018-02-11 04:42:31,MS2K-695,SHMSL,SHLF9386471,
374,U1524,C,16,R,2,A,120.0,396.11,396.110,10.00,,2018-02-11 04:42:31,MS2K-695,SHMSL,SHLF9386471,
374,U1524,C,16,R,2,A,122.5,396.135,396.135,11.00,,2018-02-11 04:42:31,MS2K-695,SHMSL,SHLF9386471,
374,U1524,C,16,R,2,A,125.0,396.16,396.160,7.33,,2018-02-11 04:42:31,MS2K-695,SHMSL,SHLF9386471,
374,U1524,C,16,R,2,A,127.5,396.185,396.185,9.00,,2018-02-11 04:42:31,MS2K-695,SHMSL,SHLF9386471,
374,U1524,C,16,R,2,A,130.0,396.21,396.210,8.33,,2018-02-11 04:42:31,MS2K-695,SHMSL,SHLF9386471,
374,U1524,C,16,R,2,A,132.5,396.235,396.235,7.67,,2018-02-11 04:42:31,MS2K-695,SHMSL,SHLF9386471,
374,U1524,C,16,R,2,A,135.0,396.26,396.260,7.67,,2018-02-11 04:42:31,MS2K-695,SHMSL,SHLF9386471,
374,U1524,C,16,R,3,A,2.5,396.405,396.405,2.33,374-MSPOINT-45192531-i_pi_ms.ini,2018-02-11 04:49:46,MS2K-695,SHMSL,SHLF9386501,
374,U1524,C,16,R,3,A,5.0,396.43,396.430,11.00,,2018-02-11 04:49:46,MS2K-695,SHMSL,SHLF9386501,
374,U1524,C,16,R,3,A,7.5,396.455,396.455,8.67,,2018-02-11 04:49:46,MS2K-695,SHMSL,SHLF9386501,
374,U1524,C,16,R,3,A,10.0,396.48,396.480,9.33,,2018-02-11 04:49:46,MS2K-695,SHMSL,SHLF9386501,
374,U1524,C,16,R,3,A,12.5,396.505,396.505,9.00,,2018-02-11 04:49:46,MS2K-695,SHMSL,SHLF9386501,
374,U1524,C,16,R,3,A,15.0,396.53,396.530,8.67,,2018-02-11 04:49:46,MS2K-695,SHMSL,SHLF9386501,
374,U1524,C,16,R,3,A,17.5,396.555,396.555,9.00,,2018-02-11 04:49:46,MS2K-695,SHMSL,SHLF9386501,
374,U1524,C,16,R,3,A,20.0,396.58,396.580,10.00,,2018-02-11 04:49:46,MS2K-695,SHMSL,SHLF9386501,
374,U1524,C,16,R,3,A,22.5,396.605,396.605,8.00,,2018-02-11 04:49:46,MS2K-695,SHMSL,SHLF9386501,
374,U1524,C,16,R,3,A,25.0,396.63,396.630,10.00,,2018-02-11 04:49:46,MS2K-695,SHMSL,SHLF9386501,
374,U1524,C,16,R,3,A,27.5,396.655,396.655,9.67,,2018-02-11 04:49:46,MS2K-695,SHMSL,SHLF9386501,
374,U1524,C,16,R,3,A,30.0,396.68,396.680,8.00,,2018-02-11 04:49:46,MS2K-695,SHMSL,SHLF9386501,
374,U1524,C,16,R,3,A,32.5,396.705,396.705,8.00,,2018-02-11 04:49:46,MS2K-695,SHMSL,SHLF9386501,
374,U1524,C,16,R,3,A,35.0,396.73,396.730,8.00,,2018-02-11 04:49:46,MS2K-695,SHMSL,SHLF9386501,
374,U1524,C,16,R,3,A,37.5,396.755,396.755,5.67,,2018-02-11 04:49:46,MS2K-695,SHMSL,SHLF9386501,
374,U1524,C,16,R,3,A,40.0,396.78,396.780,3.67,,2018-02-11 04:49:46,MS2K-695,SHMSL,SHLF9386501,
374,U1524,C,16,R,3,A,42.5,396.805,396.805,2.67,,2018-02-11 04:49:46,MS2K-695,SHMSL,SHLF9386501,
374,U1524,C,16,R,3,A,45.0,396.83,396.830,2.67,,2018-02-11 04:49:46,MS2K-695,SHMSL,SHLF9386501,
374,U1524,C,16,R,3,A,47.5,396.855,396.855,2.33,,2018-02-11 04:49:46,MS2K-695,SHMSL,SHLF9386501,
374,U1524,C,16,R,3,A,50.0,396.88,396.880,4.00,,2018-02-11 04:49:46,MS2K-695,SHMSL,SHLF9386501,
374,U1524,C,16,R,3,A,52.5,396.905,396.905,5.00,,2018-02-11 04:49:46,MS2K-695,SHMSL,SHLF9386501,
374,U1524,C,16,R,3,A,55.0,396.93,396.930,6.67,,2018-02-11 04:49:46,MS2K-695,SHMSL,SHLF9386501,
374,U1524,C,16,R,3,A,57.5,396.955,396.955,8.00,,2018-02-11 04:49:46,MS2K-695,SHMSL,SHLF9386501,
374,U1524,C,16,R,3,A,60.0,396.98,396.980,7.33,,2018-02-11 04:49:46,MS2K-695,SHMSL,SHLF9386501,
374,U1524,C,16,R,3,A,62.5,397.005,397.005,9.00,,2018-02-11 04:49:46,MS2K-695,SHMSL,SHLF9386501,
374,U1524,C,16,R,3,A,65.0,397.03,397.030,8.33,,2018-02-11 04:49:46,MS2K-695,SHMSL,SHLF9386501,
374,U1524,C,16,R,3,A,67.5,397.055,397.055,7.33,,2018-02-11 04:49:46,MS2K-695,SHMSL,SHLF9386501,
374,U1524,C,16,R,3,A,70.0,397.08,397.080,6.00,,2018-02-11 04:49:46,MS2K-695,SHMSL,SHLF9386501,
374,U1524,C,16,R,3,A,72.5,397.105,397.105,7.00,,2018-02-11 04:49:46,MS2K-695,SHMSL,SHLF9386501,
374,U1524,C,16,R,3,A,75.0,397.13,397.130,7.00,,2018-02-11 04:49:46,MS2K-695,SHMSL,SHLF9386501,
374,U1524,C,16,R,3,A,77.5,397.155,397.155,7.33,,2018-02-11 04:49:46,MS2K-695,SHMSL,SHLF9386501,
374,U1524,C,16,R,3,A,80.0,397.18,397.180,6.00,,2018-02-11 04:49:46,MS2K-695,SHMSL,SHLF9386501,
374,U1524,C,16,R,3,A,82.5,397.205,397.205,8.33,,2018-02-11 04:49:46,MS2K-695,SHMSL,SHLF9386501,
374,U1524,C,16,R,3,A,85.0,397.23,397.230,9.00,,2018-02-11 04:49:46,MS2K-695,SHMSL,SHLF9386501,
374,U1524,C,16,R,3,A,87.5,397.255,397.255,9.00,,2018-02-11 04:49:46,MS2K-695,SHMSL,SHLF9386501,
374,U1524,C,16,R,3,A,90.0,397.28,397.280,8.67,,2018-02-11 04:49:46,MS2K-695,SHMSL,SHLF9386501,
374,U1524,C,16,R,3,A,92.5,397.305,397.305,8.33,,2018-02-11 04:49:46,MS2K-695,SHMSL,SHLF9386501,
374,U1524,C,16,R,3,A,95.0,397.33,397.330,8.67,,2018-02-11 04:49:46,MS2K-695,SHMSL,SHLF9386501,
374,U1524,C,16,R,4,A,2.5,397.385,397.385,6.33,374-MSPOINT-45192531-i_pi_ms.ini,2018-02-11 05:07:27,MS2K-695,SHMSL,SHLF9386531,
374,U1524,C,16,R,4,A,5.0,397.41,397.410,8.33,,2018-02-11 05:07:27,MS2K-695,SHMSL,SHLF9386531,
374,U1524,C,16,R,4,A,7.5,397.435,397.435,8.00,,2018-02-11 05:07:27,MS2K-695,SHMSL,SHLF9386531,
374,U1524,C,16,R,4,A,10.0,397.46,397.460,7.67,,2018-02-11 05:07:27,MS2K-695,SHMSL,SHLF9386531,
374,U1524,C,16,R,4,A,12.5,397.485,397.485,7.33,,2018-02-11 05:07:27,MS2K-695,SHMSL,SHLF9386531,
374,U1524,C,16,R,4,A,15.0,397.51,397.510,8.00,,2018-02-11 05:07:27,MS2K-695,SHMSL,SHLF9386531,
374,U1524,C,16,R,4,A,17.5,397.535,397.535,6.00,,2018-02-11 05:07:27,MS2K-695,SHMSL,SHLF9386531,
374,U1524,C,16,R,4,A,20.0,397.56,397.560,8.00,,2018-02-11 05:07:27,MS2K-695,SHMSL,SHLF9386531,
374,U1524,C,16,R,4,A,22.5,397.585,397.585,8.67,,2018-02-11 05:07:27,MS2K-695,SHMSL,SHLF9386531,
374,U1524,C,16,R,4,A,25.0,397.61,397.610,8.00,,2018-02-11 05:07:27,MS2K-695,SHMSL,SHLF9386531,
374,U1524,C,16,R,4,A,27.5,397.635,397.635,9.00,,2018-02-11 05:07:27,MS2K-695,SHMSL,SHLF9386531,
374,U1524,C,16,R,4,A,30.0,397.66,397.660,9.00,,2018-02-11 05:07:27,MS2K-695,SHMSL,SHLF9386531,
374,U1524,C,16,R,4,A,32.5,397.685,397.685,9.00,,2018-02-11 05:07:27,MS2K-695,SHMSL,SHLF9386531,
374,U1524,C,16,R,4,A,35.0,397.71,397.710,9.67,,2018-02-11 05:07:27,MS2K-695,SHMSL,SHLF9386531,
374,U1524,C,16,R,4,A,37.5,397.735,397.735,11.00,,2018-02-11 05:07:27,MS2K-695,SHMSL,SHLF9386531,
374,U1524,C,16,R,4,A,40.0,397.76,397.760,11.33,,2018-02-11 05:07:27,MS2K-695,SHMSL,SHLF9386531,
374,U1524,C,16,R,4,A,42.5,397.785,397.785,10.67,,2018-02-11 05:07:27,MS2K-695,SHMSL,SHLF9386531,
374,U1524,C,16,R,4,A,45.0,397.81,397.810,10.67,,2018-02-11 05:07:27,MS2K-695,SHMSL,SHLF9386531,
374,U1524,C,16,R,4,A,47.5,397.835,397.835,11.00,,2018-02-11 05:07:27,MS2K-695,SHMSL,SHLF9386531,
374,U1524,C,16,R,4,A,50.0,397.86,397.860,12.00,,2018-02-11 05:07:27,MS2K-695,SHMSL,SHLF9386531,
374,U1524,C,16,R,4,A,52.5,397.885,397.885,12.00,,2018-02-11 05:07:27,MS2K-695,SHMSL,SHLF9386531,
374,U1524,C,16,R,4,A,55.0,397.91,397.910,12.00,,2018-02-11 05:07:27,MS2K-695,SHMSL,SHLF9386531,
374,U1524,C,16,R,CC,A,2.5,397.955,397.955,2.33,374-MSPOINT-45192531-i_pi_ms.ini,2018-02-11 05:21:14,MS2K-695,SHMSL,SHLF9386561,
374,U1524,C,16,R,CC,A,5.0,397.98,397.980,11.00,,2018-02-11 05:21:14,MS2K-695,SHMSL,SHLF9386561,
374,U1524,C,16,R,CC,A,7.5,398.005,398.005,12.33,,2018-02-11 05:21:14,MS2K-695,SHMSL,SHLF9386561,
374,U1524,C,16,R,CC,A,10.0,398.03,398.030,9.00,,2018-02-11 05:21:14,MS2K-695,SHMSL,SHLF9386561,
374,U1524,C,20,R,1,A,2.5,432.325,432.325,15.00,374-MSPOINT-45192531-i_pi_ms.ini,2018-02-11 09:27:41,MS2K-695,SHMSL,SHLF9386991,
374,U1524,C,20,R,1,A,5.0,432.35,432.350,13.00,,2018-02-11 09:27:41,MS2K-695,SHMSL,SHLF9386991,
374,U1524,C,20,R,1,A,7.5,432.375,432.375,11.67,,2018-02-11 09:27:41,MS2K-695,SHMSL,SHLF9386991,
374,U1524,C,20,R,1,A,10.0,432.4,432.400,11.00,,2018-02-11 09:27:41,MS2K-695,SHMSL,SHLF9386991,
374,U1524,C,20,R,1,A,12.5,432.425,432.425,11.67,,2018-02-11 09:27:41,MS2K-695,SHMSL,SHLF9386991,
374,U1524,C,20,R,1,A,15.0,432.45,432.450,5.00,,2018-02-11 09:27:41,MS2K-695,SHMSL,SHLF9386991,
374,U1524,C,20,R,1,A,17.5,432.475,432.475,5.00,,2018-02-11 09:27:41,MS2K-695,SHMSL,SHLF9386991,
374,U1524,C,20,R,1,A,20.0,432.5,432.500,7.33,,2018-02-11 09:27:41,MS2K-695,SHMSL,SHLF9386991,
374,U1524,C,20,R,1,A,22.5,432.525,432.525,11.33,,2018-02-11 09:27:41,MS2K-695,SHMSL,SHLF9386991,
374,U1524,C,20,R,1,A,25.0,432.55,432.550,10.33,,2018-02-11 09:27:41,MS2K-695,SHMSL,SHLF9386991,
374,U1524,C,20,R,1,A,27.5,432.575,432.575,5.00,,2018-02-11 09:27:41,MS2K-695,SHMSL,SHLF9386991,
374,U1524,C,20,R,1,A,30.0,432.6,432.600,5.00,,2018-02-11 09:27:41,MS2K-695,SHMSL,SHLF9386991,
374,U1524,C,20,R,1,A,32.5,432.625,432.625,7.33,,2018-02-11 09:27:41,MS2K-695,SHMSL,SHLF9386991,
374,U1524,C,20,R,1,A,35.0,432.65,432.650,9.00,,2018-02-11 09:27:41,MS2K-695,SHMSL,SHLF9386991,
374,U1524,C,20,R,1,A,37.5,432.675,432.675,9.67,,2018-02-11 09:27:41,MS2K-695,SHMSL,SHLF9386991,
374,U1524,C,20,R,1,A,40.0,432.7,432.700,13.00,,2018-02-11 09:27:41,MS2K-695,SHMSL,SHLF9386991,
374,U1524,C,20,R,1,A,42.5,432.725,432.725,12.00,,2018-02-11 09:27:41,MS2K-695,SHMSL,SHLF9386991,
374,U1524,C,20,R,1,A,45.0,432.75,432.750,12.00,,2018-02-11 09:27:41,MS2K-695,SHMSL,SHLF9386991,
374,U1524,C,20,R,1,A,47.5,432.775,432.775,11.67,,2018-02-11 09:27:41,MS2K-695,SHMSL,SHLF9386991,
374,U1524,C,20,R,1,A,50.0,432.8,432.800,10.00,,2018-02-11 09:27:41,MS2K-695,SHMSL,SHLF9386991,
374,U1524,C,20,R,1,A,52.5,432.825,432.825,11.67,,2018-02-11 09:27:41,MS2K-695,SHMSL,SHLF9386991,
374,U1524,C,20,R,1,A,55.0,432.85,432.850,11.00,,2018-02-11 09:27:41,MS2K-695,SHMSL,SHLF9386991,
374,U1524,C,20,R,1,A,57.5,432.875,432.875,6.67,,2018-02-11 09:27:41,MS2K-695,SHMSL,SHLF9386991,
374,U1524,C,20,R,1,A,60.0,432.9,432.900,7.33,,2018-02-11 09:27:41,MS2K-695,SHMSL,SHLF9386991,
374,U1524,C,20,R,1,A,62.5,432.925,432.925,5.33,,2018-02-11 09:27:41,MS2K-695,SHMSL,SHLF9386991,
374,U1524,C,20,R,1,A,65.0,432.95,432.950,9.00,,2018-02-11 09:27:41,MS2K-695,SHMSL,SHLF9386991,
374,U1524,C,20,R,1,A,67.5,432.975,432.975,14.67,,2018-02-11 09:27:41,MS2K-695,SHMSL,SHLF9386991,
374,U1524,C,20,R,1,A,70.0,433,433.000,14.67,,2018-02-11 09:27:41,MS2K-695,SHMSL,SHLF9386991,
374,U1524,C,20,R,1,A,72.5,433.025,433.025,14.33,,2018-02-11 09:27:41,MS2K-695,SHMSL,SHLF9386991,
374,U1524,C,20,R,1,A,75.0,433.05,433.050,31.67,,2018-02-11 09:27:41,MS2K-695,SHMSL,SHLF9386991,
374,U1524,C,20,R,1,A,77.5,433.075,433.075,672.33,,2018-02-11 09:27:41,MS2K-695,SHMSL,SHLF9386991,
374,U1524,C,20,R,1,A,80.0,433.1,433.100,237.00,,2018-02-11 09:27:41,MS2K-695,SHMSL,SHLF9386991,
374,U1524,C,20,R,1,A,82.5,433.125,433.125,18.00,,2018-02-11 09:27:41,MS2K-695,SHMSL,SHLF9386991,
374,U1524,C,20,R,1,A,85.0,433.15,433.150,15.00,,2018-02-11 09:27:41,MS2K-695,SHMSL,SHLF9386991,
374,U1524,C,20,R,1,A,87.5,433.175,433.175,15.33,,2018-02-11 09:27:41,MS2K-695,SHMSL,SHLF9386991,
374,U1524,C,20,R,1,A,90.0,433.2,433.200,6.33,,2018-02-11 09:27:41,MS2K-695,SHMSL,SHLF9386991,
374,U1524,C,20,R,1,A,92.5,433.225,433.225,7.33,,2018-02-11 09:27:41,MS2K-695,SHMSL,SHLF9386991,
374,U1524,C,20,R,1,A,95.0,433.25,433.250,10.33,,2018-02-11 09:27:41,MS2K-695,SHMSL,SHLF9386991,
374,U1524,C,20,R,1,A,97.5,433.275,433.275,8.33,,2018-02-11 09:27:41,MS2K-695,SHMSL,SHLF9386991,
374,U1524,C,20,R,1,A,100.0,433.3,433.300,12.00,,2018-02-11 09:27:41,MS2K-695,SHMSL,SHLF9386991,
374,U1524,C,20,R,1,A,102.5,433.325,433.325,12.00,,2018-02-11 09:27:41,MS2K-695,SHMSL,SHLF9386991,
374,U1524,C,20,R,1,A,105.0,433.35,433.350,13.00,,2018-02-11 09:27:41,MS2K-695,SHMSL,SHLF9386991,
374,U1524,C,20,R,1,A,107.5,433.375,433.375,15.00,,2018-02-11 09:27:41,MS2K-695,SHMSL,SHLF9386991,
374,U1524,C,20,R,1,A,110.0,433.4,433.400,15.00,,2018-02-11 09:27:41,MS2K-695,SHMSL,SHLF9386991,
374,U1524,C,20,R,1,A,112.5,433.425,433.425,13.00,,2018-02-11 09:27:41,MS2K-695,SHMSL,SHLF9386991,
374,U1524,C,20,R,1,A,115.0,433.45,433.450,15.67,,2018-02-11 09:27:41,MS2K-695,SHMSL,SHLF9386991,
374,U1524,C,20,R,1,A,117.5,433.475,433.475,17.00,,2018-02-11 09:27:41,MS2K-695,SHMSL,SHLF9386991,
374,U1524,C,20,R,1,A,120.0,433.5,433.500,17.33,,2018-02-11 09:27:41,MS2K-695,SHMSL,SHLF9386991,
374,U1524,C,20,R,1,A,122.5,433.525,433.525,16.00,,2018-02-11 09:27:41,MS2K-695,SHMSL,SHLF9386991,
374,U1524,C,20,R,1,A,125.0,433.55,433.550,15.00,,2018-02-11 09:27:41,MS2K-695,SHMSL,SHLF9386991,
374,U1524,C,20,R,1,A,127.5,433.575,433.575,15.33,,2018-02-11 09:27:41,MS2K-695,SHMSL,SHLF9386991,
374,U1524,C,20,R,1,A,130.0,433.6,433.600,15.00,,2018-02-11 09:27:41,MS2K-695,SHMSL,SHLF9386991,
374,U1524,C,20,R,1,A,132.5,433.625,433.625,14.00,,2018-02-11 09:27:41,MS2K-695,SHMSL,SHLF9386991,
374,U1524,C,20,R,1,A,135.0,433.65,433.650,14.00,,2018-02-11 09:27:41,MS2K-695,SHMSL,SHLF9386991,
374,U1524,C,20,R,1,A,137.5,433.675,433.675,14.00,,2018-02-11 09:27:41,MS2K-695,SHMSL,SHLF9386991,
374,U1524,C,20,R,1,A,140.0,433.7,433.700,15.00,,2018-02-11 09:27:41,MS2K-695,SHMSL,SHLF9386991,
374,U1524,C,20,R,1,A,142.5,433.725,433.725,13.67,,2018-02-11 09:27:41,MS2K-695,SHMSL,SHLF9386991,
374,U1524,C,20,R,1,A,145.0,433.75,433.750,12.00,,2018-02-11 09:27:41,MS2K-695,SHMSL,SHLF9386991,
374,U1524,C,20,R,1,A,147.5,433.775,433.775,15.67,,2018-02-11 09:27:41,MS2K-695,SHMSL,SHLF9386991,
374,U1524,C,20,R,2,A,2.5,433.825,433.825,8.67,374-MSPOINT-45192531-i_pi_ms.ini,2018-02-11 11:51:08,MS2K-695,SHMSL,SHLF9387021,
374,U1524,C,20,R,2,A,5.0,433.85,433.850,9.33,,2018-02-11 11:51:08,MS2K-695,SHMSL,SHLF9387021,
374,U1524,C,20,R,2,A,7.5,433.875,433.875,13.67,,2018-02-11 11:51:08,MS2K-695,SHMSL,SHLF9387021,
374,U1524,C,20,R,2,A,10.0,433.9,433.900,16.00,,2018-02-11 11:51:08,MS2K-695,SHMSL,SHLF9387021,
374,U1524,C,20,R,2,A,12.5,433.925,433.925,15.00,,2018-02-11 11:51:08,MS2K-695,SHMSL,SHLF9387021,
374,U1524,C,20,R,2,A,15.0,433.95,433.950,16.33,,2018-02-11 11:51:08,MS2K-695,SHMSL,SHLF9387021,
374,U1524,C,20,R,2,A,17.5,433.975,433.975,15.00,,2018-02-11 11:51:08,MS2K-695,SHMSL,SHLF9387021,
374,U1524,C,20,R,2,A,20.0,434,434.000,16.00,,2018-02-11 11:51:08,MS2K-695,SHMSL,SHLF9387021,
374,U1524,C,20,R,2,A,22.5,434.025,434.025,16.00,,2018-02-11 11:51:08,MS2K-695,SHMSL,SHLF9387021,
374,U1524,C,20,R,2,A,25.0,434.05,434.050,15.67,,2018-02-11 11:51:08,MS2K-695,SHMSL,SHLF9387021,
374,U1524,C,20,R,2,A,27.5,434.075,434.075,15.67,,2018-02-11 11:51:08,MS2K-695,SHMSL,SHLF9387021,
374,U1524,C,20,R,2,A,30.0,434.1,434.100,15.00,,2018-02-11 11:51:08,MS2K-695,SHMSL,SHLF9387021,
374,U1524,C,20,R,2,A,32.5,434.125,434.125,16.67,,2018-02-11 11:51:08,MS2K-695,SHMSL,SHLF9387021,
374,U1524,C,20,R,2,A,35.0,434.15,434.150,10.67,,2018-02-11 11:51:08,MS2K-695,SHMSL,SHLF9387021,
374,U1524,C,20,R,2,A,37.5,434.175,434.175,13.00,,2018-02-11 11:51:08,MS2K-695,SHMSL,SHLF9387021,
374,U1524,C,20,R,2,A,40.0,434.2,434.200,13.33,,2018-02-11 11:51:08,MS2K-695,SHMSL,SHLF9387021,
374,U1524,C,20,R,2,A,42.5,434.225,434.225,14.00,,2018-02-11 11:51:08,MS2K-695,SHMSL,SHLF9387021,
374,U1524,C,20,R,2,A,45.0,434.25,434.250,12.67,,2018-02-11 11:51:08,MS2K-695,SHMSL,SHLF9387021,
374,U1524,C,20,R,2,A,47.5,434.275,434.275,12.67,,2018-02-11 11:51:08,MS2K-695,SHMSL,SHLF9387021,
374,U1524,C,20,R,2,A,50.0,434.3,434.300,13.33,,2018-02-11 11:51:08,MS2K-695,SHMSL,SHLF9387021,
374,U1524,C,20,R,2,A,52.5,434.325,434.325,14.67,,2018-02-11 11:51:08,MS2K-695,SHMSL,SHLF9387021,
374,U1524,C,20,R,2,A,55.0,434.35,434.350,14.00,,2018-02-11 11:51:08,MS2K-695,SHMSL,SHLF9387021,
374,U1524,C,20,R,2,A,57.5,434.375,434.375,12.33,,2018-02-11 11:51:08,MS2K-695,SHMSL,SHLF9387021,
374,U1524,C,20,R,2,A,60.0,434.4,434.400,12.33,,2018-02-11 11:51:08,MS2K-695,SHMSL,SHLF9387021,
374,U1524,C,20,R,2,A,62.5,434.425,434.425,13.00,,2018-02-11 11:51:08,MS2K-695,SHMSL,SHLF9387021,
374,U1524,C,20,R,2,A,65.0,434.45,434.450,12.33,,2018-02-11 11:51:08,MS2K-695,SHMSL,SHLF9387021,
374,U1524,C,20,R,2,A,67.5,434.475,434.475,13.00,,2018-02-11 11:51:08,MS2K-695,SHMSL,SHLF9387021,
374,U1524,C,20,R,2,A,70.0,434.5,434.500,13.33,,2018-02-11 11:51:08,MS2K-695,SHMSL,SHLF9387021,
374,U1524,C,20,R,2,A,72.5,434.525,434.525,12.33,,2018-02-11 11:51:08,MS2K-695,SHMSL,SHLF9387021,
374,U1524,C,20,R,2,A,75.0,434.55,434.550,12.67,,2018-02-11 11:51:08,MS2K-695,SHMSL,SHLF9387021,
374,U1524,C,20,R,2,A,77.5,434.575,434.575,13.00,,2018-02-11 11:51:08,MS2K-695,SHMSL,SHLF9387021,
374,U1524,C,20,R,2,A,80.0,434.6,434.600,13.00,,2018-02-11 11:51:08,MS2K-695,SHMSL,SHLF9387021,
374,U1524,C,20,R,2,A,82.5,434.625,434.625,13.33,,2018-02-11 11:51:08,MS2K-695,SHMSL,SHLF9387021,
374,U1524,C,20,R,2,A,85.0,434.65,434.650,12.67,,2018-02-11 11:51:08,MS2K-695,SHMSL,SHLF9387021,
374,U1524,C,20,R,2,A,87.5,434.675,434.675,12.33,,2018-02-11 11:51:08,MS2K-695,SHMSL,SHLF9387021,
374,U1524,C,20,R,2,A,90.0,434.7,434.700,13.00,,2018-02-11 11:51:08,MS2K-695,SHMSL,SHLF9387021,
374,U1524,C,20,R,2,A,92.5,434.725,434.725,12.67,,2018-02-11 11:51:08,MS2K-695,SHMSL,SHLF9387021,
374,U1524,C,20,R,2,A,95.0,434.75,434.750,14.00,,2018-02-11 11:51:08,MS2K-695,SHMSL,SHLF9387021,
374,U1524,C,20,R,2,A,97.5,434.775,434.775,13.67,,2018-02-11 11:51:08,MS2K-695,SHMSL,SHLF9387021,
374,U1524,C,20,R,2,A,100.0,434.8,434.800,12.67,,2018-02-11 11:51:08,MS2K-695,SHMSL,SHLF9387021,
374,U1524,C,20,R,2,A,102.5,434.825,434.825,12.00,,2018-02-11 11:51:08,MS2K-695,SHMSL,SHLF9387021,
374,U1524,C,20,R,2,A,105.0,434.85,434.850,12.33,,2018-02-11 11:51:08,MS2K-695,SHMSL,SHLF9387021,
374,U1524,C,20,R,2,A,107.5,434.875,434.875,13.00,,2018-02-11 11:51:08,MS2K-695,SHMSL,SHLF9387021,
374,U1524,C,20,R,2,A,110.0,434.9,434.900,13.00,,2018-02-11 11:51:08,MS2K-695,SHMSL,SHLF9387021,
374,U1524,C,20,R,2,A,112.5,434.925,434.925,8.67,,2018-02-11 11:51:08,MS2K-695,SHMSL,SHLF9387021,
374,U1524,C,20,R,2,A,115.0,434.95,434.950,13.00,,2018-02-11 11:51:08,MS2K-695,SHMSL,SHLF9387021,
374,U1524,C,20,R,2,A,117.5,434.975,434.975,13.33,,2018-02-11 11:51:08,MS2K-695,SHMSL,SHLF9387021,
374,U1524,C,20,R,2,A,120.0,435,435.000,13.67,,2018-02-11 11:51:08,MS2K-695,SHMSL,SHLF9387021,
374,U1524,C,20,R,2,A,122.5,435.025,435.025,14.00,,2018-02-11 11:51:08,MS2K-695,SHMSL,SHLF9387021,
374,U1524,C,20,R,2,A,125.0,435.05,435.050,14.00,,2018-02-11 11:51:08,MS2K-695,SHMSL,SHLF9387021,
374,U1524,C,20,R,2,A,127.5,435.075,435.075,13.00,,2018-02-11 11:51:08,MS2K-695,SHMSL,SHLF9387021,
374,U1524,C,20,R,2,A,130.0,435.1,435.100,12.33,,2018-02-11 11:51:08,MS2K-695,SHMSL,SHLF9387021,
374,U1524,C,20,R,2,A,132.5,435.125,435.125,12.33,,2018-02-11 11:51:08,MS2K-695,SHMSL,SHLF9387021,
374,U1524,C,20,R,2,A,135.0,435.15,435.150,13.67,,2018-02-11 11:51:08,MS2K-695,SHMSL,SHLF9387021,
374,U1524,C,20,R,2,A,137.5,435.175,435.175,15.33,,2018-02-11 11:51:08,MS2K-695,SHMSL,SHLF9387021,
374,U1524,C,20,R,2,A,140.0,435.2,435.200,15.00,,2018-02-11 11:51:08,MS2K-695,SHMSL,SHLF9387021,
374,U1524,C,20,R,2,A,142.5,435.225,435.225,15.67,,2018-02-11 11:51:08,MS2K-695,SHMSL,SHLF9387021,
374,U1524,C,20,R,2,A,145.0,435.25,435.250,15.00,,2018-02-11 11:51:08,MS2K-695,SHMSL,SHLF9387021,
374,U1524,C,20,R,2,A,147.5,435.275,435.275,14.00,,2018-02-11 11:51:08,MS2K-695,SHMSL,SHLF9387021,
374,U1524,C,20,R,2,A,150.0,435.3,435.300,17.00,,2018-02-11 11:51:08,MS2K-695,SHMSL,SHLF9387021,
374,U1524,C,20,R,3,A,2.5,435.335,435.335,13.67,374-MSPOINT-45192531-i_pi_ms.ini,2018-02-11 12:04:54,MS2K-695,SHMSL,SHLF9387051,
374,U1524,C,20,R,3,A,5.0,435.36,435.360,16.67,,2018-02-11 12:04:54,MS2K-695,SHMSL,SHLF9387051,
374,U1524,C,20,R,3,A,7.5,435.385,435.385,15.00,,2018-02-11 12:04:54,MS2K-695,SHMSL,SHLF9387051,
374,U1524,C,20,R,3,A,10.0,435.41,435.410,15.67,,2018-02-11 12:04:54,MS2K-695,SHMSL,SHLF9387051,
374,U1524,C,20,R,3,A,12.5,435.435,435.435,16.00,,2018-02-11 12:04:54,MS2K-695,SHMSL,SHLF9387051,
374,U1524,C,20,R,3,A,15.0,435.46,435.460,15.00,,2018-02-11 12:04:54,MS2K-695,SHMSL,SHLF9387051,
374,U1524,C,20,R,3,A,17.5,435.485,435.485,15.00,,2018-02-11 12:04:54,MS2K-695,SHMSL,SHLF9387051,
374,U1524,C,20,R,3,A,20.0,435.51,435.510,13.33,,2018-02-11 12:04:54,MS2K-695,SHMSL,SHLF9387051,
374,U1524,C,20,R,3,A,22.5,435.535,435.535,15.00,,2018-02-11 12:04:54,MS2K-695,SHMSL,SHLF9387051,
374,U1524,C,20,R,3,A,25.0,435.56,435.560,15.00,,2018-02-11 12:04:54,MS2K-695,SHMSL,SHLF9387051,
374,U1524,C,20,R,3,A,27.5,435.585,435.585,14.00,,2018-02-11 12:04:54,MS2K-695,SHMSL,SHLF9387051,
374,U1524,C,20,R,3,A,30.0,435.61,435.610,15.67,,2018-02-11 12:04:54,MS2K-695,SHMSL,SHLF9387051,
374,U1524,C,20,R,3,A,32.5,435.635,435.635,17.33,,2018-02-11 12:04:54,MS2K-695,SHMSL,SHLF9387051,
374,U1524,C,20,R,3,A,35.0,435.66,435.660,17.00,,2018-02-11 12:04:54,MS2K-695,SHMSL,SHLF9387051,
374,U1524,C,20,R,3,A,37.5,435.685,435.685,108.33,,2018-02-11 12:04:54,MS2K-695,SHMSL,SHLF9387051,
374,U1524,C,20,R,3,A,40.0,435.71,435.710,26.00,,2018-02-11 12:04:54,MS2K-695,SHMSL,SHLF9387051,
374,U1524,C,20,R,3,A,42.5,435.735,435.735,31.00,,2018-02-11 12:04:54,MS2K-695,SHMSL,SHLF9387051,
374,U1524,C,20,R,3,A,45.0,435.76,435.760,31.33,,2018-02-11 12:04:54,MS2K-695,SHMSL,SHLF9387051,
374,U1524,C,20,R,3,A,47.5,435.785,435.785,72.00,,2018-02-11 12:04:54,MS2K-695,SHMSL,SHLF9387051,
374,U1524,C,20,R,3,A,50.0,435.81,435.810,325.67,,2018-02-11 12:04:54,MS2K-695,SHMSL,SHLF9387051,
374,U1524,C,20,R,3,A,52.5,435.835,435.835,814.00,,2018-02-11 12:04:54,MS2K-695,SHMSL,SHLF9387051,
374,U1524,C,20,R,3,A,55.0,435.86,435.860,81.67,,2018-02-11 12:04:54,MS2K-695,SHMSL,SHLF9387051,
374,U1524,C,20,R,3,A,57.5,435.885,435.885,43.33,,2018-02-11 12:04:54,MS2K-695,SHMSL,SHLF9387051,
374,U1524,C,20,R,3,A,60.0,435.91,435.910,18.00,,2018-02-11 12:04:54,MS2K-695,SHMSL,SHLF9387051,
374,U1524,C,20,R,3,A,62.5,435.935,435.935,16.00,,2018-02-11 12:04:54,MS2K-695,SHMSL,SHLF9387051,
374,U1524,C,20,R,3,A,65.0,435.96,435.960,15.33,,2018-02-11 12:04:54,MS2K-695,SHMSL,SHLF9387051,
374,U1524,C,20,R,3,A,67.5,435.985,435.985,16.00,,2018-02-11 12:04:54,MS2K-695,SHMSL,SHLF9387051,
374,U1524,C,20,R,3,A,70.0,436.01,436.010,16.00,,2018-02-11 12:04:54,MS2K-695,SHMSL,SHLF9387051,
374,U1524,C,20,R,3,A,72.5,436.035,436.035,15.67,,2018-02-11 12:04:54,MS2K-695,SHMSL,SHLF9387051,
374,U1524,C,20,R,3,A,75.0,436.06,436.060,20.00,,2018-02-11 12:04:54,MS2K-695,SHMSL,SHLF9387051,
374,U1524,C,20,R,3,A,77.5,436.085,436.085,21.00,,2018-02-11 12:04:54,MS2K-695,SHMSL,SHLF9387051,
374,U1524,C,20,R,3,A,80.0,436.11,436.110,23.00,,2018-02-11 12:04:54,MS2K-695,SHMSL,SHLF9387051,
374,U1524,C,20,R,3,A,82.5,436.135,436.135,22.67,,2018-02-11 12:04:54,MS2K-695,SHMSL,SHLF9387051,
374,U1524,C,20,R,3,A,85.0,436.16,436.160,21.00,,2018-02-11 12:04:54,MS2K-695,SHMSL,SHLF9387051,
374,U1524,C,20,R,3,A,87.5,436.185,436.185,30.67,,2018-02-11 12:04:54,MS2K-695,SHMSL,SHLF9387051,
374,U1524,C,20,R,3,A,90.0,436.21,436.210,47.67,,2018-02-11 12:04:54,MS2K-695,SHMSL,SHLF9387051,
374,U1524,C,20,R,3,A,92.5,436.235,436.235,332.67,,2018-02-11 12:04:54,MS2K-695,SHMSL,SHLF9387051,
374,U1524,C,20,R,3,A,95.0,436.26,436.260,823.00,,2018-02-11 12:04:54,MS2K-695,SHMSL,SHLF9387051,
374,U1524,C,20,R,3,A,97.5,436.285,436.285,120.33,,2018-02-11 12:04:54,MS2K-695,SHMSL,SHLF9387051,
374,U1524,C,20,R,3,A,100.0,436.31,436.310,4.00,,2018-02-11 12:04:54,MS2K-695,SHMSL,SHLF9387051,
374,U1524,C,20,R,4,A,2.5,436.325,436.325,4.67,374-MSPOINT-45192531-i_pi_ms.ini,2018-02-11 12:10:29,MS2K-695,SHMSL,SHLF9387081,
374,U1524,C,20,R,4,A,5.0,436.35,436.350,30.33,,2018-02-11 12:10:29,MS2K-695,SHMSL,SHLF9387081,
374,U1524,C,20,R,4,A,7.5,436.375,436.375,50.33,,2018-02-11 12:10:29,MS2K-695,SHMSL,SHLF9387081,
374,U1524,C,20,R,4,A,10.0,436.4,436.400,66.00,,2018-02-11 12:10:29,MS2K-695,SHMSL,SHLF9387081,
374,U1524,C,20,R,4,A,12.5,436.425,436.425,56.67,,2018-02-11 12:10:29,MS2K-695,SHMSL,SHLF9387081,
374,U1524,C,20,R,4,A,15.0,436.45,436.450,33.00,,2018-02-11 12:10:29,MS2K-695,SHMSL,SHLF9387081,
374,U1524,C,20,R,4,A,17.5,436.475,436.475,49.67,,2018-02-11 12:10:29,MS2K-695,SHMSL,SHLF9387081,
374,U1524,C,20,R,4,A,20.0,436.5,436.500,23.33,,2018-02-11 12:10:29,MS2K-695,SHMSL,SHLF9387081,
374,U1524,C,20,R,4,A,22.5,436.525,436.525,39.00,,2018-02-11 12:10:29,MS2K-695,SHMSL,SHLF9387081,
374,U1524,C,20,R,4,A,25.0,436.55,436.550,89.33,,2018-02-11 12:10:29,MS2K-695,SHMSL,SHLF9387081,
374,U1524,C,20,R,4,A,27.5,436.575,436.575,62.00,,2018-02-11 12:10:29,MS2K-695,SHMSL,SHLF9387081,
374,U1524,C,20,R,4,A,30.0,436.6,436.600,62.33,,2018-02-11 12:10:29,MS2K-695,SHMSL,SHLF9387081,
374,U1524,C,20,R,4,A,32.5,436.625,436.625,71.67,,2018-02-11 12:10:29,MS2K-695,SHMSL,SHLF9387081,
374,U1524,C,20,R,4,A,35.0,436.65,436.650,53.00,,2018-02-11 12:10:29,MS2K-695,SHMSL,SHLF9387081,
374,U1524,C,20,R,4,A,37.5,436.675,436.675,23.00,,2018-02-11 12:10:29,MS2K-695,SHMSL,SHLF9387081,
374,U1524,C,20,R,4,A,40.0,436.7,436.700,19.67,,2018-02-11 12:10:29,MS2K-695,SHMSL,SHLF9387081,
374,U1524,C,20,R,4,A,42.5,436.725,436.725,16.33,,2018-02-11 12:10:29,MS2K-695,SHMSL,SHLF9387081,
374,U1524,C,20,R,4,A,45.0,436.75,436.750,14.67,,2018-02-11 12:10:29,MS2K-695,SHMSL,SHLF9387081,
374,U1524,C,20,R,4,A,47.5,436.775,436.775,36.00,,2018-02-11 12:10:29,MS2K-695,SHMSL,SHLF9387081,
374,U1524,C,20,R,4,A,50.0,436.8,436.800,31.00,,2018-02-11 12:10:29,MS2K-695,SHMSL,SHLF9387081,
374,U1524,C,20,R,4,A,52.5,436.825,436.825,21.00,,2018-02-11 12:10:29,MS2K-695,SHMSL,SHLF9387081,
374,U1524,C,20,R,CC,A,2.5,436.875,436.875,19.33,374-MSPOINT-45192531-i_pi_ms.ini,2018-02-11 12:12:30,MS2K-695,SHMSL,SHLF9387111,
374,U1524,C,20,R,CC,A,5.0,436.9,436.900,23.00,,2018-02-11 12:12:30,MS2K-695,SHMSL,SHLF9387111,
374,U1524,C,20,R,CC,A,7.5,436.925,436.925,37.33,,2018-02-11 12:12:30,MS2K-695,SHMSL,SHLF9387111,
