Exp,Site,Hole,Core,Type,Sect,A/W,Offset (cm),Depth CSF-A (m),Depth CSF-B (m),Depth CCSF-379-U1533-ABCD-20191030 (m),Magnetic susceptibility (SI x 10^-5),Configuration filename,Run filename,Auxiliary file filename,Instrument,Instrument group,Timestamp (UTC),Text ID,Test No.,Sample comments,Test comments,Result comments
379,U1533,C,1,H,1,A,2.0,0.02,0.020,2.270,12.67,379-MSPOINT-47740531-i_pi_ms.ini,379-MSPOINT-48395021-379-U1533C-1H-1-A_20190228082450.MSPOINT,379-MSPOINT-48395001-raw_379-u1533c-1h-1-a_1902280824503_mspoint..csv,,SHMSL,2019-02-28 14:24:50,SHLF9776231,113181981,,,
379,U1533,C,1,H,1,A,4.0,0.04,0.040,2.290,33.00,,,,,SHMSL,2019-02-28 14:24:50,SHLF9776231,113181981,,,
379,U1533,C,1,H,1,A,6.0,0.06,0.060,2.310,40.00,,,,,SHMSL,2019-02-28 14:24:50,SHLF9776231,113181981,,,
379,U1533,C,1,H,1,A,8.0,0.08,0.080,2.330,55.33,,,,,SHMSL,2019-02-28 14:24:50,SHLF9776231,113181981,,,
379,U1533,C,1,H,1,A,10.0,0.1,0.100,2.350,44.33,,,,,SHMSL,2019-02-28 14:24:50,SHLF9776231,113181981,,,
379,U1533,C,1,H,1,A,12.0,0.12,0.120,2.370,60.33,,,,,SHMSL,2019-02-28 14:24:50,SHLF9776231,113181981,,,
379,U1533,C,1,H,1,A,14.0,0.14,0.140,2.390,67.00,,,,,SHMSL,2019-02-28 14:24:50,SHLF9776231,113181981,,,
379,U1533,C,1,H,1,A,16.0,0.16,0.160,2.410,71.33,,,,,SHMSL,2019-02-28 14:24:50,SHLF9776231,113181981,,,
379,U1533,C,1,H,1,A,18.0,0.18,0.180,2.430,78.67,,,,,SHMSL,2019-02-28 14:24:50,SHLF9776231,113181981,,,
379,U1533,C,1,H,1,A,20.0,0.2,0.200,2.450,101.67,,,,,SHMSL,2019-02-28 14:24:50,SHLF9776231,113181981,,,
379,U1533,C,1,H,1,A,22.0,0.22,0.220,2.470,72.33,,,,,SHMSL,2019-02-28 14:24:50,SHLF9776231,113181981,,,
379,U1533,C,1,H,1,A,24.0,0.24,0.240,2.490,54.00,,,,,SHMSL,2019-02-28 14:24:50,SHLF9776231,113181981,,,
379,U1533,C,1,H,1,A,26.0,0.26,0.260,2.510,55.00,,,,,SHMSL,2019-02-28 14:24:50,SHLF9776231,113181981,,,
379,U1533,C,1,H,1,A,28.0,0.28,0.280,2.530,59.67,,,,,SHMSL,2019-02-28 14:24:50,SHLF9776231,113181981,,,
379,U1533,C,1,H,1,A,30.0,0.3,0.300,2.550,68.33,,,,,SHMSL,2019-02-28 14:24:50,SHLF9776231,113181981,,,
379,U1533,C,1,H,1,A,32.0,0.32,0.320,2.570,68.67,,,,,SHMSL,2019-02-28 14:24:50,SHLF9776231,113181981,,,
379,U1533,C,1,H,1,A,34.0,0.34,0.340,2.590,64.00,,,,,SHMSL,2019-02-28 14:24:50,SHLF9776231,113181981,,,
379,U1533,C,1,H,1,A,36.0,0.36,0.360,2.610,62.00,,,,,SHMSL,2019-02-28 14:24:50,SHLF9776231,113181981,,,
379,U1533,C,1,H,1,A,38.0,0.38,0.380,2.630,62.00,,,,,SHMSL,2019-02-28 14:24:50,SHLF9776231,113181981,,,
379,U1533,C,1,H,1,A,40.0,0.4,0.400,2.650,69.67,,,,,SHMSL,2019-02-28 14:24:50,SHLF9776231,113181981,,,
379,U1533,C,1,H,1,A,42.0,0.42,0.420,2.670,72.00,,,,,SHMSL,2019-02-28 14:24:50,SHLF9776231,113181981,,,
379,U1533,C,1,H,1,A,44.0,0.44,0.440,2.690,72.00,,,,,SHMSL,2019-02-28 14:24:50,SHLF9776231,113181981,,,
379,U1533,C,1,H,1,A,46.0,0.46,0.460,2.710,68.00,,,,,SHMSL,2019-02-28 14:24:50,SHLF9776231,113181981,,,
379,U1533,C,1,H,1,A,48.0,0.48,0.480,2.730,64.33,,,,,SHMSL,2019-02-28 14:24:50,SHLF9776231,113181981,,,
379,U1533,C,1,H,1,A,50.0,0.5,0.500,2.750,64.33,,,,,SHMSL,2019-02-28 14:24:50,SHLF9776231,113181981,,,
379,U1533,C,1,H,1,A,52.0,0.52,0.520,2.770,67.33,,,,,SHMSL,2019-02-28 14:24:50,SHLF9776231,113181981,,,
379,U1533,C,1,H,1,A,54.0,0.54,0.540,2.790,71.67,,,,,SHMSL,2019-02-28 14:24:50,SHLF9776231,113181981,,,
379,U1533,C,1,H,1,A,56.0,0.56,0.560,2.810,74.33,,,,,SHMSL,2019-02-28 14:24:50,SHLF9776231,113181981,,,
379,U1533,C,1,H,1,A,58.0,0.58,0.580,2.830,66.33,,,,,SHMSL,2019-02-28 14:24:50,SHLF9776231,113181981,,,
379,U1533,C,1,H,1,A,60.0,0.6,0.600,2.850,64.33,,,,,SHMSL,2019-02-28 14:24:50,SHLF9776231,113181981,,,
379,U1533,C,1,H,1,A,62.0,0.62,0.620,2.870,62.00,,,,,SHMSL,2019-02-28 14:24:50,SHLF9776231,113181981,,,
379,U1533,C,1,H,1,A,64.0,0.64,0.640,2.890,64.67,,,,,SHMSL,2019-02-28 14:24:50,SHLF9776231,113181981,,,
379,U1533,C,1,H,1,A,66.0,0.66,0.660,2.910,105.00,,,,,SHMSL,2019-02-28 14:24:50,SHLF9776231,113181981,,,
379,U1533,C,1,H,1,A,68.0,0.68,0.680,2.930,78.33,,,,,SHMSL,2019-02-28 14:24:50,SHLF9776231,113181981,,,
379,U1533,C,1,H,1,A,70.0,0.7,0.700,2.950,66.00,,,,,SHMSL,2019-02-28 14:24:50,SHLF9776231,113181981,,,
379,U1533,C,1,H,1,A,72.0,0.72,0.720,2.970,73.00,,,,,SHMSL,2019-02-28 14:24:50,SHLF9776231,113181981,,,
379,U1533,C,1,H,1,A,74.0,0.74,0.740,2.990,62.67,,,,,SHMSL,2019-02-28 14:24:50,SHLF9776231,113181981,,,
379,U1533,C,1,H,1,A,76.0,0.76,0.760,3.010,43.00,,,,,SHMSL,2019-02-28 14:24:50,SHLF9776231,113181981,,,
379,U1533,C,1,H,1,A,78.0,0.78,0.780,3.030,37.67,,,,,SHMSL,2019-02-28 14:24:50,SHLF9776231,113181981,,,
379,U1533,C,1,H,1,A,80.0,0.8,0.800,3.050,31.00,,,,,SHMSL,2019-02-28 14:24:50,SHLF9776231,113181981,,,
379,U1533,C,1,H,1,A,82.0,0.82,0.820,3.070,29.00,,,,,SHMSL,2019-02-28 14:24:50,SHLF9776231,113181981,,,
379,U1533,C,1,H,1,A,84.0,0.84,0.840,3.090,28.67,,,,,SHMSL,2019-02-28 14:24:50,SHLF9776231,113181981,,,
379,U1533,C,1,H,1,A,86.0,0.86,0.860,3.110,33.33,,,,,SHMSL,2019-02-28 14:24:50,SHLF9776231,113181981,,,
379,U1533,C,1,H,1,A,88.0,0.88,0.880,3.130,23.33,,,,,SHMSL,2019-02-28 14:24:50,SHLF9776231,113181981,,,
379,U1533,C,1,H,1,A,90.0,0.9,0.900,3.150,25.00,,,,,SHMSL,2019-02-28 14:24:50,SHLF9776231,113181981,,,
379,U1533,C,1,H,1,A,92.0,0.92,0.920,3.170,25.00,,,,,SHMSL,2019-02-28 14:24:50,SHLF9776231,113181981,,,
379,U1533,C,1,H,1,A,94.0,0.94,0.940,3.190,26.00,,,,,SHMSL,2019-02-28 14:24:50,SHLF9776231,113181981,,,
379,U1533,C,1,H,1,A,96.0,0.96,0.960,3.210,27.33,,,,,SHMSL,2019-02-28 14:24:50,SHLF9776231,113181981,,,
379,U1533,C,1,H,1,A,98.0,0.98,0.980,3.230,31.67,,,,,SHMSL,2019-02-28 14:24:50,SHLF9776231,113181981,,,
379,U1533,C,1,H,1,A,100.0,1,1.000,3.250,34.33,,,,,SHMSL,2019-02-28 14:24:50,SHLF9776231,113181981,,,
379,U1533,C,1,H,1,A,102.0,1.02,1.020,3.270,38.67,,,,,SHMSL,2019-02-28 14:24:50,SHLF9776231,113181981,,,
379,U1533,C,1,H,1,A,104.0,1.04,1.040,3.290,41.00,,,,,SHMSL,2019-02-28 14:24:50,SHLF9776231,113181981,,,
379,U1533,C,1,H,1,A,106.0,1.06,1.060,3.310,33.33,,,,,SHMSL,2019-02-28 14:24:50,SHLF9776231,113181981,,,
379,U1533,C,1,H,1,A,108.0,1.08,1.080,3.330,39.67,,,,,SHMSL,2019-02-28 14:24:50,SHLF9776231,113181981,,,
379,U1533,C,1,H,1,A,110.0,1.1,1.100,3.350,36.00,,,,,SHMSL,2019-02-28 14:24:50,SHLF9776231,113181981,,,
379,U1533,C,1,H,1,A,112.0,1.12,1.120,3.370,35.00,,,,,SHMSL,2019-02-28 14:24:50,SHLF9776231,113181981,,,
379,U1533,C,1,H,1,A,114.0,1.14,1.140,3.390,33.67,,,,,SHMSL,2019-02-28 14:24:50,SHLF9776231,113181981,,,
379,U1533,C,1,H,1,A,116.0,1.16,1.160,3.410,30.33,,,,,SHMSL,2019-02-28 14:24:50,SHLF9776231,113181981,,,
379,U1533,C,1,H,1,A,118.0,1.18,1.180,3.430,30.00,,,,,SHMSL,2019-02-28 14:24:50,SHLF9776231,113181981,,,
379,U1533,C,1,H,1,A,120.0,1.2,1.200,3.450,25.33,,,,,SHMSL,2019-02-28 14:24:50,SHLF9776231,113181981,,,
379,U1533,C,1,H,1,A,122.0,1.22,1.220,3.470,27.33,,,,,SHMSL,2019-02-28 14:24:50,SHLF9776231,113181981,,,
379,U1533,C,1,H,1,A,124.0,1.24,1.240,3.490,30.00,,,,,SHMSL,2019-02-28 14:24:50,SHLF9776231,113181981,,,
379,U1533,C,1,H,1,A,126.0,1.26,1.260,3.510,27.33,,,,,SHMSL,2019-02-28 14:24:50,SHLF9776231,113181981,,,
379,U1533,C,1,H,1,A,128.0,1.28,1.280,3.530,25.00,,,,,SHMSL,2019-02-28 14:24:50,SHLF9776231,113181981,,,
379,U1533,C,1,H,1,A,130.0,1.3,1.300,3.550,25.67,,,,,SHMSL,2019-02-28 14:24:50,SHLF9776231,113181981,,,
379,U1533,C,1,H,1,A,132.0,1.32,1.320,3.570,27.00,,,,,SHMSL,2019-02-28 14:24:50,SHLF9776231,113181981,,,
379,U1533,C,1,H,1,A,134.0,1.34,1.340,3.590,27.00,,,,,SHMSL,2019-02-28 14:24:50,SHLF9776231,113181981,,,
379,U1533,C,1,H,1,A,136.0,1.36,1.360,3.610,25.67,,,,,SHMSL,2019-02-28 14:24:50,SHLF9776231,113181981,,,
379,U1533,C,1,H,1,A,138.0,1.38,1.380,3.630,26.00,,,,,SHMSL,2019-02-28 14:24:50,SHLF9776231,113181981,,,
379,U1533,C,1,H,1,A,140.0,1.4,1.400,3.650,26.33,,,,,SHMSL,2019-02-28 14:24:50,SHLF9776231,113181981,,,
379,U1533,C,1,H,1,A,142.0,1.42,1.420,3.670,27.33,,,,,SHMSL,2019-02-28 14:24:50,SHLF9776231,113181981,,,
379,U1533,C,1,H,1,A,144.0,1.44,1.440,3.690,29.33,,,,,SHMSL,2019-02-28 14:24:50,SHLF9776231,113181981,,,
379,U1533,C,1,H,2,A,2.0,1.48,1.480,3.730,18.00,379-MSPOINT-47740531-i_pi_ms.ini,379-MSPOINT-48395241-379-U1533C-1H-2-A_20190228084058.MSPOINT,379-MSPOINT-48395221-raw_379-u1533c-1h-2-a_1902280840583_mspoint..csv,,SHMSL,2019-02-28 14:40:58,SHLF9776261,113182041,,,
379,U1533,C,1,H,2,A,4.0,1.5,1.500,3.750,32.33,,,,,SHMSL,2019-02-28 14:40:58,SHLF9776261,113182041,,,
379,U1533,C,1,H,2,A,6.0,1.52,1.520,3.770,33.00,,,,,SHMSL,2019-02-28 14:40:58,SHLF9776261,113182041,,,
379,U1533,C,1,H,2,A,8.0,1.54,1.540,3.790,35.67,,,,,SHMSL,2019-02-28 14:40:58,SHLF9776261,113182041,,,
379,U1533,C,1,H,2,A,10.0,1.56,1.560,3.810,36.67,,,,,SHMSL,2019-02-28 14:40:58,SHLF9776261,113182041,,,
379,U1533,C,1,H,2,A,12.0,1.58,1.580,3.830,34.67,,,,,SHMSL,2019-02-28 14:40:58,SHLF9776261,113182041,,,
379,U1533,C,1,H,2,A,14.0,1.6,1.600,3.850,36.67,,,,,SHMSL,2019-02-28 14:40:58,SHLF9776261,113182041,,,
379,U1533,C,1,H,2,A,16.0,1.62,1.620,3.870,33.33,,,,,SHMSL,2019-02-28 14:40:58,SHLF9776261,113182041,,,
379,U1533,C,1,H,2,A,18.0,1.64,1.640,3.890,50.67,,,,,SHMSL,2019-02-28 14:40:58,SHLF9776261,113182041,,,
379,U1533,C,1,H,2,A,20.0,1.66,1.660,3.910,43.33,,,,,SHMSL,2019-02-28 14:40:58,SHLF9776261,113182041,,,
379,U1533,C,1,H,2,A,22.0,1.68,1.680,3.930,44.67,,,,,SHMSL,2019-02-28 14:40:58,SHLF9776261,113182041,,,
379,U1533,C,1,H,2,A,24.0,1.7,1.700,3.950,40.67,,,,,SHMSL,2019-02-28 14:40:58,SHLF9776261,113182041,,,
379,U1533,C,1,H,2,A,26.0,1.72,1.720,3.970,30.00,,,,,SHMSL,2019-02-28 14:40:58,SHLF9776261,113182041,,,
379,U1533,C,1,H,2,A,28.0,1.74,1.740,3.990,47.00,,,,,SHMSL,2019-02-28 14:40:58,SHLF9776261,113182041,,,
379,U1533,C,1,H,2,A,30.0,1.76,1.760,4.010,65.67,,,,,SHMSL,2019-02-28 14:40:58,SHLF9776261,113182041,,,
379,U1533,C,1,H,2,A,32.0,1.78,1.780,4.030,72.00,,,,,SHMSL,2019-02-28 14:40:58,SHLF9776261,113182041,,,
379,U1533,C,1,H,2,A,34.0,1.8,1.800,4.050,80.33,,,,,SHMSL,2019-02-28 14:40:58,SHLF9776261,113182041,,,
379,U1533,C,1,H,2,A,36.0,1.82,1.820,4.070,83.00,,,,,SHMSL,2019-02-28 14:40:58,SHLF9776261,113182041,,,
379,U1533,C,1,H,2,A,38.0,1.84,1.840,4.090,114.33,,,,,SHMSL,2019-02-28 14:40:58,SHLF9776261,113182041,,,
379,U1533,C,1,H,2,A,40.0,1.86,1.860,4.110,259.67,,,,,SHMSL,2019-02-28 14:40:58,SHLF9776261,113182041,,,
379,U1533,C,1,H,2,A,42.0,1.88,1.880,4.130,106.67,,,,,SHMSL,2019-02-28 14:40:58,SHLF9776261,113182041,,,
379,U1533,C,1,H,2,A,44.0,1.9,1.900,4.150,84.33,,,,,SHMSL,2019-02-28 14:40:58,SHLF9776261,113182041,,,
379,U1533,C,1,H,2,A,46.0,1.92,1.920,4.170,61.00,,,,,SHMSL,2019-02-28 14:40:58,SHLF9776261,113182041,,,
379,U1533,C,1,H,2,A,48.0,1.94,1.940,4.190,54.33,,,,,SHMSL,2019-02-28 14:40:58,SHLF9776261,113182041,,,
379,U1533,C,1,H,2,A,50.0,1.96,1.960,4.210,56.67,,,,,SHMSL,2019-02-28 14:40:58,SHLF9776261,113182041,,,
379,U1533,C,1,H,2,A,52.0,1.98,1.980,4.230,55.00,,,,,SHMSL,2019-02-28 14:40:58,SHLF9776261,113182041,,,
379,U1533,C,1,H,2,A,54.0,2,2.000,4.250,59.33,,,,,SHMSL,2019-02-28 14:40:58,SHLF9776261,113182041,,,
379,U1533,C,1,H,2,A,56.0,2.02,2.020,4.270,55.00,,,,,SHMSL,2019-02-28 14:40:58,SHLF9776261,113182041,,,
379,U1533,C,1,H,2,A,58.0,2.04,2.040,4.290,63.67,,,,,SHMSL,2019-02-28 14:40:58,SHLF9776261,113182041,,,
379,U1533,C,1,H,2,A,60.0,2.06,2.060,4.310,66.33,,,,,SHMSL,2019-02-28 14:40:58,SHLF9776261,113182041,,,
379,U1533,C,1,H,2,A,62.0,2.08,2.080,4.330,54.00,,,,,SHMSL,2019-02-28 14:40:58,SHLF9776261,113182041,,,
379,U1533,C,1,H,2,A,64.0,2.1,2.100,4.350,53.00,,,,,SHMSL,2019-02-28 14:40:58,SHLF9776261,113182041,,,
379,U1533,C,1,H,2,A,66.0,2.12,2.120,4.370,54.00,,,,,SHMSL,2019-02-28 14:40:58,SHLF9776261,113182041,,,
379,U1533,C,1,H,2,A,68.0,2.14,2.140,4.390,72.33,,,,,SHMSL,2019-02-28 14:40:58,SHLF9776261,113182041,,,
379,U1533,C,1,H,2,A,70.0,2.16,2.160,4.410,78.67,,,,,SHMSL,2019-02-28 14:40:58,SHLF9776261,113182041,,,
379,U1533,C,1,H,2,A,72.0,2.18,2.180,4.430,78.67,,,,,SHMSL,2019-02-28 14:40:58,SHLF9776261,113182041,,,
379,U1533,C,1,H,2,A,74.0,2.2,2.200,4.450,58.00,,,,,SHMSL,2019-02-28 14:40:58,SHLF9776261,113182041,,,
379,U1533,C,1,H,2,A,76.0,2.22,2.220,4.470,57.33,,,,,SHMSL,2019-02-28 14:40:58,SHLF9776261,113182041,,,
379,U1533,C,1,H,2,A,78.0,2.24,2.240,4.490,67.00,,,,,SHMSL,2019-02-28 14:40:58,SHLF9776261,113182041,,,
379,U1533,C,1,H,2,A,80.0,2.26,2.260,4.510,61.67,,,,,SHMSL,2019-02-28 14:40:58,SHLF9776261,113182041,,,
379,U1533,C,1,H,2,A,82.0,2.28,2.280,4.530,67.33,,,,,SHMSL,2019-02-28 14:40:58,SHLF9776261,113182041,,,
379,U1533,C,1,H,2,A,84.0,2.3,2.300,4.550,63.67,,,,,SHMSL,2019-02-28 14:40:58,SHLF9776261,113182041,,,
379,U1533,C,1,H,2,A,86.0,2.32,2.320,4.570,62.00,,,,,SHMSL,2019-02-28 14:40:58,SHLF9776261,113182041,,,
379,U1533,C,1,H,2,A,88.0,2.34,2.340,4.590,62.00,,,,,SHMSL,2019-02-28 14:40:58,SHLF9776261,113182041,,,
379,U1533,C,1,H,2,A,90.0,2.36,2.360,4.610,63.00,,,,,SHMSL,2019-02-28 14:40:58,SHLF9776261,113182041,,,
379,U1533,C,1,H,2,A,92.0,2.38,2.380,4.630,66.67,,,,,SHMSL,2019-02-28 14:40:58,SHLF9776261,113182041,,,
379,U1533,C,1,H,2,A,94.0,2.4,2.400,4.650,72.67,,,,,SHMSL,2019-02-28 14:40:58,SHLF9776261,113182041,,,
379,U1533,C,1,H,2,A,96.0,2.42,2.420,4.670,73.00,,,,,SHMSL,2019-02-28 14:40:58,SHLF9776261,113182041,,,
379,U1533,C,1,H,2,A,98.0,2.44,2.440,4.690,72.00,,,,,SHMSL,2019-02-28 14:40:58,SHLF9776261,113182041,,,
379,U1533,C,1,H,2,A,100.0,2.46,2.460,4.710,82.67,,,,,SHMSL,2019-02-28 14:40:58,SHLF9776261,113182041,,,
379,U1533,C,1,H,2,A,102.0,2.48,2.480,4.730,77.67,,,,,SHMSL,2019-02-28 14:40:58,SHLF9776261,113182041,,,
379,U1533,C,1,H,2,A,104.0,2.5,2.500,4.750,74.67,,,,,SHMSL,2019-02-28 14:40:58,SHLF9776261,113182041,,,
379,U1533,C,1,H,2,A,106.0,2.52,2.520,4.770,77.67,,,,,SHMSL,2019-02-28 14:40:58,SHLF9776261,113182041,,,
379,U1533,C,1,H,2,A,108.0,2.54,2.540,4.790,78.00,,,,,SHMSL,2019-02-28 14:40:58,SHLF9776261,113182041,,,
379,U1533,C,1,H,2,A,110.0,2.56,2.560,4.810,80.67,,,,,SHMSL,2019-02-28 14:40:58,SHLF9776261,113182041,,,
379,U1533,C,1,H,2,A,112.0,2.58,2.580,4.830,87.33,,,,,SHMSL,2019-02-28 14:40:58,SHLF9776261,113182041,,,
379,U1533,C,1,H,2,A,114.0,2.6,2.600,4.850,83.67,,,,,SHMSL,2019-02-28 14:40:58,SHLF9776261,113182041,,,
379,U1533,C,1,H,2,A,116.0,2.62,2.620,4.870,78.33,,,,,SHMSL,2019-02-28 14:40:58,SHLF9776261,113182041,,,
379,U1533,C,1,H,2,A,118.0,2.64,2.640,4.890,77.67,,,,,SHMSL,2019-02-28 14:40:58,SHLF9776261,113182041,,,
379,U1533,C,1,H,2,A,120.0,2.66,2.660,4.910,79.00,,,,,SHMSL,2019-02-28 14:40:58,SHLF9776261,113182041,,,
379,U1533,C,1,H,2,A,122.0,2.68,2.680,4.930,72.00,,,,,SHMSL,2019-02-28 14:40:58,SHLF9776261,113182041,,,
379,U1533,C,1,H,2,A,124.0,2.7,2.700,4.950,72.33,,,,,SHMSL,2019-02-28 14:40:58,SHLF9776261,113182041,,,
379,U1533,C,1,H,2,A,126.0,2.72,2.720,4.970,70.00,,,,,SHMSL,2019-02-28 14:40:58,SHLF9776261,113182041,,,
379,U1533,C,1,H,2,A,128.0,2.74,2.740,4.990,72.00,,,,,SHMSL,2019-02-28 14:40:58,SHLF9776261,113182041,,,
379,U1533,C,1,H,2,A,130.0,2.76,2.760,5.010,80.67,,,,,SHMSL,2019-02-28 14:40:58,SHLF9776261,113182041,,,
379,U1533,C,1,H,2,A,132.0,2.78,2.780,5.030,79.33,,,,,SHMSL,2019-02-28 14:40:58,SHLF9776261,113182041,,,
379,U1533,C,1,H,2,A,134.0,2.8,2.800,5.050,77.67,,,,,SHMSL,2019-02-28 14:40:58,SHLF9776261,113182041,,,
379,U1533,C,1,H,2,A,136.0,2.82,2.820,5.070,80.00,,,,,SHMSL,2019-02-28 14:40:58,SHLF9776261,113182041,,,
379,U1533,C,1,H,2,A,138.0,2.84,2.840,5.090,68.67,,,,,SHMSL,2019-02-28 14:40:58,SHLF9776261,113182041,,,
379,U1533,C,1,H,2,A,140.0,2.86,2.860,5.110,60.00,,,,,SHMSL,2019-02-28 14:40:58,SHLF9776261,113182041,,,
379,U1533,C,1,H,2,A,142.0,2.88,2.880,5.130,72.00,,,,,SHMSL,2019-02-28 14:40:58,SHLF9776261,113182041,,,
379,U1533,C,1,H,2,A,144.0,2.9,2.900,5.150,66.33,,,,,SHMSL,2019-02-28 14:40:58,SHLF9776261,113182041,,,
379,U1533,C,1,H,3,A,2.0,2.93,2.930,5.180,35.00,379-MSPOINT-47740531-i_pi_ms.ini,379-MSPOINT-48395601-379-U1533C-1H-3-A_20190228085611.MSPOINT,379-MSPOINT-48395561-raw_379-u1533c-1h-3-a_1902280856113_mspoint..csv,,SHMSL,2019-02-28 14:56:11,SHLF9776291,113182141,,,
379,U1533,C,1,H,3,A,4.0,2.95,2.950,5.200,81.00,,,,,SHMSL,2019-02-28 14:56:11,SHLF9776291,113182141,,,
379,U1533,C,1,H,3,A,6.0,2.97,2.970,5.220,52.33,,,,,SHMSL,2019-02-28 14:56:11,SHLF9776291,113182141,,,
379,U1533,C,1,H,3,A,8.0,2.99,2.990,5.240,80.67,,,,,SHMSL,2019-02-28 14:56:11,SHLF9776291,113182141,,,
379,U1533,C,1,H,3,A,10.0,3.01,3.010,5.260,81.67,,,,,SHMSL,2019-02-28 14:56:11,SHLF9776291,113182141,,,
379,U1533,C,1,H,3,A,12.0,3.03,3.030,5.280,91.33,,,,,SHMSL,2019-02-28 14:56:11,SHLF9776291,113182141,,,
379,U1533,C,1,H,3,A,14.0,3.05,3.050,5.300,125.67,,,,,SHMSL,2019-02-28 14:56:11,SHLF9776291,113182141,,,
379,U1533,C,1,H,3,A,16.0,3.07,3.070,5.320,96.00,,,,,SHMSL,2019-02-28 14:56:11,SHLF9776291,113182141,,,
379,U1533,C,1,H,3,A,18.0,3.09,3.090,5.340,85.67,,,,,SHMSL,2019-02-28 14:56:11,SHLF9776291,113182141,,,
379,U1533,C,1,H,3,A,20.0,3.11,3.110,5.360,82.00,,,,,SHMSL,2019-02-28 14:56:11,SHLF9776291,113182141,,,
379,U1533,C,1,H,3,A,22.0,3.13,3.130,5.380,69.00,,,,,SHMSL,2019-02-28 14:56:11,SHLF9776291,113182141,,,
379,U1533,C,1,H,3,A,24.0,3.15,3.150,5.400,69.00,,,,,SHMSL,2019-02-28 14:56:11,SHLF9776291,113182141,,,
379,U1533,C,1,H,3,A,26.0,3.17,3.170,5.420,66.67,,,,,SHMSL,2019-02-28 14:56:11,SHLF9776291,113182141,,,
379,U1533,C,1,H,3,A,28.0,3.19,3.190,5.440,74.00,,,,,SHMSL,2019-02-28 14:56:11,SHLF9776291,113182141,,,
379,U1533,C,1,H,3,A,30.0,3.21,3.210,5.460,77.00,,,,,SHMSL,2019-02-28 14:56:11,SHLF9776291,113182141,,,
379,U1533,C,1,H,3,A,32.0,3.23,3.230,5.480,71.67,,,,,SHMSL,2019-02-28 14:56:11,SHLF9776291,113182141,,,
379,U1533,C,1,H,3,A,34.0,3.25,3.250,5.500,67.00,,,,,SHMSL,2019-02-28 14:56:11,SHLF9776291,113182141,,,
379,U1533,C,1,H,3,A,36.0,3.27,3.270,5.520,70.00,,,,,SHMSL,2019-02-28 14:56:11,SHLF9776291,113182141,,,
379,U1533,C,1,H,3,A,38.0,3.29,3.290,5.540,73.33,,,,,SHMSL,2019-02-28 14:56:11,SHLF9776291,113182141,,,
379,U1533,C,1,H,3,A,40.0,3.31,3.310,5.560,73.33,,,,,SHMSL,2019-02-28 14:56:11,SHLF9776291,113182141,,,
379,U1533,C,1,H,3,A,42.0,3.33,3.330,5.580,90.00,,,,,SHMSL,2019-02-28 14:56:11,SHLF9776291,113182141,,,
379,U1533,C,1,H,3,A,44.0,3.35,3.350,5.600,89.00,,,,,SHMSL,2019-02-28 14:56:11,SHLF9776291,113182141,,,
379,U1533,C,1,H,3,A,46.0,3.37,3.370,5.620,60.67,,,,,SHMSL,2019-02-28 14:56:11,SHLF9776291,113182141,,,
379,U1533,C,1,H,3,A,48.0,3.39,3.390,5.640,65.33,,,,,SHMSL,2019-02-28 14:56:11,SHLF9776291,113182141,,,
379,U1533,C,1,H,3,A,50.0,3.41,3.410,5.660,68.00,,,,,SHMSL,2019-02-28 14:56:11,SHLF9776291,113182141,,,
379,U1533,C,1,H,3,A,52.0,3.43,3.430,5.680,66.67,,,,,SHMSL,2019-02-28 14:56:11,SHLF9776291,113182141,,,
379,U1533,C,1,H,3,A,54.0,3.45,3.450,5.700,64.67,,,,,SHMSL,2019-02-28 14:56:11,SHLF9776291,113182141,,,
379,U1533,C,1,H,3,A,56.0,3.47,3.470,5.720,85.67,,,,,SHMSL,2019-02-28 14:56:11,SHLF9776291,113182141,,,
379,U1533,C,1,H,3,A,58.0,3.49,3.490,5.740,77.67,,,,,SHMSL,2019-02-28 14:56:11,SHLF9776291,113182141,,,
379,U1533,C,1,H,3,A,60.0,3.51,3.510,5.760,86.67,,,,,SHMSL,2019-02-28 14:56:11,SHLF9776291,113182141,,,
379,U1533,C,1,H,3,A,62.0,3.53,3.530,5.780,101.00,,,,,SHMSL,2019-02-28 14:56:11,SHLF9776291,113182141,,,
379,U1533,C,1,H,3,A,64.0,3.55,3.550,5.800,75.00,,,,,SHMSL,2019-02-28 14:56:11,SHLF9776291,113182141,,,
379,U1533,C,1,H,3,A,66.0,3.57,3.570,5.820,69.33,,,,,SHMSL,2019-02-28 14:56:11,SHLF9776291,113182141,,,
379,U1533,C,1,H,3,A,68.0,3.59,3.590,5.840,68.33,,,,,SHMSL,2019-02-28 14:56:11,SHLF9776291,113182141,,,
379,U1533,C,1,H,3,A,70.0,3.61,3.610,5.860,68.33,,,,,SHMSL,2019-02-28 14:56:11,SHLF9776291,113182141,,,
379,U1533,C,1,H,3,A,72.0,3.63,3.630,5.880,71.00,,,,,SHMSL,2019-02-28 14:56:11,SHLF9776291,113182141,,,
379,U1533,C,1,H,3,A,74.0,3.65,3.650,5.900,71.33,,,,,SHMSL,2019-02-28 14:56:11,SHLF9776291,113182141,,,
379,U1533,C,1,H,3,A,76.0,3.67,3.670,5.920,67.00,,,,,SHMSL,2019-02-28 14:56:11,SHLF9776291,113182141,,,
379,U1533,C,1,H,3,A,78.0,3.69,3.690,5.940,52.67,,,,,SHMSL,2019-02-28 14:56:11,SHLF9776291,113182141,,,
379,U1533,C,1,H,3,A,80.0,3.71,3.710,5.960,60.67,,,,,SHMSL,2019-02-28 14:56:11,SHLF9776291,113182141,,,
379,U1533,C,1,H,3,A,82.0,3.73,3.730,5.980,67.67,,,,,SHMSL,2019-02-28 14:56:11,SHLF9776291,113182141,,,
379,U1533,C,1,H,3,A,84.0,3.75,3.750,6.000,66.33,,,,,SHMSL,2019-02-28 14:56:11,SHLF9776291,113182141,,,
379,U1533,C,1,H,3,A,86.0,3.77,3.770,6.020,63.33,,,,,SHMSL,2019-02-28 14:56:11,SHLF9776291,113182141,,,
379,U1533,C,1,H,3,A,88.0,3.79,3.790,6.040,57.67,,,,,SHMSL,2019-02-28 14:56:11,SHLF9776291,113182141,,,
379,U1533,C,1,H,3,A,90.0,3.81,3.810,6.060,59.67,,,,,SHMSL,2019-02-28 14:56:11,SHLF9776291,113182141,,,
379,U1533,C,1,H,3,A,92.0,3.83,3.830,6.080,62.33,,,,,SHMSL,2019-02-28 14:56:11,SHLF9776291,113182141,,,
379,U1533,C,1,H,3,A,94.0,3.85,3.850,6.100,67.33,,,,,SHMSL,2019-02-28 14:56:11,SHLF9776291,113182141,,,
379,U1533,C,1,H,3,A,96.0,3.87,3.870,6.120,72.67,,,,,SHMSL,2019-02-28 14:56:11,SHLF9776291,113182141,,,
379,U1533,C,1,H,3,A,98.0,3.89,3.890,6.140,87.00,,,,,SHMSL,2019-02-28 14:56:11,SHLF9776291,113182141,,,
379,U1533,C,1,H,3,A,100.0,3.91,3.910,6.160,77.00,,,,,SHMSL,2019-02-28 14:56:11,SHLF9776291,113182141,,,
379,U1533,C,1,H,3,A,102.0,3.93,3.930,6.180,73.67,,,,,SHMSL,2019-02-28 14:56:11,SHLF9776291,113182141,,,
379,U1533,C,1,H,3,A,104.0,3.95,3.950,6.200,63.67,,,,,SHMSL,2019-02-28 14:56:11,SHLF9776291,113182141,,,
379,U1533,C,1,H,3,A,106.0,3.97,3.970,6.220,42.67,,,,,SHMSL,2019-02-28 14:56:11,SHLF9776291,113182141,,,
379,U1533,C,1,H,3,A,108.0,3.99,3.990,6.240,34.00,,,,,SHMSL,2019-02-28 14:56:11,SHLF9776291,113182141,,,
379,U1533,C,1,H,3,A,110.0,4.01,4.010,6.260,34.00,,,,,SHMSL,2019-02-28 14:56:11,SHLF9776291,113182141,,,
379,U1533,C,1,H,3,A,112.0,4.03,4.030,6.280,31.00,,,,,SHMSL,2019-02-28 14:56:11,SHLF9776291,113182141,,,
379,U1533,C,1,H,3,A,114.0,4.05,4.050,6.300,32.00,,,,,SHMSL,2019-02-28 14:56:11,SHLF9776291,113182141,,,
379,U1533,C,1,H,3,A,116.0,4.07,4.070,6.320,34.67,,,,,SHMSL,2019-02-28 14:56:11,SHLF9776291,113182141,,,
379,U1533,C,1,H,3,A,118.0,4.09,4.090,6.340,33.33,,,,,SHMSL,2019-02-28 14:56:11,SHLF9776291,113182141,,,
379,U1533,C,1,H,3,A,120.0,4.11,4.110,6.360,38.67,,,,,SHMSL,2019-02-28 14:56:11,SHLF9776291,113182141,,,
379,U1533,C,1,H,3,A,122.0,4.13,4.130,6.380,39.67,,,,,SHMSL,2019-02-28 14:56:11,SHLF9776291,113182141,,,
379,U1533,C,1,H,3,A,124.0,4.15,4.150,6.400,34.67,,,,,SHMSL,2019-02-28 14:56:11,SHLF9776291,113182141,,,
379,U1533,C,1,H,3,A,126.0,4.17,4.170,6.420,40.67,,,,,SHMSL,2019-02-28 14:56:11,SHLF9776291,113182141,,,
379,U1533,C,1,H,3,A,128.0,4.19,4.190,6.440,42.00,,,,,SHMSL,2019-02-28 14:56:11,SHLF9776291,113182141,,,
379,U1533,C,1,H,3,A,130.0,4.21,4.210,6.460,42.67,,,,,SHMSL,2019-02-28 14:56:11,SHLF9776291,113182141,,,
379,U1533,C,1,H,3,A,132.0,4.23,4.230,6.480,40.33,,,,,SHMSL,2019-02-28 14:56:11,SHLF9776291,113182141,,,
379,U1533,C,1,H,3,A,134.0,4.25,4.250,6.500,41.00,,,,,SHMSL,2019-02-28 14:56:11,SHLF9776291,113182141,,,
379,U1533,C,1,H,3,A,136.0,4.27,4.270,6.520,41.33,,,,,SHMSL,2019-02-28 14:56:11,SHLF9776291,113182141,,,
379,U1533,C,1,H,3,A,138.0,4.29,4.290,6.540,41.33,,,,,SHMSL,2019-02-28 14:56:11,SHLF9776291,113182141,,,
379,U1533,C,1,H,3,A,140.0,4.31,4.310,6.560,40.00,,,,,SHMSL,2019-02-28 14:56:11,SHLF9776291,113182141,,,
379,U1533,C,1,H,3,A,142.0,4.33,4.330,6.580,38.00,,,,,SHMSL,2019-02-28 14:56:11,SHLF9776291,113182141,,,
379,U1533,C,1,H,3,A,144.0,4.35,4.350,6.600,35.67,,,,,SHMSL,2019-02-28 14:56:11,SHLF9776291,113182141,,,
379,U1533,C,1,H,4,A,2.0,4.4,4.400,6.650,11.00,379-MSPOINT-47740531-i_pi_ms.ini,379-MSPOINT-48396341-379-U1533C-1H-4-A_20190228093906.MSPOINT,379-MSPOINT-48396301-raw_379-u1533c-1h-4-a_1902280939063_mspoint..csv,,SHMSL,2019-02-28 15:39:06,SHLF9776321,113182381,,,
379,U1533,C,1,H,4,A,4.0,4.42,4.420,6.670,35.33,,,,,SHMSL,2019-02-28 15:39:06,SHLF9776321,113182381,,,
379,U1533,C,1,H,4,A,6.0,4.44,4.440,6.690,36.33,,,,,SHMSL,2019-02-28 15:39:06,SHLF9776321,113182381,,,
379,U1533,C,1,H,4,A,8.0,4.46,4.460,6.710,35.00,,,,,SHMSL,2019-02-28 15:39:06,SHLF9776321,113182381,,,
379,U1533,C,1,H,4,A,10.0,4.48,4.480,6.730,34.00,,,,,SHMSL,2019-02-28 15:39:06,SHLF9776321,113182381,,,
379,U1533,C,1,H,4,A,12.0,4.5,4.500,6.750,33.00,,,,,SHMSL,2019-02-28 15:39:06,SHLF9776321,113182381,,,
379,U1533,C,1,H,4,A,14.0,4.52,4.520,6.770,32.00,,,,,SHMSL,2019-02-28 15:39:06,SHLF9776321,113182381,,,
379,U1533,C,1,H,4,A,16.0,4.54,4.540,6.790,33.00,,,,,SHMSL,2019-02-28 15:39:06,SHLF9776321,113182381,,,
379,U1533,C,1,H,4,A,18.0,4.56,4.560,6.810,32.00,,,,,SHMSL,2019-02-28 15:39:06,SHLF9776321,113182381,,,
379,U1533,C,1,H,4,A,20.0,4.58,4.580,6.830,32.00,,,,,SHMSL,2019-02-28 15:39:06,SHLF9776321,113182381,,,
379,U1533,C,1,H,4,A,22.0,4.6,4.600,6.850,32.33,,,,,SHMSL,2019-02-28 15:39:06,SHLF9776321,113182381,,,
379,U1533,C,1,H,4,A,24.0,4.62,4.620,6.870,32.00,,,,,SHMSL,2019-02-28 15:39:06,SHLF9776321,113182381,,,
379,U1533,C,1,H,4,A,26.0,4.64,4.640,6.890,30.33,,,,,SHMSL,2019-02-28 15:39:06,SHLF9776321,113182381,,,
379,U1533,C,1,H,4,A,28.0,4.66,4.660,6.910,30.00,,,,,SHMSL,2019-02-28 15:39:06,SHLF9776321,113182381,,,
379,U1533,C,1,H,4,A,30.0,4.68,4.680,6.930,26.33,,,,,SHMSL,2019-02-28 15:39:06,SHLF9776321,113182381,,,
379,U1533,C,1,H,4,A,32.0,4.7,4.700,6.950,23.33,,,,,SHMSL,2019-02-28 15:39:06,SHLF9776321,113182381,,,
379,U1533,C,1,H,4,A,34.0,4.72,4.720,6.970,23.67,,,,,SHMSL,2019-02-28 15:39:06,SHLF9776321,113182381,,,
379,U1533,C,1,H,4,A,36.0,4.74,4.740,6.990,25.00,,,,,SHMSL,2019-02-28 15:39:06,SHLF9776321,113182381,,,
379,U1533,C,1,H,4,A,38.0,4.76,4.760,7.010,26.00,,,,,SHMSL,2019-02-28 15:39:06,SHLF9776321,113182381,,,
379,U1533,C,1,H,4,A,40.0,4.78,4.780,7.030,26.33,,,,,SHMSL,2019-02-28 15:39:06,SHLF9776321,113182381,,,
379,U1533,C,1,H,4,A,42.0,4.8,4.800,7.050,29.33,,,,,SHMSL,2019-02-28 15:39:06,SHLF9776321,113182381,,,
379,U1533,C,1,H,4,A,44.0,4.82,4.820,7.070,29.67,,,,,SHMSL,2019-02-28 15:39:06,SHLF9776321,113182381,,,
379,U1533,C,1,H,4,A,46.0,4.84,4.840,7.090,31.67,,,,,SHMSL,2019-02-28 15:39:06,SHLF9776321,113182381,,,
379,U1533,C,1,H,4,A,48.0,4.86,4.860,7.110,30.00,,,,,SHMSL,2019-02-28 15:39:06,SHLF9776321,113182381,,,
379,U1533,C,1,H,4,A,50.0,4.88,4.880,7.130,33.00,,,,,SHMSL,2019-02-28 15:39:06,SHLF9776321,113182381,,,
379,U1533,C,1,H,4,A,52.0,4.9,4.900,7.150,29.67,,,,,SHMSL,2019-02-28 15:39:06,SHLF9776321,113182381,,,
379,U1533,C,1,H,4,A,54.0,4.92,4.920,7.170,27.00,,,,,SHMSL,2019-02-28 15:39:06,SHLF9776321,113182381,,,
379,U1533,C,1,H,4,A,56.0,4.94,4.940,7.190,32.00,,,,,SHMSL,2019-02-28 15:39:06,SHLF9776321,113182381,,,
379,U1533,C,1,H,4,A,58.0,4.96,4.960,7.210,33.67,,,,,SHMSL,2019-02-28 15:39:06,SHLF9776321,113182381,,,
379,U1533,C,1,H,4,A,60.0,4.98,4.980,7.230,32.00,,,,,SHMSL,2019-02-28 15:39:06,SHLF9776321,113182381,,,
379,U1533,C,1,H,4,A,62.0,5,5.000,7.250,33.00,,,,,SHMSL,2019-02-28 15:39:06,SHLF9776321,113182381,,,
379,U1533,C,1,H,4,A,64.0,5.02,5.020,7.270,35.00,,,,,SHMSL,2019-02-28 15:39:06,SHLF9776321,113182381,,,
379,U1533,C,1,H,4,A,66.0,5.04,5.040,7.290,36.67,,,,,SHMSL,2019-02-28 15:39:06,SHLF9776321,113182381,,,
379,U1533,C,1,H,4,A,68.0,5.06,5.060,7.310,36.00,,,,,SHMSL,2019-02-28 15:39:06,SHLF9776321,113182381,,,
379,U1533,C,1,H,4,A,70.0,5.08,5.080,7.330,41.00,,,,,SHMSL,2019-02-28 15:39:06,SHLF9776321,113182381,,,
379,U1533,C,1,H,4,A,72.0,5.1,5.100,7.350,39.67,,,,,SHMSL,2019-02-28 15:39:06,SHLF9776321,113182381,,,
379,U1533,C,1,H,4,A,74.0,5.12,5.120,7.370,38.00,,,,,SHMSL,2019-02-28 15:39:06,SHLF9776321,113182381,,,
379,U1533,C,1,H,4,A,76.0,5.14,5.140,7.390,39.00,,,,,SHMSL,2019-02-28 15:39:06,SHLF9776321,113182381,,,
379,U1533,C,1,H,4,A,78.0,5.16,5.160,7.410,37.00,,,,,SHMSL,2019-02-28 15:39:06,SHLF9776321,113182381,,,
379,U1533,C,1,H,4,A,80.0,5.18,5.180,7.430,38.67,,,,,SHMSL,2019-02-28 15:39:06,SHLF9776321,113182381,,,
379,U1533,C,1,H,4,A,82.0,5.2,5.200,7.450,38.00,,,,,SHMSL,2019-02-28 15:39:06,SHLF9776321,113182381,,,
379,U1533,C,1,H,4,A,84.0,5.22,5.220,7.470,38.67,,,,,SHMSL,2019-02-28 15:39:06,SHLF9776321,113182381,,,
379,U1533,C,1,H,4,A,86.0,5.24,5.240,7.490,39.00,,,,,SHMSL,2019-02-28 15:39:06,SHLF9776321,113182381,,,
379,U1533,C,1,H,4,A,88.0,5.26,5.260,7.510,37.00,,,,,SHMSL,2019-02-28 15:39:06,SHLF9776321,113182381,,,
379,U1533,C,1,H,4,A,90.0,5.28,5.280,7.530,35.67,,,,,SHMSL,2019-02-28 15:39:06,SHLF9776321,113182381,,,
379,U1533,C,1,H,4,A,92.0,5.3,5.300,7.550,32.33,,,,,SHMSL,2019-02-28 15:39:06,SHLF9776321,113182381,,,
379,U1533,C,1,H,4,A,94.0,5.32,5.320,7.570,35.00,,,,,SHMSL,2019-02-28 15:39:06,SHLF9776321,113182381,,,
379,U1533,C,1,H,4,A,96.0,5.34,5.340,7.590,35.67,,,,,SHMSL,2019-02-28 15:39:06,SHLF9776321,113182381,,,
379,U1533,C,1,H,4,A,98.0,5.36,5.360,7.610,35.67,,,,,SHMSL,2019-02-28 15:39:06,SHLF9776321,113182381,,,
379,U1533,C,1,H,4,A,100.0,5.38,5.380,7.630,36.00,,,,,SHMSL,2019-02-28 15:39:06,SHLF9776321,113182381,,,
379,U1533,C,1,H,4,A,102.0,5.4,5.400,7.650,40.67,,,,,SHMSL,2019-02-28 15:39:06,SHLF9776321,113182381,,,
379,U1533,C,1,H,4,A,104.0,5.42,5.420,7.670,42.67,,,,,SHMSL,2019-02-28 15:39:06,SHLF9776321,113182381,,,
379,U1533,C,1,H,4,A,106.0,5.44,5.440,7.690,43.00,,,,,SHMSL,2019-02-28 15:39:06,SHLF9776321,113182381,,,
379,U1533,C,1,H,4,A,108.0,5.46,5.460,7.710,49.67,,,,,SHMSL,2019-02-28 15:39:06,SHLF9776321,113182381,,,
379,U1533,C,1,H,4,A,110.0,5.48,5.480,7.730,54.67,,,,,SHMSL,2019-02-28 15:39:06,SHLF9776321,113182381,,,
379,U1533,C,1,H,4,A,112.0,5.5,5.500,7.750,55.00,,,,,SHMSL,2019-02-28 15:39:06,SHLF9776321,113182381,,,
379,U1533,C,1,H,4,A,114.0,5.52,5.520,7.770,59.67,,,,,SHMSL,2019-02-28 15:39:06,SHLF9776321,113182381,,,
379,U1533,C,1,H,4,A,116.0,5.54,5.540,7.790,69.00,,,,,SHMSL,2019-02-28 15:39:06,SHLF9776321,113182381,,,
379,U1533,C,1,H,4,A,118.0,5.56,5.560,7.810,78.67,,,,,SHMSL,2019-02-28 15:39:06,SHLF9776321,113182381,,,
379,U1533,C,1,H,4,A,120.0,5.58,5.580,7.830,84.00,,,,,SHMSL,2019-02-28 15:39:06,SHLF9776321,113182381,,,
379,U1533,C,1,H,4,A,122.0,5.6,5.600,7.850,81.00,,,,,SHMSL,2019-02-28 15:39:06,SHLF9776321,113182381,,,
379,U1533,C,1,H,4,A,124.0,5.62,5.620,7.870,69.00,,,,,SHMSL,2019-02-28 15:39:06,SHLF9776321,113182381,,,
379,U1533,C,1,H,4,A,126.0,5.64,5.640,7.890,90.00,,,,,SHMSL,2019-02-28 15:39:06,SHLF9776321,113182381,,,
379,U1533,C,1,H,4,A,128.0,5.66,5.660,7.910,102.00,,,,,SHMSL,2019-02-28 15:39:06,SHLF9776321,113182381,,,
379,U1533,C,1,H,4,A,130.0,5.68,5.680,7.930,70.33,,,,,SHMSL,2019-02-28 15:39:06,SHLF9776321,113182381,,,
379,U1533,C,1,H,4,A,132.0,5.7,5.700,7.950,74.33,,,,,SHMSL,2019-02-28 15:39:06,SHLF9776321,113182381,,,
379,U1533,C,1,H,4,A,134.0,5.72,5.720,7.970,62.00,,,,,SHMSL,2019-02-28 15:39:06,SHLF9776321,113182381,,,
379,U1533,C,1,H,4,A,136.0,5.74,5.740,7.990,56.67,,,,,SHMSL,2019-02-28 15:39:06,SHLF9776321,113182381,,,
379,U1533,C,1,H,4,A,138.0,5.76,5.760,8.010,55.00,,,,,SHMSL,2019-02-28 15:39:06,SHLF9776321,113182381,,,
379,U1533,C,1,H,4,A,140.0,5.78,5.780,8.030,51.00,,,,,SHMSL,2019-02-28 15:39:06,SHLF9776321,113182381,,,
379,U1533,C,1,H,4,A,142.0,5.8,5.800,8.050,51.33,,,,,SHMSL,2019-02-28 15:39:06,SHLF9776321,113182381,,,
379,U1533,C,1,H,4,A,144.0,5.82,5.820,8.070,48.00,,,,,SHMSL,2019-02-28 15:39:06,SHLF9776321,113182381,,,
379,U1533,C,1,H,5,A,2.0,5.86,5.860,8.110,13.67,379-MSPOINT-47740531-i_pi_ms.ini,379-MSPOINT-48396571-379-U1533C-1H-5-A_20190228094932.MSPOINT,379-MSPOINT-48396541-raw_379-u1533c-1h-5-a_1902280949323_mspoint..csv,,SHMSL,2019-02-28 15:49:32,SHLF9776351,113182561,,,
379,U1533,C,1,H,5,A,4.0,5.88,5.880,8.130,46.33,,,,,SHMSL,2019-02-28 15:49:32,SHLF9776351,113182561,,,
379,U1533,C,1,H,5,A,6.0,5.9,5.900,8.150,50.00,,,,,SHMSL,2019-02-28 15:49:32,SHLF9776351,113182561,,,
379,U1533,C,1,H,5,A,8.0,5.92,5.920,8.170,51.00,,,,,SHMSL,2019-02-28 15:49:32,SHLF9776351,113182561,,,
379,U1533,C,1,H,5,A,10.0,5.94,5.940,8.190,48.33,,,,,SHMSL,2019-02-28 15:49:32,SHLF9776351,113182561,,,
379,U1533,C,1,H,5,A,12.0,5.96,5.960,8.210,51.67,,,,,SHMSL,2019-02-28 15:49:32,SHLF9776351,113182561,,,
379,U1533,C,1,H,5,A,14.0,5.98,5.980,8.230,49.00,,,,,SHMSL,2019-02-28 15:49:32,SHLF9776351,113182561,,,
379,U1533,C,1,H,5,A,16.0,6,6.000,8.250,51.00,,,,,SHMSL,2019-02-28 15:49:32,SHLF9776351,113182561,,,
379,U1533,C,1,H,5,A,18.0,6.02,6.020,8.270,51.33,,,,,SHMSL,2019-02-28 15:49:32,SHLF9776351,113182561,,,
379,U1533,C,1,H,5,A,20.0,6.04,6.040,8.290,48.00,,,,,SHMSL,2019-02-28 15:49:32,SHLF9776351,113182561,,,
379,U1533,C,1,H,5,A,22.0,6.06,6.060,8.310,50.00,,,,,SHMSL,2019-02-28 15:49:32,SHLF9776351,113182561,,,
379,U1533,C,1,H,5,A,24.0,6.08,6.080,8.330,49.33,,,,,SHMSL,2019-02-28 15:49:32,SHLF9776351,113182561,,,
379,U1533,C,1,H,5,A,26.0,6.1,6.100,8.350,46.00,,,,,SHMSL,2019-02-28 15:49:32,SHLF9776351,113182561,,,
379,U1533,C,1,H,5,A,28.0,6.12,6.120,8.370,48.33,,,,,SHMSL,2019-02-28 15:49:32,SHLF9776351,113182561,,,
379,U1533,C,1,H,5,A,30.0,6.14,6.140,8.390,40.67,,,,,SHMSL,2019-02-28 15:49:32,SHLF9776351,113182561,,,
379,U1533,C,1,H,5,A,32.0,6.16,6.160,8.410,44.33,,,,,SHMSL,2019-02-28 15:49:32,SHLF9776351,113182561,,,
379,U1533,C,1,H,5,A,34.0,6.18,6.180,8.430,42.67,,,,,SHMSL,2019-02-28 15:49:32,SHLF9776351,113182561,,,
379,U1533,C,1,H,5,A,36.0,6.2,6.200,8.450,37.33,,,,,SHMSL,2019-02-28 15:49:32,SHLF9776351,113182561,,,
379,U1533,C,1,H,5,A,38.0,6.22,6.220,8.470,35.00,,,,,SHMSL,2019-02-28 15:49:32,SHLF9776351,113182561,,,
379,U1533,C,1,H,5,A,40.0,6.24,6.240,8.490,33.00,,,,,SHMSL,2019-02-28 15:49:32,SHLF9776351,113182561,,,
379,U1533,C,1,H,5,A,42.0,6.26,6.260,8.510,73.00,,,,,SHMSL,2019-02-28 15:49:32,SHLF9776351,113182561,,,
379,U1533,C,1,H,5,A,44.0,6.28,6.280,8.530,34.33,,,,,SHMSL,2019-02-28 15:49:32,SHLF9776351,113182561,,,
379,U1533,C,1,H,5,A,46.0,6.3,6.300,8.550,30.67,,,,,SHMSL,2019-02-28 15:49:32,SHLF9776351,113182561,,,
379,U1533,C,1,H,5,A,48.0,6.32,6.320,8.570,28.67,,,,,SHMSL,2019-02-28 15:49:32,SHLF9776351,113182561,,,
379,U1533,C,1,H,5,A,50.0,6.34,6.340,8.590,26.00,,,,,SHMSL,2019-02-28 15:49:32,SHLF9776351,113182561,,,
379,U1533,C,1,H,5,A,52.0,6.36,6.360,8.610,27.00,,,,,SHMSL,2019-02-28 15:49:32,SHLF9776351,113182561,,,
379,U1533,C,1,H,5,A,54.0,6.38,6.380,8.630,26.00,,,,,SHMSL,2019-02-28 15:49:32,SHLF9776351,113182561,,,
379,U1533,C,1,H,5,A,56.0,6.4,6.400,8.650,28.00,,,,,SHMSL,2019-02-28 15:49:32,SHLF9776351,113182561,,,
379,U1533,C,1,H,5,A,58.0,6.42,6.420,8.670,31.67,,,,,SHMSL,2019-02-28 15:49:32,SHLF9776351,113182561,,,
379,U1533,C,1,H,5,A,60.0,6.44,6.440,8.690,27.33,,,,,SHMSL,2019-02-28 15:49:32,SHLF9776351,113182561,,,
379,U1533,C,1,H,5,A,62.0,6.46,6.460,8.710,26.00,,,,,SHMSL,2019-02-28 15:49:32,SHLF9776351,113182561,,,
379,U1533,C,1,H,5,A,64.0,6.48,6.480,8.730,25.67,,,,,SHMSL,2019-02-28 15:49:32,SHLF9776351,113182561,,,
379,U1533,C,1,H,5,A,66.0,6.5,6.500,8.750,25.00,,,,,SHMSL,2019-02-28 15:49:32,SHLF9776351,113182561,,,
379,U1533,C,1,H,5,A,68.0,6.52,6.520,8.770,27.00,,,,,SHMSL,2019-02-28 15:49:32,SHLF9776351,113182561,,,
379,U1533,C,1,H,5,A,70.0,6.54,6.540,8.790,24.00,,,,,SHMSL,2019-02-28 15:49:32,SHLF9776351,113182561,,,
379,U1533,C,1,H,5,A,72.0,6.56,6.560,8.810,24.00,,,,,SHMSL,2019-02-28 15:49:32,SHLF9776351,113182561,,,
379,U1533,C,1,H,5,A,74.0,6.58,6.580,8.830,26.00,,,,,SHMSL,2019-02-28 15:49:32,SHLF9776351,113182561,,,
379,U1533,C,1,H,5,A,76.0,6.6,6.600,8.850,27.00,,,,,SHMSL,2019-02-28 15:49:32,SHLF9776351,113182561,,,
379,U1533,C,1,H,5,A,78.0,6.62,6.620,8.870,31.00,,,,,SHMSL,2019-02-28 15:49:32,SHLF9776351,113182561,,,
379,U1533,C,1,H,5,A,80.0,6.64,6.640,8.890,31.33,,,,,SHMSL,2019-02-28 15:49:32,SHLF9776351,113182561,,,
379,U1533,C,1,H,5,A,82.0,6.66,6.660,8.910,28.33,,,,,SHMSL,2019-02-28 15:49:32,SHLF9776351,113182561,,,
379,U1533,C,1,H,5,A,84.0,6.68,6.680,8.930,34.67,,,,,SHMSL,2019-02-28 15:49:32,SHLF9776351,113182561,,,
379,U1533,C,1,H,5,A,86.0,6.7,6.700,8.950,32.33,,,,,SHMSL,2019-02-28 15:49:32,SHLF9776351,113182561,,,
379,U1533,C,1,H,5,A,88.0,6.72,6.720,8.970,31.67,,,,,SHMSL,2019-02-28 15:49:32,SHLF9776351,113182561,,,
379,U1533,C,1,H,5,A,90.0,6.74,6.740,8.990,31.33,,,,,SHMSL,2019-02-28 15:49:32,SHLF9776351,113182561,,,
379,U1533,C,1,H,5,A,92.0,6.76,6.760,9.010,33.33,,,,,SHMSL,2019-02-28 15:49:32,SHLF9776351,113182561,,,
379,U1533,C,1,H,5,A,94.0,6.78,6.780,9.030,35.67,,,,,SHMSL,2019-02-28 15:49:32,SHLF9776351,113182561,,,
379,U1533,C,1,H,5,A,96.0,6.8,6.800,9.050,37.00,,,,,SHMSL,2019-02-28 15:49:32,SHLF9776351,113182561,,,
379,U1533,C,1,H,5,A,98.0,6.82,6.820,9.070,40.00,,,,,SHMSL,2019-02-28 15:49:32,SHLF9776351,113182561,,,
379,U1533,C,1,H,5,A,100.0,6.84,6.840,9.090,42.00,,,,,SHMSL,2019-02-28 15:49:32,SHLF9776351,113182561,,,
379,U1533,C,1,H,5,A,102.0,6.86,6.860,9.110,44.33,,,,,SHMSL,2019-02-28 15:49:32,SHLF9776351,113182561,,,
379,U1533,C,1,H,5,A,104.0,6.88,6.880,9.130,44.33,,,,,SHMSL,2019-02-28 15:49:32,SHLF9776351,113182561,,,
379,U1533,C,1,H,5,A,106.0,6.9,6.900,9.150,45.67,,,,,SHMSL,2019-02-28 15:49:32,SHLF9776351,113182561,,,
379,U1533,C,1,H,5,A,108.0,6.92,6.920,9.170,59.67,,,,,SHMSL,2019-02-28 15:49:32,SHLF9776351,113182561,,,
379,U1533,C,1,H,5,A,110.0,6.94,6.940,9.190,61.67,,,,,SHMSL,2019-02-28 15:49:32,SHLF9776351,113182561,,,
379,U1533,C,1,H,6,A,2.0,6.98,6.980,9.230,18.00,379-MSPOINT-47740531-i_pi_ms.ini,379-MSPOINT-48396841-379-U1533C-1H-6-A_20190228095715.MSPOINT,379-MSPOINT-48396801-raw_379-u1533c-1h-6-a_1902280957153_mspoint..csv,,SHMSL,2019-02-28 15:57:15,SHLF9776381,113183201,,,
379,U1533,C,1,H,6,A,4.0,7,7.000,9.250,85.00,,,,,SHMSL,2019-02-28 15:57:15,SHLF9776381,113183201,,,
379,U1533,C,1,H,6,A,6.0,7.02,7.020,9.270,92.33,,,,,SHMSL,2019-02-28 15:57:15,SHLF9776381,113183201,,,
379,U1533,C,1,H,6,A,8.0,7.04,7.040,9.290,103.67,,,,,SHMSL,2019-02-28 15:57:15,SHLF9776381,113183201,,,
379,U1533,C,1,H,6,A,10.0,7.06,7.060,9.310,80.00,,,,,SHMSL,2019-02-28 15:57:15,SHLF9776381,113183201,,,
379,U1533,C,1,H,6,A,12.0,7.08,7.080,9.330,69.67,,,,,SHMSL,2019-02-28 15:57:15,SHLF9776381,113183201,,,
379,U1533,C,1,H,6,A,14.0,7.1,7.100,9.350,80.67,,,,,SHMSL,2019-02-28 15:57:15,SHLF9776381,113183201,,,
379,U1533,C,1,H,6,A,16.0,7.12,7.120,9.370,72.00,,,,,SHMSL,2019-02-28 15:57:15,SHLF9776381,113183201,,,
379,U1533,C,1,H,6,A,18.0,7.14,7.140,9.390,69.33,,,,,SHMSL,2019-02-28 15:57:15,SHLF9776381,113183201,,,
379,U1533,C,1,H,6,A,20.0,7.16,7.160,9.410,76.33,,,,,SHMSL,2019-02-28 15:57:15,SHLF9776381,113183201,,,
379,U1533,C,1,H,6,A,22.0,7.18,7.180,9.430,88.67,,,,,SHMSL,2019-02-28 15:57:15,SHLF9776381,113183201,,,
379,U1533,C,1,H,6,A,24.0,7.2,7.200,9.450,101.67,,,,,SHMSL,2019-02-28 15:57:15,SHLF9776381,113183201,,,
379,U1533,C,1,H,6,A,26.0,7.22,7.220,9.470,110.33,,,,,SHMSL,2019-02-28 15:57:15,SHLF9776381,113183201,,,
379,U1533,C,1,H,6,A,28.0,7.24,7.240,9.490,218.67,,,,,SHMSL,2019-02-28 15:57:15,SHLF9776381,113183201,,,
379,U1533,C,1,H,6,A,30.0,7.26,7.260,9.510,118.00,,,,,SHMSL,2019-02-28 15:57:15,SHLF9776381,113183201,,,
379,U1533,C,1,H,6,A,32.0,7.28,7.280,9.530,86.00,,,,,SHMSL,2019-02-28 15:57:15,SHLF9776381,113183201,,,
379,U1533,C,1,H,6,A,34.0,7.3,7.300,9.550,64.67,,,,,SHMSL,2019-02-28 15:57:15,SHLF9776381,113183201,,,
379,U1533,C,1,H,6,A,36.0,7.32,7.320,9.570,59.00,,,,,SHMSL,2019-02-28 15:57:15,SHLF9776381,113183201,,,
379,U1533,C,1,H,6,A,38.0,7.34,7.340,9.590,68.33,,,,,SHMSL,2019-02-28 15:57:15,SHLF9776381,113183201,,,
379,U1533,C,1,H,6,A,40.0,7.36,7.360,9.610,80.00,,,,,SHMSL,2019-02-28 15:57:15,SHLF9776381,113183201,,,
379,U1533,C,1,H,6,A,42.0,7.38,7.380,9.630,74.33,,,,,SHMSL,2019-02-28 15:57:15,SHLF9776381,113183201,,,
379,U1533,C,1,H,6,A,44.0,7.4,7.400,9.650,89.00,,,,,SHMSL,2019-02-28 15:57:15,SHLF9776381,113183201,,,
379,U1533,C,1,H,6,A,46.0,7.42,7.420,9.670,84.00,,,,,SHMSL,2019-02-28 15:57:15,SHLF9776381,113183201,,,
379,U1533,C,1,H,6,A,48.0,7.44,7.440,9.690,73.00,,,,,SHMSL,2019-02-28 15:57:15,SHLF9776381,113183201,,,
379,U1533,C,1,H,6,A,50.0,7.46,7.460,9.710,71.67,,,,,SHMSL,2019-02-28 15:57:15,SHLF9776381,113183201,,,
379,U1533,C,1,H,6,A,52.0,7.48,7.480,9.730,77.00,,,,,SHMSL,2019-02-28 15:57:15,SHLF9776381,113183201,,,
379,U1533,C,1,H,6,A,54.0,7.5,7.500,9.750,93.00,,,,,SHMSL,2019-02-28 15:57:15,SHLF9776381,113183201,,,
379,U1533,C,1,H,6,A,56.0,7.52,7.520,9.770,93.67,,,,,SHMSL,2019-02-28 15:57:15,SHLF9776381,113183201,,,
379,U1533,C,1,H,6,A,58.0,7.54,7.540,9.790,89.00,,,,,SHMSL,2019-02-28 15:57:15,SHLF9776381,113183201,,,
379,U1533,C,1,H,CC,A,2.0,7.58,7.541,9.830,25.00,379-MSPOINT-47740531-i_pi_ms.ini,379-MSPOINT-48397041-379-U1533C-1H-CC-A_20190228100038.MSPOINT,379-MSPOINT-48397021-raw_379-u1533c-1h-cc-a_1902281000383_mspoint..csv,,SHMSL,2019-02-28 16:00:38,SHLF9776411,113183671,,,
379,U1533,C,1,H,CC,A,4.0,7.6,7.561,9.850,86.67,,,,,SHMSL,2019-02-28 16:00:38,SHLF9776411,113183671,,,
379,U1533,C,1,H,CC,A,6.0,7.62,7.581,9.870,84.00,,,,,SHMSL,2019-02-28 16:00:38,SHLF9776411,113183671,,,
379,U1533,C,1,H,CC,A,8.0,7.64,7.601,9.890,84.67,,,,,SHMSL,2019-02-28 16:00:38,SHLF9776411,113183671,,,
379,U1533,C,1,H,CC,A,10.0,7.66,7.620,9.910,81.67,,,,,SHMSL,2019-02-28 16:00:38,SHLF9776411,113183671,,,
