Exp,Site,Hole,Core,Type,Sect,Top depth CSF-A (m),Bottom depth CSF-A (m),Top depth CSF-B (m),Bottom depth CSF-B (m),Element name,Element symbol,Concentration,Wavelength (nm),Excel filename,ICP file filename,Raw data filename,Timestamp (UTC),Text ID,Test No.,Sample comments,Test comments,Result comments
379,U1532,C,3,F,2,185.86,185.960,185.641,185.733,Boron,B (mM),353.46,249.678,,,,2019-02-08 05:23:27,LIQ9725991,112886911,20uL HNO3,,
379,U1532,C,3,F,2,185.86,185.960,185.641,185.733,Boron,B (mM),351.84,249.772,,,,2019-02-08 05:23:27,LIQ9725991,112886911,20uL HNO3,,
379,U1532,C,3,F,2,185.86,185.960,185.641,185.733,Barium,Ba (µM),1.99,230.424,,,,2019-02-08 05:23:27,LIQ9725991,112886911,20uL HNO3,,
379,U1532,C,3,F,2,185.86,185.960,185.641,185.733,Barium,Ba (µM),2.1,455.403,,,,2019-02-08 05:23:27,LIQ9725991,112886911,20uL HNO3,,
379,U1532,C,3,F,2,185.86,185.960,185.641,185.733,Calcium,Ca (mM),23.22,315.887,,,,2019-02-08 05:23:27,LIQ9725991,112886911,20uL HNO3,,
379,U1532,C,3,F,2,185.86,185.960,185.641,185.733,Calcium,Ca (mM),23.41,317.933,,,,2019-02-08 05:23:27,LIQ9725991,112886911,20uL HNO3,,
379,U1532,C,3,F,2,185.86,185.960,185.641,185.733,Calcium,Ca (mM),23.44,318.127,,,,2019-02-08 05:23:27,LIQ9725991,112886911,20uL HNO3,,
379,U1532,C,3,F,2,185.86,185.960,185.641,185.733,Iron,Fe (µM),2.09,238.204,,,,2019-02-08 05:23:27,LIQ9725991,112886911,20uL HNO3,,
379,U1532,C,3,F,2,185.86,185.960,185.641,185.733,Iron,Fe (µM),1.87,239.563,,,,2019-02-08 05:23:27,LIQ9725991,112886911,20uL HNO3,,
379,U1532,C,3,F,2,185.86,185.960,185.641,185.733,Iron,Fe (µM),1.71,259.94,,,,2019-02-08 05:23:27,LIQ9725991,112886911,20uL HNO3,,
379,U1532,C,3,F,2,185.86,185.960,185.641,185.733,Potassium,K (mM),4.41,766.491,,,,2019-02-08 05:23:27,LIQ9725991,112886911,20uL HNO3,,
379,U1532,C,3,F,2,185.86,185.960,185.641,185.733,Potassium,K (mM),4.09,769.897,,,,2019-02-08 05:23:27,LIQ9725991,112886911,20uL HNO3,,
379,U1532,C,3,F,2,185.86,185.960,185.641,185.733,Lithium,Li (µM),235.22,670.783,,,,2019-02-08 05:23:27,LIQ9725991,112886911,20uL HNO3,,
379,U1532,C,3,F,2,185.86,185.960,185.641,185.733,Magnesium,Mg (mM),47.95,202.582,,,,2019-02-08 05:23:27,LIQ9725991,112886911,20uL HNO3,,
379,U1532,C,3,F,2,185.86,185.960,185.641,185.733,Magnesium,Mg (mM),47.26,277.983,,,,2019-02-08 05:23:27,LIQ9725991,112886911,20uL HNO3,,
379,U1532,C,3,F,2,185.86,185.960,185.641,185.733,Magnesium,Mg (mM),47.96,279.078,,,,2019-02-08 05:23:27,LIQ9725991,112886911,20uL HNO3,,
379,U1532,C,3,F,2,185.86,185.960,185.641,185.733,Manganese,Mn (µM),59.02,257.61,,,,2019-02-08 05:23:27,LIQ9725991,112886911,20uL HNO3,,
379,U1532,C,3,F,2,185.86,185.960,185.641,185.733,Manganese,Mn (µM),58.54,259.372,,,,2019-02-08 05:23:27,LIQ9725991,112886911,20uL HNO3,,
379,U1532,C,3,F,2,185.86,185.960,185.641,185.733,Sodium,Na (mM),457.55,330.298,,,,2019-02-08 05:23:27,LIQ9725991,112886911,20uL HNO3,,
379,U1532,C,3,F,2,185.86,185.960,185.641,185.733,Sodium,Na (mM),453.63,589.592,,,,2019-02-08 05:23:27,LIQ9725991,112886911,20uL HNO3,,
379,U1532,C,3,F,2,185.86,185.960,185.641,185.733,Phosphorus,P (µM),3.21,213.618,,,,2019-02-08 05:23:27,LIQ9725991,112886911,20uL HNO3,,
379,U1532,C,3,F,2,185.86,185.960,185.641,185.733,Sulfur,S (mM),16.64,182.562,,,,2019-02-08 05:23:27,LIQ9725991,112886911,20uL HNO3,,
379,U1532,C,3,F,2,185.86,185.960,185.641,185.733,Silicon,Si (µM),824.1,221.667,,,,2019-02-08 05:23:27,LIQ9725991,112886911,20uL HNO3,,
379,U1532,C,3,F,2,185.86,185.960,185.641,185.733,Silicon,Si (µM),810.33,251.611,,,,2019-02-08 05:23:27,LIQ9725991,112886911,20uL HNO3,,
379,U1532,C,3,F,2,185.86,185.960,185.641,185.733,Silicon,Si (µM),819.55,288.158,,,,2019-02-08 05:23:27,LIQ9725991,112886911,20uL HNO3,,
379,U1532,C,3,F,2,185.86,185.960,185.641,185.733,Strontium,Sr (µM),121.56,407.771,,,,2019-02-08 05:23:27,LIQ9725991,112886911,20uL HNO3,,
379,U1532,C,3,F,2,185.86,185.960,185.641,185.733,Strontium,Sr (µM),126.74,421.552,,,,2019-02-08 05:23:27,LIQ9725991,112886911,20uL HNO3,,
379,U1532,C,3,F,2,185.86,185.960,185.641,185.733,Strontium,Sr (µM),122.08,460.733,,,,2019-02-08 05:23:27,LIQ9725991,112886911,20uL HNO3,,
379,U1532,C,5,F,2,195.28,195.380,195.055,195.147,Boron,B (mM),351.55,249.678,,,,2019-02-08 05:27:35,LIQ9726571,112887021,20uL HNO3,,
379,U1532,C,5,F,2,195.28,195.380,195.055,195.147,Boron,B (mM),347.4,249.772,,,,2019-02-08 05:27:35,LIQ9726571,112887021,20uL HNO3,,
379,U1532,C,5,F,2,195.28,195.380,195.055,195.147,Barium,Ba (µM),1.4,230.424,,,,2019-02-08 05:27:35,LIQ9726571,112887021,20uL HNO3,,
379,U1532,C,5,F,2,195.28,195.380,195.055,195.147,Barium,Ba (µM),1.47,455.403,,,,2019-02-08 05:27:35,LIQ9726571,112887021,20uL HNO3,,
379,U1532,C,5,F,2,195.28,195.380,195.055,195.147,Calcium,Ca (mM),24.15,315.887,,,,2019-02-08 05:27:35,LIQ9726571,112887021,20uL HNO3,,
379,U1532,C,5,F,2,195.28,195.380,195.055,195.147,Calcium,Ca (mM),24.2,317.933,,,,2019-02-08 05:27:35,LIQ9726571,112887021,20uL HNO3,,
379,U1532,C,5,F,2,195.28,195.380,195.055,195.147,Calcium,Ca (mM),24.28,318.127,,,,2019-02-08 05:27:35,LIQ9726571,112887021,20uL HNO3,,
379,U1532,C,5,F,2,195.28,195.380,195.055,195.147,Iron,Fe (µM),3.27,238.204,,,,2019-02-08 05:27:35,LIQ9726571,112887021,20uL HNO3,,
379,U1532,C,5,F,2,195.28,195.380,195.055,195.147,Iron,Fe (µM),3.25,239.563,,,,2019-02-08 05:27:35,LIQ9726571,112887021,20uL HNO3,,
379,U1532,C,5,F,2,195.28,195.380,195.055,195.147,Iron,Fe (µM),2.89,259.94,,,,2019-02-08 05:27:35,LIQ9726571,112887021,20uL HNO3,,
379,U1532,C,5,F,2,195.28,195.380,195.055,195.147,Potassium,K (mM),4.23,766.491,,,,2019-02-08 05:27:35,LIQ9726571,112887021,20uL HNO3,,
379,U1532,C,5,F,2,195.28,195.380,195.055,195.147,Potassium,K (mM),3.93,769.897,,,,2019-02-08 05:27:35,LIQ9726571,112887021,20uL HNO3,,
379,U1532,C,5,F,2,195.28,195.380,195.055,195.147,Lithium,Li (µM),249.95,670.783,,,,2019-02-08 05:27:35,LIQ9726571,112887021,20uL HNO3,,
379,U1532,C,5,F,2,195.28,195.380,195.055,195.147,Magnesium,Mg (mM),47.93,202.582,,,,2019-02-08 05:27:35,LIQ9726571,112887021,20uL HNO3,,
379,U1532,C,5,F,2,195.28,195.380,195.055,195.147,Magnesium,Mg (mM),47.17,277.983,,,,2019-02-08 05:27:35,LIQ9726571,112887021,20uL HNO3,,
379,U1532,C,5,F,2,195.28,195.380,195.055,195.147,Magnesium,Mg (mM),48.05,279.078,,,,2019-02-08 05:27:35,LIQ9726571,112887021,20uL HNO3,,
379,U1532,C,5,F,2,195.28,195.380,195.055,195.147,Manganese,Mn (µM),64.77,257.61,,,,2019-02-08 05:27:35,LIQ9726571,112887021,20uL HNO3,,
379,U1532,C,5,F,2,195.28,195.380,195.055,195.147,Manganese,Mn (µM),63.36,259.372,,,,2019-02-08 05:27:35,LIQ9726571,112887021,20uL HNO3,,
379,U1532,C,5,F,2,195.28,195.380,195.055,195.147,Sodium,Na (mM),465.14,330.298,,,,2019-02-08 05:27:35,LIQ9726571,112887021,20uL HNO3,,
379,U1532,C,5,F,2,195.28,195.380,195.055,195.147,Sodium,Na (mM),463.58,589.592,,,,2019-02-08 05:27:35,LIQ9726571,112887021,20uL HNO3,,
379,U1532,C,5,F,2,195.28,195.380,195.055,195.147,Phosphorus,P (µM),3.08,213.618,,,,2019-02-08 05:27:35,LIQ9726571,112887021,20uL HNO3,,
379,U1532,C,5,F,2,195.28,195.380,195.055,195.147,Sulfur,S (mM),16.5,182.562,,,,2019-02-08 05:27:35,LIQ9726571,112887021,20uL HNO3,,
379,U1532,C,5,F,2,195.28,195.380,195.055,195.147,Silicon,Si (µM),898.26,221.667,,,,2019-02-08 05:27:35,LIQ9726571,112887021,20uL HNO3,,
379,U1532,C,5,F,2,195.28,195.380,195.055,195.147,Silicon,Si (µM),873.25,251.611,,,,2019-02-08 05:27:35,LIQ9726571,112887021,20uL HNO3,,
379,U1532,C,5,F,2,195.28,195.380,195.055,195.147,Silicon,Si (µM),883.71,288.158,,,,2019-02-08 05:27:35,LIQ9726571,112887021,20uL HNO3,,
379,U1532,C,5,F,2,195.28,195.380,195.055,195.147,Strontium,Sr (µM),126.86,407.771,,,,2019-02-08 05:27:35,LIQ9726571,112887021,20uL HNO3,,
379,U1532,C,5,F,2,195.28,195.380,195.055,195.147,Strontium,Sr (µM),130.37,421.552,,,,2019-02-08 05:27:35,LIQ9726571,112887021,20uL HNO3,,
379,U1532,C,5,F,2,195.28,195.380,195.055,195.147,Strontium,Sr (µM),125,460.733,,,,2019-02-08 05:27:35,LIQ9726571,112887021,20uL HNO3,,
379,U1532,C,7,F,2,204.66,204.760,204.436,204.528,Boron,B (mM),322.87,249.678,,,,2019-02-08 05:17:41,LIQ9727321,112886781,20uL HNO3,,
379,U1532,C,7,F,2,204.66,204.760,204.436,204.528,Boron,B (mM),318.71,249.772,,,,2019-02-08 05:17:41,LIQ9727321,112886781,20uL HNO3,,
379,U1532,C,7,F,2,204.66,204.760,204.436,204.528,Barium,Ba (µM),2.3,230.424,,,,2019-02-08 05:17:41,LIQ9727321,112886781,20uL HNO3,,
379,U1532,C,7,F,2,204.66,204.760,204.436,204.528,Barium,Ba (µM),2.47,455.403,,,,2019-02-08 05:17:41,LIQ9727321,112886781,20uL HNO3,,
379,U1532,C,7,F,2,204.66,204.760,204.436,204.528,Calcium,Ca (mM),23.21,315.887,,,,2019-02-08 05:17:41,LIQ9727321,112886781,20uL HNO3,,
379,U1532,C,7,F,2,204.66,204.760,204.436,204.528,Calcium,Ca (mM),23.13,317.933,,,,2019-02-08 05:17:41,LIQ9727321,112886781,20uL HNO3,,
379,U1532,C,7,F,2,204.66,204.760,204.436,204.528,Calcium,Ca (mM),23.22,318.127,,,,2019-02-08 05:17:41,LIQ9727321,112886781,20uL HNO3,,
379,U1532,C,7,F,2,204.66,204.760,204.436,204.528,Iron,Fe (µM),2.13,238.204,,,,2019-02-08 05:17:41,LIQ9727321,112886781,20uL HNO3,,
379,U1532,C,7,F,2,204.66,204.760,204.436,204.528,Iron,Fe (µM),1.94,239.563,,,,2019-02-08 05:17:41,LIQ9727321,112886781,20uL HNO3,,
379,U1532,C,7,F,2,204.66,204.760,204.436,204.528,Iron,Fe (µM),1.75,259.94,,,,2019-02-08 05:17:41,LIQ9727321,112886781,20uL HNO3,,
379,U1532,C,7,F,2,204.66,204.760,204.436,204.528,Potassium,K (mM),4.15,766.491,,,,2019-02-08 05:17:41,LIQ9727321,112886781,20uL HNO3,,
379,U1532,C,7,F,2,204.66,204.760,204.436,204.528,Potassium,K (mM),3.85,769.897,,,,2019-02-08 05:17:41,LIQ9727321,112886781,20uL HNO3,,
379,U1532,C,7,F,2,204.66,204.760,204.436,204.528,Lithium,Li (µM),256.71,670.783,,,,2019-02-08 05:17:41,LIQ9727321,112886781,20uL HNO3,,
379,U1532,C,7,F,2,204.66,204.760,204.436,204.528,Magnesium,Mg (mM),46.39,202.582,,,,2019-02-08 05:17:41,LIQ9727321,112886781,20uL HNO3,,
379,U1532,C,7,F,2,204.66,204.760,204.436,204.528,Magnesium,Mg (mM),45.02,277.983,,,,2019-02-08 05:17:41,LIQ9727321,112886781,20uL HNO3,,
379,U1532,C,7,F,2,204.66,204.760,204.436,204.528,Magnesium,Mg (mM),45.93,279.078,,,,2019-02-08 05:17:41,LIQ9727321,112886781,20uL HNO3,,
379,U1532,C,7,F,2,204.66,204.760,204.436,204.528,Manganese,Mn (µM),49.81,257.61,,,,2019-02-08 05:17:41,LIQ9727321,112886781,20uL HNO3,,
379,U1532,C,7,F,2,204.66,204.760,204.436,204.528,Manganese,Mn (µM),50.44,259.372,,,,2019-02-08 05:17:41,LIQ9727321,112886781,20uL HNO3,,
379,U1532,C,7,F,2,204.66,204.760,204.436,204.528,Sodium,Na (mM),451.95,330.298,,,,2019-02-08 05:17:41,LIQ9727321,112886781,20uL HNO3,,
379,U1532,C,7,F,2,204.66,204.760,204.436,204.528,Sodium,Na (mM),450.86,589.592,,,,2019-02-08 05:17:41,LIQ9727321,112886781,20uL HNO3,,
379,U1532,C,7,F,2,204.66,204.760,204.436,204.528,Phosphorus,P (µM),3.02,213.618,,,,2019-02-08 05:17:41,LIQ9727321,112886781,20uL HNO3,,
379,U1532,C,7,F,2,204.66,204.760,204.436,204.528,Sulfur,S (mM),16.41,182.562,,,,2019-02-08 05:17:41,LIQ9727321,112886781,20uL HNO3,,
379,U1532,C,7,F,2,204.66,204.760,204.436,204.528,Silicon,Si (µM),655.03,221.667,,,,2019-02-08 05:17:41,LIQ9727321,112886781,20uL HNO3,,
379,U1532,C,7,F,2,204.66,204.760,204.436,204.528,Silicon,Si (µM),649.4,251.611,,,,2019-02-08 05:17:41,LIQ9727321,112886781,20uL HNO3,,
379,U1532,C,7,F,2,204.66,204.760,204.436,204.528,Silicon,Si (µM),653.06,288.158,,,,2019-02-08 05:17:41,LIQ9727321,112886781,20uL HNO3,,
379,U1532,C,7,F,2,204.66,204.760,204.436,204.528,Strontium,Sr (µM),123.58,407.771,,,,2019-02-08 05:17:41,LIQ9727321,112886781,20uL HNO3,,
379,U1532,C,7,F,2,204.66,204.760,204.436,204.528,Strontium,Sr (µM),126.99,421.552,,,,2019-02-08 05:17:41,LIQ9727321,112886781,20uL HNO3,,
379,U1532,C,7,F,2,204.66,204.760,204.436,204.528,Strontium,Sr (µM),122.12,460.733,,,,2019-02-08 05:17:41,LIQ9727321,112886781,20uL HNO3,,
379,U1532,C,9,F,2,214.06,214.160,213.883,213.977,Boron,B (mM),323.5,249.678,,,,2019-02-08 05:33:30,LIQ9728071,112887161,20uL HNO3,,
379,U1532,C,9,F,2,214.06,214.160,213.883,213.977,Boron,B (mM),320.28,249.772,,,,2019-02-08 05:33:30,LIQ9728071,112887161,20uL HNO3,,
379,U1532,C,9,F,2,214.06,214.160,213.883,213.977,Barium,Ba (µM),1.07,230.424,,,,2019-02-08 05:33:30,LIQ9728071,112887161,20uL HNO3,,
379,U1532,C,9,F,2,214.06,214.160,213.883,213.977,Barium,Ba (µM),1.15,455.403,,,,2019-02-08 05:33:30,LIQ9728071,112887161,20uL HNO3,,
379,U1532,C,9,F,2,214.06,214.160,213.883,213.977,Calcium,Ca (mM),23.74,315.887,,,,2019-02-08 05:33:30,LIQ9728071,112887161,20uL HNO3,,
379,U1532,C,9,F,2,214.06,214.160,213.883,213.977,Calcium,Ca (mM),23.8,317.933,,,,2019-02-08 05:33:30,LIQ9728071,112887161,20uL HNO3,,
379,U1532,C,9,F,2,214.06,214.160,213.883,213.977,Calcium,Ca (mM),23.92,318.127,,,,2019-02-08 05:33:30,LIQ9728071,112887161,20uL HNO3,,
379,U1532,C,9,F,2,214.06,214.160,213.883,213.977,Iron,Fe (µM),9.66,238.204,,,,2019-02-08 05:33:30,LIQ9728071,112887161,20uL HNO3,,
379,U1532,C,9,F,2,214.06,214.160,213.883,213.977,Iron,Fe (µM),9.35,239.563,,,,2019-02-08 05:33:30,LIQ9728071,112887161,20uL HNO3,,
379,U1532,C,9,F,2,214.06,214.160,213.883,213.977,Iron,Fe (µM),9.15,259.94,,,,2019-02-08 05:33:30,LIQ9728071,112887161,20uL HNO3,,
379,U1532,C,9,F,2,214.06,214.160,213.883,213.977,Potassium,K (mM),4.04,766.491,,,,2019-02-08 05:33:30,LIQ9728071,112887161,20uL HNO3,,
379,U1532,C,9,F,2,214.06,214.160,213.883,213.977,Potassium,K (mM),3.76,769.897,,,,2019-02-08 05:33:30,LIQ9728071,112887161,20uL HNO3,,
379,U1532,C,9,F,2,214.06,214.160,213.883,213.977,Lithium,Li (µM),257.37,670.783,,,,2019-02-08 05:33:30,LIQ9728071,112887161,20uL HNO3,,
379,U1532,C,9,F,2,214.06,214.160,213.883,213.977,Magnesium,Mg (mM),45.43,202.582,,,,2019-02-08 05:33:30,LIQ9728071,112887161,20uL HNO3,,
379,U1532,C,9,F,2,214.06,214.160,213.883,213.977,Magnesium,Mg (mM),44.66,277.983,,,,2019-02-08 05:33:30,LIQ9728071,112887161,20uL HNO3,,
379,U1532,C,9,F,2,214.06,214.160,213.883,213.977,Magnesium,Mg (mM),45.21,279.078,,,,2019-02-08 05:33:30,LIQ9728071,112887161,20uL HNO3,,
379,U1532,C,9,F,2,214.06,214.160,213.883,213.977,Manganese,Mn (µM),66.75,257.61,,,,2019-02-08 05:33:30,LIQ9728071,112887161,20uL HNO3,,
379,U1532,C,9,F,2,214.06,214.160,213.883,213.977,Manganese,Mn (µM),66.05,259.372,,,,2019-02-08 05:33:30,LIQ9728071,112887161,20uL HNO3,,
379,U1532,C,9,F,2,214.06,214.160,213.883,213.977,Sodium,Na (mM),449.35,330.298,,,,2019-02-08 05:33:30,LIQ9728071,112887161,20uL HNO3,,
379,U1532,C,9,F,2,214.06,214.160,213.883,213.977,Sodium,Na (mM),451.18,589.592,,,,2019-02-08 05:33:30,LIQ9728071,112887161,20uL HNO3,,
379,U1532,C,9,F,2,214.06,214.160,213.883,213.977,Phosphorus,P (µM),1.27,213.618,,,,2019-02-08 05:33:30,LIQ9728071,112887161,20uL HNO3,,
379,U1532,C,9,F,2,214.06,214.160,213.883,213.977,Sulfur,S (mM),15.98,182.562,,,,2019-02-08 05:33:30,LIQ9728071,112887161,20uL HNO3,,
379,U1532,C,9,F,2,214.06,214.160,213.883,213.977,Silicon,Si (µM),884.49,221.667,,,,2019-02-08 05:33:30,LIQ9728071,112887161,20uL HNO3,,
379,U1532,C,9,F,2,214.06,214.160,213.883,213.977,Silicon,Si (µM),875.34,251.611,,,,2019-02-08 05:33:30,LIQ9728071,112887161,20uL HNO3,,
379,U1532,C,9,F,2,214.06,214.160,213.883,213.977,Silicon,Si (µM),889.23,288.158,,,,2019-02-08 05:33:30,LIQ9728071,112887161,20uL HNO3,,
379,U1532,C,9,F,2,214.06,214.160,213.883,213.977,Strontium,Sr (µM),126.87,407.771,,,,2019-02-08 05:33:30,LIQ9728071,112887161,20uL HNO3,,
379,U1532,C,9,F,2,214.06,214.160,213.883,213.977,Strontium,Sr (µM),130.07,421.552,,,,2019-02-08 05:33:30,LIQ9728071,112887161,20uL HNO3,,
379,U1532,C,9,F,2,214.06,214.160,213.883,213.977,Strontium,Sr (µM),126.12,460.733,,,,2019-02-08 05:33:30,LIQ9728071,112887161,20uL HNO3,,
379,U1532,C,11,F,2,223.47,223.570,223.287,223.381,Boron,B (mM),290.89,249.678,,,,2019-02-08 05:36:02,LIQ9728761,112887281,,,
379,U1532,C,11,F,2,223.47,223.570,223.287,223.381,Boron,B (mM),286.52,249.772,,,,2019-02-08 05:36:02,LIQ9728761,112887281,,,
379,U1532,C,11,F,2,223.47,223.570,223.287,223.381,Barium,Ba (µM),1.34,230.424,,,,2019-02-08 05:36:02,LIQ9728761,112887281,,,
379,U1532,C,11,F,2,223.47,223.570,223.287,223.381,Barium,Ba (µM),1.44,455.403,,,,2019-02-08 05:36:02,LIQ9728761,112887281,,,
379,U1532,C,11,F,2,223.47,223.570,223.287,223.381,Calcium,Ca (mM),24.26,315.887,,,,2019-02-08 05:36:02,LIQ9728761,112887281,,,
379,U1532,C,11,F,2,223.47,223.570,223.287,223.381,Calcium,Ca (mM),24.46,317.933,,,,2019-02-08 05:36:02,LIQ9728761,112887281,,,
379,U1532,C,11,F,2,223.47,223.570,223.287,223.381,Calcium,Ca (mM),24.64,318.127,,,,2019-02-08 05:36:02,LIQ9728761,112887281,,,
379,U1532,C,11,F,2,223.47,223.570,223.287,223.381,Iron,Fe (µM),1.03,238.204,,,,2019-02-08 05:36:02,LIQ9728761,112887281,,,
379,U1532,C,11,F,2,223.47,223.570,223.287,223.381,Iron,Fe (µM),1,239.563,,,,2019-02-08 05:36:02,LIQ9728761,112887281,,,
379,U1532,C,11,F,2,223.47,223.570,223.287,223.381,Iron,Fe (µM),0.6,259.94,,,,2019-02-08 05:36:02,LIQ9728761,112887281,,,
379,U1532,C,11,F,2,223.47,223.570,223.287,223.381,Potassium,K (mM),3.91,766.491,,,,2019-02-08 05:36:02,LIQ9728761,112887281,,,
379,U1532,C,11,F,2,223.47,223.570,223.287,223.381,Potassium,K (mM),3.64,769.897,,,,2019-02-08 05:36:02,LIQ9728761,112887281,,,
379,U1532,C,11,F,2,223.47,223.570,223.287,223.381,Lithium,Li (µM),268.73,670.783,,,,2019-02-08 05:36:02,LIQ9728761,112887281,,,
379,U1532,C,11,F,2,223.47,223.570,223.287,223.381,Magnesium,Mg (mM),44.47,202.582,,,,2019-02-08 05:36:02,LIQ9728761,112887281,,,
379,U1532,C,11,F,2,223.47,223.570,223.287,223.381,Magnesium,Mg (mM),43.85,277.983,,,,2019-02-08 05:36:02,LIQ9728761,112887281,,,
379,U1532,C,11,F,2,223.47,223.570,223.287,223.381,Magnesium,Mg (mM),44.26,279.078,,,,2019-02-08 05:36:02,LIQ9728761,112887281,,,
379,U1532,C,11,F,2,223.47,223.570,223.287,223.381,Manganese,Mn (µM),55.78,257.61,,,,2019-02-08 05:36:02,LIQ9728761,112887281,,,
379,U1532,C,11,F,2,223.47,223.570,223.287,223.381,Manganese,Mn (µM),54.11,259.372,,,,2019-02-08 05:36:02,LIQ9728761,112887281,,,
379,U1532,C,11,F,2,223.47,223.570,223.287,223.381,Sodium,Na (mM),444.58,330.298,,,,2019-02-08 05:36:02,LIQ9728761,112887281,,,
379,U1532,C,11,F,2,223.47,223.570,223.287,223.381,Sodium,Na (mM),449.41,589.592,,,,2019-02-08 05:36:02,LIQ9728761,112887281,,,
379,U1532,C,11,F,2,223.47,223.570,223.287,223.381,Phosphorus,P (µM),2.42,213.618,,,,2019-02-08 05:36:02,LIQ9728761,112887281,,,
379,U1532,C,11,F,2,223.47,223.570,223.287,223.381,Sulfur,S (mM),15.55,182.562,,,,2019-02-08 05:36:02,LIQ9728761,112887281,,,
379,U1532,C,11,F,2,223.47,223.570,223.287,223.381,Silicon,Si (µM),689.48,221.667,,,,2019-02-08 05:36:02,LIQ9728761,112887281,,,
379,U1532,C,11,F,2,223.47,223.570,223.287,223.381,Silicon,Si (µM),681.34,251.611,,,,2019-02-08 05:36:02,LIQ9728761,112887281,,,
379,U1532,C,11,F,2,223.47,223.570,223.287,223.381,Silicon,Si (µM),691.92,288.158,,,,2019-02-08 05:36:02,LIQ9728761,112887281,,,
379,U1532,C,11,F,2,223.47,223.570,223.287,223.381,Strontium,Sr (µM),133.18,407.771,,,,2019-02-08 05:36:02,LIQ9728761,112887281,,,
379,U1532,C,11,F,2,223.47,223.570,223.287,223.381,Strontium,Sr (µM),133.4,421.552,,,,2019-02-08 05:36:02,LIQ9728761,112887281,,,
379,U1532,C,11,F,2,223.47,223.570,223.287,223.381,Strontium,Sr (µM),130.27,460.733,,,,2019-02-08 05:36:02,LIQ9728761,112887281,,,
379,U1532,C,14,F,2,237.55,237.650,237.311,237.403,Boron,B (mM),290.8,249.678,,,,2019-02-08 05:28:50,LIQ9729801,112887051,20uL HNO3,,
379,U1532,C,14,F,2,237.55,237.650,237.311,237.403,Boron,B (mM),291.54,249.772,,,,2019-02-08 05:28:50,LIQ9729801,112887051,20uL HNO3,,
379,U1532,C,14,F,2,237.55,237.650,237.311,237.403,Barium,Ba (µM),1.76,230.424,,,,2019-02-08 05:28:50,LIQ9729801,112887051,20uL HNO3,,
379,U1532,C,14,F,2,237.55,237.650,237.311,237.403,Barium,Ba (µM),1.85,455.403,,,,2019-02-08 05:28:50,LIQ9729801,112887051,20uL HNO3,,
379,U1532,C,14,F,2,237.55,237.650,237.311,237.403,Calcium,Ca (mM),25.22,315.887,,,,2019-02-08 05:28:50,LIQ9729801,112887051,20uL HNO3,,
379,U1532,C,14,F,2,237.55,237.650,237.311,237.403,Calcium,Ca (mM),25.31,317.933,,,,2019-02-08 05:28:50,LIQ9729801,112887051,20uL HNO3,,
379,U1532,C,14,F,2,237.55,237.650,237.311,237.403,Calcium,Ca (mM),25.47,318.127,,,,2019-02-08 05:28:50,LIQ9729801,112887051,20uL HNO3,,
379,U1532,C,14,F,2,237.55,237.650,237.311,237.403,Iron,Fe (µM),1.96,238.204,,,,2019-02-08 05:28:50,LIQ9729801,112887051,20uL HNO3,,
379,U1532,C,14,F,2,237.55,237.650,237.311,237.403,Iron,Fe (µM),1.59,239.563,,,,2019-02-08 05:28:50,LIQ9729801,112887051,20uL HNO3,,
379,U1532,C,14,F,2,237.55,237.650,237.311,237.403,Iron,Fe (µM),1.64,259.94,,,,2019-02-08 05:28:50,LIQ9729801,112887051,20uL HNO3,,
379,U1532,C,14,F,2,237.55,237.650,237.311,237.403,Potassium,K (mM),3.7,766.491,,,,2019-02-08 05:28:50,LIQ9729801,112887051,20uL HNO3,,
379,U1532,C,14,F,2,237.55,237.650,237.311,237.403,Potassium,K (mM),3.43,769.897,,,,2019-02-08 05:28:50,LIQ9729801,112887051,20uL HNO3,,
379,U1532,C,14,F,2,237.55,237.650,237.311,237.403,Lithium,Li (µM),284.19,670.783,,,,2019-02-08 05:28:50,LIQ9729801,112887051,20uL HNO3,,
379,U1532,C,14,F,2,237.55,237.650,237.311,237.403,Magnesium,Mg (mM),45.07,202.582,,,,2019-02-08 05:28:50,LIQ9729801,112887051,20uL HNO3,,
379,U1532,C,14,F,2,237.55,237.650,237.311,237.403,Magnesium,Mg (mM),44.44,277.983,,,,2019-02-08 05:28:50,LIQ9729801,112887051,20uL HNO3,,
379,U1532,C,14,F,2,237.55,237.650,237.311,237.403,Magnesium,Mg (mM),44.98,279.078,,,,2019-02-08 05:28:50,LIQ9729801,112887051,20uL HNO3,,
379,U1532,C,14,F,2,237.55,237.650,237.311,237.403,Manganese,Mn (µM),46.57,257.61,,,,2019-02-08 05:28:50,LIQ9729801,112887051,20uL HNO3,,
379,U1532,C,14,F,2,237.55,237.650,237.311,237.403,Manganese,Mn (µM),46.15,259.372,,,,2019-02-08 05:28:50,LIQ9729801,112887051,20uL HNO3,,
379,U1532,C,14,F,2,237.55,237.650,237.311,237.403,Sodium,Na (mM),453.9,330.298,,,,2019-02-08 05:28:50,LIQ9729801,112887051,20uL HNO3,,
379,U1532,C,14,F,2,237.55,237.650,237.311,237.403,Sodium,Na (mM),461.41,589.592,,,,2019-02-08 05:28:50,LIQ9729801,112887051,20uL HNO3,,
379,U1532,C,14,F,2,237.55,237.650,237.311,237.403,Phosphorus,P (µM),1.62,213.618,,,,2019-02-08 05:28:50,LIQ9729801,112887051,20uL HNO3,,
379,U1532,C,14,F,2,237.55,237.650,237.311,237.403,Sulfur,S (mM),14.53,182.562,,,,2019-02-08 05:28:50,LIQ9729801,112887051,20uL HNO3,,
379,U1532,C,14,F,2,237.55,237.650,237.311,237.403,Silicon,Si (µM),736.64,221.667,,,,2019-02-08 05:28:50,LIQ9729801,112887051,20uL HNO3,,
379,U1532,C,14,F,2,237.55,237.650,237.311,237.403,Silicon,Si (µM),732.94,251.611,,,,2019-02-08 05:28:50,LIQ9729801,112887051,20uL HNO3,,
379,U1532,C,14,F,2,237.55,237.650,237.311,237.403,Silicon,Si (µM),741.12,288.158,,,,2019-02-08 05:28:50,LIQ9729801,112887051,20uL HNO3,,
379,U1532,C,14,F,2,237.55,237.650,237.311,237.403,Strontium,Sr (µM),142.01,407.771,,,,2019-02-08 05:28:50,LIQ9729801,112887051,20uL HNO3,,
379,U1532,C,14,F,2,237.55,237.650,237.311,237.403,Strontium,Sr (µM),143.11,421.552,,,,2019-02-08 05:28:50,LIQ9729801,112887051,20uL HNO3,,
379,U1532,C,14,F,2,237.55,237.650,237.311,237.403,Strontium,Sr (µM),138.59,460.733,,,,2019-02-08 05:28:50,LIQ9729801,112887051,20uL HNO3,,
379,U1532,C,16,F,2,246.95,247.050,246.741,246.834,Boron,B (mM),330.19,249.678,,,,2019-02-08 05:18:39,LIQ9730851,112886801,20uL HNO3,,
379,U1532,C,16,F,2,246.95,247.050,246.741,246.834,Boron,B (mM),327.3,249.772,,,,2019-02-08 05:18:39,LIQ9730851,112886801,20uL HNO3,,
379,U1532,C,16,F,2,246.95,247.050,246.741,246.834,Barium,Ba (µM),1.32,230.424,,,,2019-02-08 05:18:39,LIQ9730851,112886801,20uL HNO3,,
379,U1532,C,16,F,2,246.95,247.050,246.741,246.834,Barium,Ba (µM),1.4,455.403,,,,2019-02-08 05:18:39,LIQ9730851,112886801,20uL HNO3,,
379,U1532,C,16,F,2,246.95,247.050,246.741,246.834,Calcium,Ca (mM),25.58,315.887,,,,2019-02-08 05:18:39,LIQ9730851,112886801,20uL HNO3,,
379,U1532,C,16,F,2,246.95,247.050,246.741,246.834,Calcium,Ca (mM),25.86,317.933,,,,2019-02-08 05:18:39,LIQ9730851,112886801,20uL HNO3,,
379,U1532,C,16,F,2,246.95,247.050,246.741,246.834,Calcium,Ca (mM),25.93,318.127,,,,2019-02-08 05:18:39,LIQ9730851,112886801,20uL HNO3,,
379,U1532,C,16,F,2,246.95,247.050,246.741,246.834,Iron,Fe (µM),0.43,238.204,,,,2019-02-08 05:18:39,LIQ9730851,112886801,20uL HNO3,,
379,U1532,C,16,F,2,246.95,247.050,246.741,246.834,Iron,Fe (µM),0.42,239.563,,,,2019-02-08 05:18:39,LIQ9730851,112886801,20uL HNO3,,
379,U1532,C,16,F,2,246.95,247.050,246.741,246.834,Iron,Fe (µM),-0.07,259.94,,,,2019-02-08 05:18:39,LIQ9730851,112886801,20uL HNO3,,
379,U1532,C,16,F,2,246.95,247.050,246.741,246.834,Potassium,K (mM),3.53,766.491,,,,2019-02-08 05:18:39,LIQ9730851,112886801,20uL HNO3,,
379,U1532,C,16,F,2,246.95,247.050,246.741,246.834,Potassium,K (mM),3.27,769.897,,,,2019-02-08 05:18:39,LIQ9730851,112886801,20uL HNO3,,
379,U1532,C,16,F,2,246.95,247.050,246.741,246.834,Lithium,Li (µM),303.41,670.783,,,,2019-02-08 05:18:39,LIQ9730851,112886801,20uL HNO3,,
379,U1532,C,16,F,2,246.95,247.050,246.741,246.834,Magnesium,Mg (mM),44.58,202.582,,,,2019-02-08 05:18:39,LIQ9730851,112886801,20uL HNO3,,
379,U1532,C,16,F,2,246.95,247.050,246.741,246.834,Magnesium,Mg (mM),43.58,277.983,,,,2019-02-08 05:18:39,LIQ9730851,112886801,20uL HNO3,,
379,U1532,C,16,F,2,246.95,247.050,246.741,246.834,Magnesium,Mg (mM),43.59,279.078,,,,2019-02-08 05:18:39,LIQ9730851,112886801,20uL HNO3,,
379,U1532,C,16,F,2,246.95,247.050,246.741,246.834,Manganese,Mn (µM),26.7,257.61,,,,2019-02-08 05:18:39,LIQ9730851,112886801,20uL HNO3,,
379,U1532,C,16,F,2,246.95,247.050,246.741,246.834,Manganese,Mn (µM),26.28,259.372,,,,2019-02-08 05:18:39,LIQ9730851,112886801,20uL HNO3,,
379,U1532,C,16,F,2,246.95,247.050,246.741,246.834,Sodium,Na (mM),468.05,330.298,,,,2019-02-08 05:18:39,LIQ9730851,112886801,20uL HNO3,,
379,U1532,C,16,F,2,246.95,247.050,246.741,246.834,Sodium,Na (mM),466.2,589.592,,,,2019-02-08 05:18:39,LIQ9730851,112886801,20uL HNO3,,
379,U1532,C,16,F,2,246.95,247.050,246.741,246.834,Phosphorus,P (µM),2.92,213.618,,,,2019-02-08 05:18:39,LIQ9730851,112886801,20uL HNO3,,
379,U1532,C,16,F,2,246.95,247.050,246.741,246.834,Sulfur,S (mM),14.42,182.562,,,,2019-02-08 05:18:39,LIQ9730851,112886801,20uL HNO3,,
379,U1532,C,16,F,2,246.95,247.050,246.741,246.834,Silicon,Si (µM),276.06,221.667,,,,2019-02-08 05:18:39,LIQ9730851,112886801,20uL HNO3,,
379,U1532,C,16,F,2,246.95,247.050,246.741,246.834,Silicon,Si (µM),275.66,251.611,,,,2019-02-08 05:18:39,LIQ9730851,112886801,20uL HNO3,,
379,U1532,C,16,F,2,246.95,247.050,246.741,246.834,Silicon,Si (µM),277.38,288.158,,,,2019-02-08 05:18:39,LIQ9730851,112886801,20uL HNO3,,
379,U1532,C,16,F,2,246.95,247.050,246.741,246.834,Strontium,Sr (µM),146.67,407.771,,,,2019-02-08 05:18:39,LIQ9730851,112886801,20uL HNO3,,
379,U1532,C,16,F,2,246.95,247.050,246.741,246.834,Strontium,Sr (µM),148.82,421.552,,,,2019-02-08 05:18:39,LIQ9730851,112886801,20uL HNO3,,
379,U1532,C,16,F,2,246.95,247.050,246.741,246.834,Strontium,Sr (µM),144.16,460.733,,,,2019-02-08 05:18:39,LIQ9730851,112886801,20uL HNO3,,
379,U1532,C,18,F,2,256.35,256.450,256.223,256.319,Boron,B (mM),384.01,249.678,,,,2019-02-08 05:33:53,LIQ9731751,112887171,20uL HNO3,,
379,U1532,C,18,F,2,256.35,256.450,256.223,256.319,Boron,B (mM),381.07,249.772,,,,2019-02-08 05:33:53,LIQ9731751,112887171,20uL HNO3,,
379,U1532,C,18,F,2,256.35,256.450,256.223,256.319,Barium,Ba (µM),1.67,230.424,,,,2019-02-08 05:33:53,LIQ9731751,112887171,20uL HNO3,,
379,U1532,C,18,F,2,256.35,256.450,256.223,256.319,Barium,Ba (µM),1.74,455.403,,,,2019-02-08 05:33:53,LIQ9731751,112887171,20uL HNO3,,
379,U1532,C,18,F,2,256.35,256.450,256.223,256.319,Calcium,Ca (mM),26.39,315.887,,,,2019-02-08 05:33:53,LIQ9731751,112887171,20uL HNO3,,
379,U1532,C,18,F,2,256.35,256.450,256.223,256.319,Calcium,Ca (mM),26.44,317.933,,,,2019-02-08 05:33:53,LIQ9731751,112887171,20uL HNO3,,
379,U1532,C,18,F,2,256.35,256.450,256.223,256.319,Calcium,Ca (mM),26.49,318.127,,,,2019-02-08 05:33:53,LIQ9731751,112887171,20uL HNO3,,
379,U1532,C,18,F,2,256.35,256.450,256.223,256.319,Iron,Fe (µM),0.13,238.204,,,,2019-02-08 05:33:53,LIQ9731751,112887171,20uL HNO3,,
379,U1532,C,18,F,2,256.35,256.450,256.223,256.319,Iron,Fe (µM),0.05,239.563,,,,2019-02-08 05:33:53,LIQ9731751,112887171,20uL HNO3,,
379,U1532,C,18,F,2,256.35,256.450,256.223,256.319,Iron,Fe (µM),-0.28,259.94,,,,2019-02-08 05:33:53,LIQ9731751,112887171,20uL HNO3,,
379,U1532,C,18,F,2,256.35,256.450,256.223,256.319,Potassium,K (mM),2.81,766.491,,,,2019-02-08 05:33:53,LIQ9731751,112887171,20uL HNO3,,
379,U1532,C,18,F,2,256.35,256.450,256.223,256.319,Potassium,K (mM),2.63,769.897,,,,2019-02-08 05:33:53,LIQ9731751,112887171,20uL HNO3,,
379,U1532,C,18,F,2,256.35,256.450,256.223,256.319,Lithium,Li (µM),301.76,670.783,,,,2019-02-08 05:33:53,LIQ9731751,112887171,20uL HNO3,,
379,U1532,C,18,F,2,256.35,256.450,256.223,256.319,Magnesium,Mg (mM),44.15,202.582,,,,2019-02-08 05:33:53,LIQ9731751,112887171,20uL HNO3,,
379,U1532,C,18,F,2,256.35,256.450,256.223,256.319,Magnesium,Mg (mM),43.23,277.983,,,,2019-02-08 05:33:53,LIQ9731751,112887171,20uL HNO3,,
379,U1532,C,18,F,2,256.35,256.450,256.223,256.319,Magnesium,Mg (mM),43.34,279.078,,,,2019-02-08 05:33:53,LIQ9731751,112887171,20uL HNO3,,
379,U1532,C,18,F,2,256.35,256.450,256.223,256.319,Manganese,Mn (µM),30.16,257.61,,,,2019-02-08 05:33:53,LIQ9731751,112887171,20uL HNO3,,
379,U1532,C,18,F,2,256.35,256.450,256.223,256.319,Manganese,Mn (µM),29.68,259.372,,,,2019-02-08 05:33:53,LIQ9731751,112887171,20uL HNO3,,
379,U1532,C,18,F,2,256.35,256.450,256.223,256.319,Sodium,Na (mM),445.69,330.298,,,,2019-02-08 05:33:53,LIQ9731751,112887171,20uL HNO3,,
379,U1532,C,18,F,2,256.35,256.450,256.223,256.319,Sodium,Na (mM),445.95,589.592,,,,2019-02-08 05:33:53,LIQ9731751,112887171,20uL HNO3,,
379,U1532,C,18,F,2,256.35,256.450,256.223,256.319,Phosphorus,P (µM),0.5,213.618,,,,2019-02-08 05:33:53,LIQ9731751,112887171,20uL HNO3,,
379,U1532,C,18,F,2,256.35,256.450,256.223,256.319,Sulfur,S (mM),13.76,182.562,,,,2019-02-08 05:33:53,LIQ9731751,112887171,20uL HNO3,,
379,U1532,C,18,F,2,256.35,256.450,256.223,256.319,Silicon,Si (µM),349.09,221.667,,,,2019-02-08 05:33:53,LIQ9731751,112887171,20uL HNO3,,
379,U1532,C,18,F,2,256.35,256.450,256.223,256.319,Silicon,Si (µM),338.83,251.611,,,,2019-02-08 05:33:53,LIQ9731751,112887171,20uL HNO3,,
379,U1532,C,18,F,2,256.35,256.450,256.223,256.319,Silicon,Si (µM),342.51,288.158,,,,2019-02-08 05:33:53,LIQ9731751,112887171,20uL HNO3,,
379,U1532,C,18,F,2,256.35,256.450,256.223,256.319,Strontium,Sr (µM),147.31,407.771,,,,2019-02-08 05:33:53,LIQ9731751,112887171,20uL HNO3,,
379,U1532,C,18,F,2,256.35,256.450,256.223,256.319,Strontium,Sr (µM),153.38,421.552,,,,2019-02-08 05:33:53,LIQ9731751,112887171,20uL HNO3,,
379,U1532,C,18,F,2,256.35,256.450,256.223,256.319,Strontium,Sr (µM),146.15,460.733,,,,2019-02-08 05:33:53,LIQ9731751,112887171,20uL HNO3,,
379,U1532,C,22,X,3,285.77,285.870,285.770,285.870,Boron,B (mM),257.14,249.678,,,,2019-02-08 05:14:42,LIQ9733041,112886661,20uL HNO3,,
379,U1532,C,22,X,3,285.77,285.870,285.770,285.870,Boron,B (mM),255.34,249.772,,,,2019-02-08 05:14:42,LIQ9733041,112886661,20uL HNO3,,
379,U1532,C,22,X,3,285.77,285.870,285.770,285.870,Barium,Ba (µM),1.21,230.424,,,,2019-02-08 05:14:42,LIQ9733041,112886661,20uL HNO3,,
379,U1532,C,22,X,3,285.77,285.870,285.770,285.870,Barium,Ba (µM),1.28,455.403,,,,2019-02-08 05:14:42,LIQ9733041,112886661,20uL HNO3,,
379,U1532,C,22,X,3,285.77,285.870,285.770,285.870,Calcium,Ca (mM),26.2,315.887,,,,2019-02-08 05:14:42,LIQ9733041,112886661,20uL HNO3,,
379,U1532,C,22,X,3,285.77,285.870,285.770,285.870,Calcium,Ca (mM),26.28,317.933,,,,2019-02-08 05:14:42,LIQ9733041,112886661,20uL HNO3,,
379,U1532,C,22,X,3,285.77,285.870,285.770,285.870,Calcium,Ca (mM),26.27,318.127,,,,2019-02-08 05:14:42,LIQ9733041,112886661,20uL HNO3,,
379,U1532,C,22,X,3,285.77,285.870,285.770,285.870,Iron,Fe (µM),7.78,238.204,,,,2019-02-08 05:14:42,LIQ9733041,112886661,20uL HNO3,,
379,U1532,C,22,X,3,285.77,285.870,285.770,285.870,Iron,Fe (µM),7.72,239.563,,,,2019-02-08 05:14:42,LIQ9733041,112886661,20uL HNO3,,
379,U1532,C,22,X,3,285.77,285.870,285.770,285.870,Iron,Fe (µM),7.42,259.94,,,,2019-02-08 05:14:42,LIQ9733041,112886661,20uL HNO3,,
379,U1532,C,22,X,3,285.77,285.870,285.770,285.870,Potassium,K (mM),3.15,766.491,,,,2019-02-08 05:14:42,LIQ9733041,112886661,20uL HNO3,,
379,U1532,C,22,X,3,285.77,285.870,285.770,285.870,Potassium,K (mM),2.92,769.897,,,,2019-02-08 05:14:42,LIQ9733041,112886661,20uL HNO3,,
379,U1532,C,22,X,3,285.77,285.870,285.770,285.870,Lithium,Li (µM),283.26,670.783,,,,2019-02-08 05:14:42,LIQ9733041,112886661,20uL HNO3,,
379,U1532,C,22,X,3,285.77,285.870,285.770,285.870,Magnesium,Mg (mM),41.02,202.582,,,,2019-02-08 05:14:42,LIQ9733041,112886661,20uL HNO3,,
379,U1532,C,22,X,3,285.77,285.870,285.770,285.870,Magnesium,Mg (mM),40.27,277.983,,,,2019-02-08 05:14:42,LIQ9733041,112886661,20uL HNO3,,
379,U1532,C,22,X,3,285.77,285.870,285.770,285.870,Magnesium,Mg (mM),40.33,279.078,,,,2019-02-08 05:14:42,LIQ9733041,112886661,20uL HNO3,,
379,U1532,C,22,X,3,285.77,285.870,285.770,285.870,Manganese,Mn (µM),54.24,257.61,,,,2019-02-08 05:14:42,LIQ9733041,112886661,20uL HNO3,,
379,U1532,C,22,X,3,285.77,285.870,285.770,285.870,Manganese,Mn (µM),54.11,259.372,,,,2019-02-08 05:14:42,LIQ9733041,112886661,20uL HNO3,,
379,U1532,C,22,X,3,285.77,285.870,285.770,285.870,Sodium,Na (mM),449.52,330.298,,,,2019-02-08 05:14:42,LIQ9733041,112886661,20uL HNO3,,
379,U1532,C,22,X,3,285.77,285.870,285.770,285.870,Sodium,Na (mM),447.67,589.592,,,,2019-02-08 05:14:42,LIQ9733041,112886661,20uL HNO3,,
379,U1532,C,22,X,3,285.77,285.870,285.770,285.870,Phosphorus,P (µM),1.24,213.618,,,,2019-02-08 05:14:42,LIQ9733041,112886661,20uL HNO3,,
379,U1532,C,22,X,3,285.77,285.870,285.770,285.870,Sulfur,S (mM),15.63,182.562,,,,2019-02-08 05:14:42,LIQ9733041,112886661,20uL HNO3,,
379,U1532,C,22,X,3,285.77,285.870,285.770,285.870,Silicon,Si (µM),513.89,221.667,,,,2019-02-08 05:14:42,LIQ9733041,112886661,20uL HNO3,,
379,U1532,C,22,X,3,285.77,285.870,285.770,285.870,Silicon,Si (µM),496.27,251.611,,,,2019-02-08 05:14:42,LIQ9733041,112886661,20uL HNO3,,
379,U1532,C,22,X,3,285.77,285.870,285.770,285.870,Silicon,Si (µM),498.22,288.158,,,,2019-02-08 05:14:42,LIQ9733041,112886661,20uL HNO3,,
379,U1532,C,22,X,3,285.77,285.870,285.770,285.870,Strontium,Sr (µM),149.21,407.771,,,,2019-02-08 05:14:42,LIQ9733041,112886661,20uL HNO3,,
379,U1532,C,22,X,3,285.77,285.870,285.770,285.870,Strontium,Sr (µM),149.62,421.552,,,,2019-02-08 05:14:42,LIQ9733041,112886661,20uL HNO3,,
379,U1532,C,22,X,3,285.77,285.870,285.770,285.870,Strontium,Sr (µM),145.68,460.733,,,,2019-02-08 05:14:42,LIQ9733041,112886661,20uL HNO3,,
379,U1532,C,23,X,3,295.38,295.480,295.250,295.347,Boron,B (mM),251.2,249.678,,,,2019-02-08 05:33:06,LIQ9733791,112887151,20uL HNO3,,
379,U1532,C,23,X,3,295.38,295.480,295.250,295.347,Boron,B (mM),250.38,249.772,,,,2019-02-08 05:33:06,LIQ9733791,112887151,20uL HNO3,,
379,U1532,C,23,X,3,295.38,295.480,295.250,295.347,Barium,Ba (µM),1.76,230.424,,,,2019-02-08 05:33:06,LIQ9733791,112887151,20uL HNO3,,
379,U1532,C,23,X,3,295.38,295.480,295.250,295.347,Barium,Ba (µM),1.88,455.403,,,,2019-02-08 05:33:06,LIQ9733791,112887151,20uL HNO3,,
379,U1532,C,23,X,3,295.38,295.480,295.250,295.347,Calcium,Ca (mM),27.21,315.887,,,,2019-02-08 05:33:06,LIQ9733791,112887151,20uL HNO3,,
379,U1532,C,23,X,3,295.38,295.480,295.250,295.347,Calcium,Ca (mM),27.39,317.933,,,,2019-02-08 05:33:06,LIQ9733791,112887151,20uL HNO3,,
379,U1532,C,23,X,3,295.38,295.480,295.250,295.347,Calcium,Ca (mM),27.42,318.127,,,,2019-02-08 05:33:06,LIQ9733791,112887151,20uL HNO3,,
379,U1532,C,23,X,3,295.38,295.480,295.250,295.347,Iron,Fe (µM),0.08,238.204,,,,2019-02-08 05:33:06,LIQ9733791,112887151,20uL HNO3,,
379,U1532,C,23,X,3,295.38,295.480,295.250,295.347,Iron,Fe (µM),-0.13,239.563,,,,2019-02-08 05:33:06,LIQ9733791,112887151,20uL HNO3,,
379,U1532,C,23,X,3,295.38,295.480,295.250,295.347,Iron,Fe (µM),-0.27,259.94,,,,2019-02-08 05:33:06,LIQ9733791,112887151,20uL HNO3,,
379,U1532,C,23,X,3,295.38,295.480,295.250,295.347,Potassium,K (mM),2.96,766.491,,,,2019-02-08 05:33:06,LIQ9733791,112887151,20uL HNO3,,
379,U1532,C,23,X,3,295.38,295.480,295.250,295.347,Potassium,K (mM),2.76,769.897,,,,2019-02-08 05:33:06,LIQ9733791,112887151,20uL HNO3,,
379,U1532,C,23,X,3,295.38,295.480,295.250,295.347,Lithium,Li (µM),300.91,670.783,,,,2019-02-08 05:33:06,LIQ9733791,112887151,20uL HNO3,,
379,U1532,C,23,X,3,295.38,295.480,295.250,295.347,Magnesium,Mg (mM),40.7,202.582,,,,2019-02-08 05:33:06,LIQ9733791,112887151,20uL HNO3,,
379,U1532,C,23,X,3,295.38,295.480,295.250,295.347,Magnesium,Mg (mM),39.96,277.983,,,,2019-02-08 05:33:06,LIQ9733791,112887151,20uL HNO3,,
379,U1532,C,23,X,3,295.38,295.480,295.250,295.347,Magnesium,Mg (mM),39.77,279.078,,,,2019-02-08 05:33:06,LIQ9733791,112887151,20uL HNO3,,
379,U1532,C,23,X,3,295.38,295.480,295.250,295.347,Manganese,Mn (µM),44.76,257.61,,,,2019-02-08 05:33:06,LIQ9733791,112887151,20uL HNO3,,
379,U1532,C,23,X,3,295.38,295.480,295.250,295.347,Manganese,Mn (µM),43.81,259.372,,,,2019-02-08 05:33:06,LIQ9733791,112887151,20uL HNO3,,
379,U1532,C,23,X,3,295.38,295.480,295.250,295.347,Sodium,Na (mM),448.64,330.298,,,,2019-02-08 05:33:06,LIQ9733791,112887151,20uL HNO3,,
379,U1532,C,23,X,3,295.38,295.480,295.250,295.347,Sodium,Na (mM),444.48,589.592,,,,2019-02-08 05:33:06,LIQ9733791,112887151,20uL HNO3,,
379,U1532,C,23,X,3,295.38,295.480,295.250,295.347,Phosphorus,P (µM),3.19,213.618,,,,2019-02-08 05:33:06,LIQ9733791,112887151,20uL HNO3,,
379,U1532,C,23,X,3,295.38,295.480,295.250,295.347,Sulfur,S (mM),14.4,182.562,,,,2019-02-08 05:33:06,LIQ9733791,112887151,20uL HNO3,,
379,U1532,C,23,X,3,295.38,295.480,295.250,295.347,Silicon,Si (µM),370.81,221.667,,,,2019-02-08 05:33:06,LIQ9733791,112887151,20uL HNO3,,
379,U1532,C,23,X,3,295.38,295.480,295.250,295.347,Silicon,Si (µM),359.53,251.611,,,,2019-02-08 05:33:06,LIQ9733791,112887151,20uL HNO3,,
379,U1532,C,23,X,3,295.38,295.480,295.250,295.347,Silicon,Si (µM),364.55,288.158,,,,2019-02-08 05:33:06,LIQ9733791,112887151,20uL HNO3,,
379,U1532,C,23,X,3,295.38,295.480,295.250,295.347,Strontium,Sr (µM),152.52,407.771,,,,2019-02-08 05:33:06,LIQ9733791,112887151,20uL HNO3,,
379,U1532,C,23,X,3,295.38,295.480,295.250,295.347,Strontium,Sr (µM),159.14,421.552,,,,2019-02-08 05:33:06,LIQ9733791,112887151,20uL HNO3,,
379,U1532,C,23,X,3,295.38,295.480,295.250,295.347,Strontium,Sr (µM),152.58,460.733,,,,2019-02-08 05:33:06,LIQ9733791,112887151,20uL HNO3,,
379,U1532,C,24,X,3,304.86,304.960,304.860,304.960,Boron,B (mM),353.66,249.678,,,,2019-02-08 05:22:59,LIQ9734261,112886901,20uL HNO3,,
379,U1532,C,24,X,3,304.86,304.960,304.860,304.960,Boron,B (mM),350.67,249.772,,,,2019-02-08 05:22:59,LIQ9734261,112886901,20uL HNO3,,
379,U1532,C,24,X,3,304.86,304.960,304.860,304.960,Barium,Ba (µM),1.53,230.424,,,,2019-02-08 05:22:59,LIQ9734261,112886901,20uL HNO3,,
379,U1532,C,24,X,3,304.86,304.960,304.860,304.960,Barium,Ba (µM),1.64,455.403,,,,2019-02-08 05:22:59,LIQ9734261,112886901,20uL HNO3,,
379,U1532,C,24,X,3,304.86,304.960,304.860,304.960,Calcium,Ca (mM),29.4,315.887,,,,2019-02-08 05:22:59,LIQ9734261,112886901,20uL HNO3,,
379,U1532,C,24,X,3,304.86,304.960,304.860,304.960,Calcium,Ca (mM),29.79,317.933,,,,2019-02-08 05:22:59,LIQ9734261,112886901,20uL HNO3,,
379,U1532,C,24,X,3,304.86,304.960,304.860,304.960,Calcium,Ca (mM),29.87,318.127,,,,2019-02-08 05:22:59,LIQ9734261,112886901,20uL HNO3,,
379,U1532,C,24,X,3,304.86,304.960,304.860,304.960,Iron,Fe (µM),0.26,238.204,,,,2019-02-08 05:22:59,LIQ9734261,112886901,20uL HNO3,,
379,U1532,C,24,X,3,304.86,304.960,304.860,304.960,Iron,Fe (µM),0.22,239.563,,,,2019-02-08 05:22:59,LIQ9734261,112886901,20uL HNO3,,
379,U1532,C,24,X,3,304.86,304.960,304.860,304.960,Iron,Fe (µM),-0.15,259.94,,,,2019-02-08 05:22:59,LIQ9734261,112886901,20uL HNO3,,
379,U1532,C,24,X,3,304.86,304.960,304.860,304.960,Potassium,K (mM),2.39,766.491,,,,2019-02-08 05:22:59,LIQ9734261,112886901,20uL HNO3,,
379,U1532,C,24,X,3,304.86,304.960,304.860,304.960,Potassium,K (mM),2.25,769.897,,,,2019-02-08 05:22:59,LIQ9734261,112886901,20uL HNO3,,
379,U1532,C,24,X,3,304.86,304.960,304.860,304.960,Lithium,Li (µM),346.12,670.783,,,,2019-02-08 05:22:59,LIQ9734261,112886901,20uL HNO3,,
379,U1532,C,24,X,3,304.86,304.960,304.860,304.960,Magnesium,Mg (mM),40.55,202.582,,,,2019-02-08 05:22:59,LIQ9734261,112886901,20uL HNO3,,
379,U1532,C,24,X,3,304.86,304.960,304.860,304.960,Magnesium,Mg (mM),39.6,277.983,,,,2019-02-08 05:22:59,LIQ9734261,112886901,20uL HNO3,,
379,U1532,C,24,X,3,304.86,304.960,304.860,304.960,Magnesium,Mg (mM),39.3,279.078,,,,2019-02-08 05:22:59,LIQ9734261,112886901,20uL HNO3,,
379,U1532,C,24,X,3,304.86,304.960,304.860,304.960,Manganese,Mn (µM),44.14,257.61,,,,2019-02-08 05:22:59,LIQ9734261,112886901,20uL HNO3,,
379,U1532,C,24,X,3,304.86,304.960,304.860,304.960,Manganese,Mn (µM),43.7,259.372,,,,2019-02-08 05:22:59,LIQ9734261,112886901,20uL HNO3,,
379,U1532,C,24,X,3,304.86,304.960,304.860,304.960,Sodium,Na (mM),455.75,330.298,,,,2019-02-08 05:22:59,LIQ9734261,112886901,20uL HNO3,,
379,U1532,C,24,X,3,304.86,304.960,304.860,304.960,Sodium,Na (mM),457.13,589.592,,,,2019-02-08 05:22:59,LIQ9734261,112886901,20uL HNO3,,
379,U1532,C,24,X,3,304.86,304.960,304.860,304.960,Phosphorus,P (µM),1.01,213.618,,,,2019-02-08 05:22:59,LIQ9734261,112886901,20uL HNO3,,
379,U1532,C,24,X,3,304.86,304.960,304.860,304.960,Sulfur,S (mM),11.86,182.562,,,,2019-02-08 05:22:59,LIQ9734261,112886901,20uL HNO3,,
379,U1532,C,24,X,3,304.86,304.960,304.860,304.960,Silicon,Si (µM),331.71,221.667,,,,2019-02-08 05:22:59,LIQ9734261,112886901,20uL HNO3,,
379,U1532,C,24,X,3,304.86,304.960,304.860,304.960,Silicon,Si (µM),326.52,251.611,,,,2019-02-08 05:22:59,LIQ9734261,112886901,20uL HNO3,,
379,U1532,C,24,X,3,304.86,304.960,304.860,304.960,Silicon,Si (µM),327.93,288.158,,,,2019-02-08 05:22:59,LIQ9734261,112886901,20uL HNO3,,
379,U1532,C,24,X,3,304.86,304.960,304.860,304.960,Strontium,Sr (µM),170.96,407.771,,,,2019-02-08 05:22:59,LIQ9734261,112886901,20uL HNO3,,
379,U1532,C,24,X,3,304.86,304.960,304.860,304.960,Strontium,Sr (µM),171.14,421.552,,,,2019-02-08 05:22:59,LIQ9734261,112886901,20uL HNO3,,
379,U1532,C,24,X,3,304.86,304.960,304.860,304.960,Strontium,Sr (µM),168,460.733,,,,2019-02-08 05:22:59,LIQ9734261,112886901,20uL HNO3,,
379,U1532,C,25,X,3,314.45,314.550,314.293,314.389,Boron,B (mM),286.65,249.678,,,,2019-02-08 05:27:05,LIQ9735171,112887001,,,
379,U1532,C,25,X,3,314.45,314.550,314.293,314.389,Boron,B (mM),286.04,249.772,,,,2019-02-08 05:27:05,LIQ9735171,112887001,,,
379,U1532,C,25,X,3,314.45,314.550,314.293,314.389,Barium,Ba (µM),1.91,230.424,,,,2019-02-08 05:27:05,LIQ9735171,112887001,,,
379,U1532,C,25,X,3,314.45,314.550,314.293,314.389,Barium,Ba (µM),2.01,455.403,,,,2019-02-08 05:27:05,LIQ9735171,112887001,,,
379,U1532,C,25,X,3,314.45,314.550,314.293,314.389,Calcium,Ca (mM),28.38,315.887,,,,2019-02-08 05:27:05,LIQ9735171,112887001,,,
379,U1532,C,25,X,3,314.45,314.550,314.293,314.389,Calcium,Ca (mM),28.53,317.933,,,,2019-02-08 05:27:05,LIQ9735171,112887001,,,
379,U1532,C,25,X,3,314.45,314.550,314.293,314.389,Calcium,Ca (mM),28.57,318.127,,,,2019-02-08 05:27:05,LIQ9735171,112887001,,,
379,U1532,C,25,X,3,314.45,314.550,314.293,314.389,Iron,Fe (µM),1.02,238.204,,,,2019-02-08 05:27:05,LIQ9735171,112887001,,,
379,U1532,C,25,X,3,314.45,314.550,314.293,314.389,Iron,Fe (µM),1.05,239.563,,,,2019-02-08 05:27:05,LIQ9735171,112887001,,,
379,U1532,C,25,X,3,314.45,314.550,314.293,314.389,Iron,Fe (µM),0.74,259.94,,,,2019-02-08 05:27:05,LIQ9735171,112887001,,,
379,U1532,C,25,X,3,314.45,314.550,314.293,314.389,Potassium,K (mM),2.95,766.491,,,,2019-02-08 05:27:05,LIQ9735171,112887001,,,
379,U1532,C,25,X,3,314.45,314.550,314.293,314.389,Potassium,K (mM),2.76,769.897,,,,2019-02-08 05:27:05,LIQ9735171,112887001,,,
379,U1532,C,25,X,3,314.45,314.550,314.293,314.389,Lithium,Li (µM),336.92,670.783,,,,2019-02-08 05:27:05,LIQ9735171,112887001,,,
379,U1532,C,25,X,3,314.45,314.550,314.293,314.389,Magnesium,Mg (mM),39.25,202.582,,,,2019-02-08 05:27:05,LIQ9735171,112887001,,,
379,U1532,C,25,X,3,314.45,314.550,314.293,314.389,Magnesium,Mg (mM),38.18,277.983,,,,2019-02-08 05:27:05,LIQ9735171,112887001,,,
379,U1532,C,25,X,3,314.45,314.550,314.293,314.389,Magnesium,Mg (mM),38,279.078,,,,2019-02-08 05:27:05,LIQ9735171,112887001,,,
379,U1532,C,25,X,3,314.45,314.550,314.293,314.389,Manganese,Mn (µM),44.67,257.61,,,,2019-02-08 05:27:05,LIQ9735171,112887001,,,
379,U1532,C,25,X,3,314.45,314.550,314.293,314.389,Manganese,Mn (µM),44.14,259.372,,,,2019-02-08 05:27:05,LIQ9735171,112887001,,,
379,U1532,C,25,X,3,314.45,314.550,314.293,314.389,Sodium,Na (mM),455.71,330.298,,,,2019-02-08 05:27:05,LIQ9735171,112887001,,,
379,U1532,C,25,X,3,314.45,314.550,314.293,314.389,Sodium,Na (mM),456.38,589.592,,,,2019-02-08 05:27:05,LIQ9735171,112887001,,,
379,U1532,C,25,X,3,314.45,314.550,314.293,314.389,Phosphorus,P (µM),1.42,213.618,,,,2019-02-08 05:27:05,LIQ9735171,112887001,,,
379,U1532,C,25,X,3,314.45,314.550,314.293,314.389,Sulfur,S (mM),13.02,182.562,,,,2019-02-08 05:27:05,LIQ9735171,112887001,,,
379,U1532,C,25,X,3,314.45,314.550,314.293,314.389,Silicon,Si (µM),261.75,221.667,,,,2019-02-08 05:27:05,LIQ9735171,112887001,,,
379,U1532,C,25,X,3,314.45,314.550,314.293,314.389,Silicon,Si (µM),257.85,251.611,,,,2019-02-08 05:27:05,LIQ9735171,112887001,,,
379,U1532,C,25,X,3,314.45,314.550,314.293,314.389,Silicon,Si (µM),258.97,288.158,,,,2019-02-08 05:27:05,LIQ9735171,112887001,,,
379,U1532,C,25,X,3,314.45,314.550,314.293,314.389,Strontium,Sr (µM),168.02,407.771,,,,2019-02-08 05:27:05,LIQ9735171,112887001,,,
379,U1532,C,25,X,3,314.45,314.550,314.293,314.389,Strontium,Sr (µM),169.89,421.552,,,,2019-02-08 05:27:05,LIQ9735171,112887001,,,
379,U1532,C,25,X,3,314.45,314.550,314.293,314.389,Strontium,Sr (µM),164.15,460.733,,,,2019-02-08 05:27:05,LIQ9735171,112887001,,,
379,U1532,C,26,X,3,324.05,324.150,324.050,324.150,Boron,B (mM),253.6,249.678,,,,2019-02-08 05:12:25,LIQ9735721,112886571,,,
379,U1532,C,26,X,3,324.05,324.150,324.050,324.150,Boron,B (mM),251.91,249.772,,,,2019-02-08 05:12:25,LIQ9735721,112886571,,,
379,U1532,C,26,X,3,324.05,324.150,324.050,324.150,Barium,Ba (µM),1.75,230.424,,,,2019-02-08 05:12:25,LIQ9735721,112886571,,,
379,U1532,C,26,X,3,324.05,324.150,324.050,324.150,Barium,Ba (µM),1.86,455.403,,,,2019-02-08 05:12:25,LIQ9735721,112886571,,,
379,U1532,C,26,X,3,324.05,324.150,324.050,324.150,Calcium,Ca (mM),27.53,315.887,,,,2019-02-08 05:12:25,LIQ9735721,112886571,,,
379,U1532,C,26,X,3,324.05,324.150,324.050,324.150,Calcium,Ca (mM),27.73,317.933,,,,2019-02-08 05:12:25,LIQ9735721,112886571,,,
379,U1532,C,26,X,3,324.05,324.150,324.050,324.150,Calcium,Ca (mM),27.78,318.127,,,,2019-02-08 05:12:25,LIQ9735721,112886571,,,
379,U1532,C,26,X,3,324.05,324.150,324.050,324.150,Iron,Fe (µM),1.61,238.204,,,,2019-02-08 05:12:25,LIQ9735721,112886571,,,
379,U1532,C,26,X,3,324.05,324.150,324.050,324.150,Iron,Fe (µM),1.51,239.563,,,,2019-02-08 05:12:25,LIQ9735721,112886571,,,
379,U1532,C,26,X,3,324.05,324.150,324.050,324.150,Iron,Fe (µM),1.24,259.94,,,,2019-02-08 05:12:25,LIQ9735721,112886571,,,
379,U1532,C,26,X,3,324.05,324.150,324.050,324.150,Potassium,K (mM),2.69,766.491,,,,2019-02-08 05:12:25,LIQ9735721,112886571,,,
379,U1532,C,26,X,3,324.05,324.150,324.050,324.150,Potassium,K (mM),2.52,769.897,,,,2019-02-08 05:12:25,LIQ9735721,112886571,,,
379,U1532,C,26,X,3,324.05,324.150,324.050,324.150,Lithium,Li (µM),310.94,670.783,,,,2019-02-08 05:12:25,LIQ9735721,112886571,,,
379,U1532,C,26,X,3,324.05,324.150,324.050,324.150,Magnesium,Mg (mM),39.02,202.582,,,,2019-02-08 05:12:25,LIQ9735721,112886571,,,
379,U1532,C,26,X,3,324.05,324.150,324.050,324.150,Magnesium,Mg (mM),37.93,277.983,,,,2019-02-08 05:12:25,LIQ9735721,112886571,,,
379,U1532,C,26,X,3,324.05,324.150,324.050,324.150,Magnesium,Mg (mM),37.99,279.078,,,,2019-02-08 05:12:25,LIQ9735721,112886571,,,
379,U1532,C,26,X,3,324.05,324.150,324.050,324.150,Manganese,Mn (µM),57.1,257.61,,,,2019-02-08 05:12:25,LIQ9735721,112886571,,,
379,U1532,C,26,X,3,324.05,324.150,324.050,324.150,Manganese,Mn (µM),56.22,259.372,,,,2019-02-08 05:12:25,LIQ9735721,112886571,,,
379,U1532,C,26,X,3,324.05,324.150,324.050,324.150,Sodium,Na (mM),449.89,330.298,,,,2019-02-08 05:12:25,LIQ9735721,112886571,,,
379,U1532,C,26,X,3,324.05,324.150,324.050,324.150,Sodium,Na (mM),449.85,589.592,,,,2019-02-08 05:12:25,LIQ9735721,112886571,,,
379,U1532,C,26,X,3,324.05,324.150,324.050,324.150,Phosphorus,P (µM),3.27,213.618,,,,2019-02-08 05:12:25,LIQ9735721,112886571,,,
379,U1532,C,26,X,3,324.05,324.150,324.050,324.150,Sulfur,S (mM),14.06,182.562,,,,2019-02-08 05:12:25,LIQ9735721,112886571,,,
379,U1532,C,26,X,3,324.05,324.150,324.050,324.150,Silicon,Si (µM),678.03,221.667,,,,2019-02-08 05:12:25,LIQ9735721,112886571,,,
379,U1532,C,26,X,3,324.05,324.150,324.050,324.150,Silicon,Si (µM),671.67,251.611,,,,2019-02-08 05:12:25,LIQ9735721,112886571,,,
379,U1532,C,26,X,3,324.05,324.150,324.050,324.150,Silicon,Si (µM),671.4,288.158,,,,2019-02-08 05:12:25,LIQ9735721,112886571,,,
379,U1532,C,26,X,3,324.05,324.150,324.050,324.150,Strontium,Sr (µM),162.05,407.771,,,,2019-02-08 05:12:25,LIQ9735721,112886571,,,
379,U1532,C,26,X,3,324.05,324.150,324.050,324.150,Strontium,Sr (µM),165.8,421.552,,,,2019-02-08 05:12:25,LIQ9735721,112886571,,,
379,U1532,C,26,X,3,324.05,324.150,324.050,324.150,Strontium,Sr (µM),161.04,460.733,,,,2019-02-08 05:12:25,LIQ9735721,112886571,,,
379,U1532,C,27,X,2,332.05,332.150,332.050,332.150,Boron,B (mM),271.79,249.678,,,,2019-02-08 05:34:16,LIQ9736151,112887181,20uL HNO3,,
379,U1532,C,27,X,2,332.05,332.150,332.050,332.150,Boron,B (mM),269.43,249.772,,,,2019-02-08 05:34:16,LIQ9736151,112887181,20uL HNO3,,
379,U1532,C,27,X,2,332.05,332.150,332.050,332.150,Barium,Ba (µM),1.83,230.424,,,,2019-02-08 05:34:16,LIQ9736151,112887181,20uL HNO3,,
379,U1532,C,27,X,2,332.05,332.150,332.050,332.150,Barium,Ba (µM),1.94,455.403,,,,2019-02-08 05:34:16,LIQ9736151,112887181,20uL HNO3,,
379,U1532,C,27,X,2,332.05,332.150,332.050,332.150,Calcium,Ca (mM),28.1,315.887,,,,2019-02-08 05:34:16,LIQ9736151,112887181,20uL HNO3,,
379,U1532,C,27,X,2,332.05,332.150,332.050,332.150,Calcium,Ca (mM),28.37,317.933,,,,2019-02-08 05:34:16,LIQ9736151,112887181,20uL HNO3,,
379,U1532,C,27,X,2,332.05,332.150,332.050,332.150,Calcium,Ca (mM),28.44,318.127,,,,2019-02-08 05:34:16,LIQ9736151,112887181,20uL HNO3,,
379,U1532,C,27,X,2,332.05,332.150,332.050,332.150,Iron,Fe (µM),-0.09,238.204,,,,2019-02-08 05:34:16,LIQ9736151,112887181,20uL HNO3,,
379,U1532,C,27,X,2,332.05,332.150,332.050,332.150,Iron,Fe (µM),-0.23,239.563,,,,2019-02-08 05:34:16,LIQ9736151,112887181,20uL HNO3,,
379,U1532,C,27,X,2,332.05,332.150,332.050,332.150,Iron,Fe (µM),-0.54,259.94,,,,2019-02-08 05:34:16,LIQ9736151,112887181,20uL HNO3,,
379,U1532,C,27,X,2,332.05,332.150,332.050,332.150,Potassium,K (mM),2.69,766.491,,,,2019-02-08 05:34:16,LIQ9736151,112887181,20uL HNO3,,
379,U1532,C,27,X,2,332.05,332.150,332.050,332.150,Potassium,K (mM),2.52,769.897,,,,2019-02-08 05:34:16,LIQ9736151,112887181,20uL HNO3,,
379,U1532,C,27,X,2,332.05,332.150,332.050,332.150,Lithium,Li (µM),353.1,670.783,,,,2019-02-08 05:34:16,LIQ9736151,112887181,20uL HNO3,,
379,U1532,C,27,X,2,332.05,332.150,332.050,332.150,Magnesium,Mg (mM),37.52,202.582,,,,2019-02-08 05:34:16,LIQ9736151,112887181,20uL HNO3,,
379,U1532,C,27,X,2,332.05,332.150,332.050,332.150,Magnesium,Mg (mM),36.7,277.983,,,,2019-02-08 05:34:16,LIQ9736151,112887181,20uL HNO3,,
379,U1532,C,27,X,2,332.05,332.150,332.050,332.150,Magnesium,Mg (mM),36.3,279.078,,,,2019-02-08 05:34:16,LIQ9736151,112887181,20uL HNO3,,
379,U1532,C,27,X,2,332.05,332.150,332.050,332.150,Manganese,Mn (µM),48.02,257.61,,,,2019-02-08 05:34:16,LIQ9736151,112887181,20uL HNO3,,
379,U1532,C,27,X,2,332.05,332.150,332.050,332.150,Manganese,Mn (µM),47.56,259.372,,,,2019-02-08 05:34:16,LIQ9736151,112887181,20uL HNO3,,
379,U1532,C,27,X,2,332.05,332.150,332.050,332.150,Sodium,Na (mM),445.92,330.298,,,,2019-02-08 05:34:16,LIQ9736151,112887181,20uL HNO3,,
379,U1532,C,27,X,2,332.05,332.150,332.050,332.150,Sodium,Na (mM),452.2,589.592,,,,2019-02-08 05:34:16,LIQ9736151,112887181,20uL HNO3,,
379,U1532,C,27,X,2,332.05,332.150,332.050,332.150,Phosphorus,P (µM),1.75,213.618,,,,2019-02-08 05:34:16,LIQ9736151,112887181,20uL HNO3,,
379,U1532,C,27,X,2,332.05,332.150,332.050,332.150,Sulfur,S (mM),11.88,182.562,,,,2019-02-08 05:34:16,LIQ9736151,112887181,20uL HNO3,,
379,U1532,C,27,X,2,332.05,332.150,332.050,332.150,Silicon,Si (µM),387.9,221.667,,,,2019-02-08 05:34:16,LIQ9736151,112887181,20uL HNO3,,
379,U1532,C,27,X,2,332.05,332.150,332.050,332.150,Silicon,Si (µM),385.69,251.611,,,,2019-02-08 05:34:16,LIQ9736151,112887181,20uL HNO3,,
379,U1532,C,27,X,2,332.05,332.150,332.050,332.150,Silicon,Si (µM),389.15,288.158,,,,2019-02-08 05:34:16,LIQ9736151,112887181,20uL HNO3,,
379,U1532,C,27,X,2,332.05,332.150,332.050,332.150,Strontium,Sr (µM),176.63,407.771,,,,2019-02-08 05:34:16,LIQ9736151,112887181,20uL HNO3,,
379,U1532,C,27,X,2,332.05,332.150,332.050,332.150,Strontium,Sr (µM),170.93,421.552,,,,2019-02-08 05:34:16,LIQ9736151,112887181,20uL HNO3,,
379,U1532,C,27,X,2,332.05,332.150,332.050,332.150,Strontium,Sr (µM),169.22,460.733,,,,2019-02-08 05:34:16,LIQ9736151,112887181,20uL HNO3,,
379,U1532,C,29,X,3,352.7,352.850,352.691,352.841,Boron,B (mM),327.74,249.678,,,,2019-02-25 06:44:53,LIQ9736881,113081201,20uL HNO3,,
379,U1532,C,29,X,3,352.7,352.850,352.691,352.841,Boron,B (mM),328.68,249.772,,,,2019-02-25 06:44:53,LIQ9736881,113081201,20uL HNO3,,
379,U1532,C,29,X,3,352.7,352.850,352.691,352.841,Barium,Ba (µM),2.56,230.424,,,,2019-02-25 06:44:53,LIQ9736881,113081201,20uL HNO3,,
379,U1532,C,29,X,3,352.7,352.850,352.691,352.841,Barium,Ba (µM),2.94,455.403,,,,2019-02-25 06:44:53,LIQ9736881,113081201,20uL HNO3,,
379,U1532,C,29,X,3,352.7,352.850,352.691,352.841,Calcium,Ca (mM),30.19,315.887,,,,2019-02-25 06:44:53,LIQ9736881,113081201,20uL HNO3,,
379,U1532,C,29,X,3,352.7,352.850,352.691,352.841,Calcium,Ca (mM),29.91,317.933,,,,2019-02-25 06:44:53,LIQ9736881,113081201,20uL HNO3,,
379,U1532,C,29,X,3,352.7,352.850,352.691,352.841,Calcium,Ca (mM),30.1,318.127,,,,2019-02-25 06:44:53,LIQ9736881,113081201,20uL HNO3,,
379,U1532,C,29,X,3,352.7,352.850,352.691,352.841,Iron,Fe (µM),4.58,238.204,,,,2019-02-25 06:44:53,LIQ9736881,113081201,20uL HNO3,,
379,U1532,C,29,X,3,352.7,352.850,352.691,352.841,Iron,Fe (µM),4.47,239.563,,,,2019-02-25 06:44:53,LIQ9736881,113081201,20uL HNO3,,
379,U1532,C,29,X,3,352.7,352.850,352.691,352.841,Iron,Fe (µM),4.27,259.94,,,,2019-02-25 06:44:53,LIQ9736881,113081201,20uL HNO3,,
379,U1532,C,29,X,3,352.7,352.850,352.691,352.841,Potassium,K (mM),2.11,766.491,,,,2019-02-25 06:44:53,LIQ9736881,113081201,20uL HNO3,,
379,U1532,C,29,X,3,352.7,352.850,352.691,352.841,Potassium,K (mM),2.03,769.897,,,,2019-02-25 06:44:53,LIQ9736881,113081201,20uL HNO3,,
379,U1532,C,29,X,3,352.7,352.850,352.691,352.841,Lithium,Li (µM),404.73,670.783,,,,2019-02-25 06:44:53,LIQ9736881,113081201,20uL HNO3,,
379,U1532,C,29,X,3,352.7,352.850,352.691,352.841,Magnesium,Mg (mM),37.78,202.582,,,,2019-02-25 06:44:53,LIQ9736881,113081201,20uL HNO3,,
379,U1532,C,29,X,3,352.7,352.850,352.691,352.841,Magnesium,Mg (mM),37.06,277.983,,,,2019-02-25 06:44:53,LIQ9736881,113081201,20uL HNO3,,
379,U1532,C,29,X,3,352.7,352.850,352.691,352.841,Magnesium,Mg (mM),36.83,279.078,,,,2019-02-25 06:44:53,LIQ9736881,113081201,20uL HNO3,,
379,U1532,C,29,X,3,352.7,352.850,352.691,352.841,Manganese,Mn (µM),26.89,257.61,,,,2019-02-25 06:44:53,LIQ9736881,113081201,20uL HNO3,,
379,U1532,C,29,X,3,352.7,352.850,352.691,352.841,Manganese,Mn (µM),26.84,259.372,,,,2019-02-25 06:44:53,LIQ9736881,113081201,20uL HNO3,,
379,U1532,C,29,X,3,352.7,352.850,352.691,352.841,Sodium,Na (mM),456.63,330.298,,,,2019-02-25 06:44:53,LIQ9736881,113081201,20uL HNO3,,
379,U1532,C,29,X,3,352.7,352.850,352.691,352.841,Sodium,Na (mM),459.63,589.592,,,,2019-02-25 06:44:53,LIQ9736881,113081201,20uL HNO3,,
379,U1532,C,29,X,3,352.7,352.850,352.691,352.841,Phosphorus,P (µM),rejected,213.618,,,,2019-02-25 06:44:53,LIQ9736881,113081201,20uL HNO3,,
379,U1532,C,29,X,3,352.7,352.850,352.691,352.841,Sulfur,S (mM),10.15,182.562,,,,2019-02-25 06:44:53,LIQ9736881,113081201,20uL HNO3,,
379,U1532,C,29,X,3,352.7,352.850,352.691,352.841,Silicon,Si (µM),233.96,221.667,,,,2019-02-25 06:44:53,LIQ9736881,113081201,20uL HNO3,,
379,U1532,C,29,X,3,352.7,352.850,352.691,352.841,Silicon,Si (µM),229.99,251.611,,,,2019-02-25 06:44:53,LIQ9736881,113081201,20uL HNO3,,
379,U1532,C,29,X,3,352.7,352.850,352.691,352.841,Silicon,Si (µM),228.35,288.158,,,,2019-02-25 06:44:53,LIQ9736881,113081201,20uL HNO3,,
379,U1532,C,29,X,3,352.7,352.850,352.691,352.841,Strontium,Sr (µM),189.2,407.771,,,,2019-02-25 06:44:53,LIQ9736881,113081201,20uL HNO3,,
379,U1532,C,29,X,3,352.7,352.850,352.691,352.841,Strontium,Sr (µM),189.98,421.552,,,,2019-02-25 06:44:53,LIQ9736881,113081201,20uL HNO3,,
379,U1532,C,29,X,3,352.7,352.850,352.691,352.841,Strontium,Sr (µM),187.07,460.733,,,,2019-02-25 06:44:53,LIQ9736881,113081201,20uL HNO3,,
379,U1532,C,30,X,5,365.35,365.500,365.186,365.333,Boron,B (mM),353.53,249.678,,,,2019-02-25 06:53:55,LIQ9737561,113081411,20uL HNO3,,
379,U1532,C,30,X,5,365.35,365.500,365.186,365.333,Boron,B (mM),352.86,249.772,,,,2019-02-25 06:53:55,LIQ9737561,113081411,20uL HNO3,,
379,U1532,C,30,X,5,365.35,365.500,365.186,365.333,Barium,Ba (µM),1.88,230.424,,,,2019-02-25 06:53:55,LIQ9737561,113081411,20uL HNO3,,
379,U1532,C,30,X,5,365.35,365.500,365.186,365.333,Barium,Ba (µM),2.22,455.403,,,,2019-02-25 06:53:55,LIQ9737561,113081411,20uL HNO3,,
379,U1532,C,30,X,5,365.35,365.500,365.186,365.333,Calcium,Ca (mM),32.12,315.887,,,,2019-02-25 06:53:55,LIQ9737561,113081411,20uL HNO3,,
379,U1532,C,30,X,5,365.35,365.500,365.186,365.333,Calcium,Ca (mM),31.55,317.933,,,,2019-02-25 06:53:55,LIQ9737561,113081411,20uL HNO3,,
379,U1532,C,30,X,5,365.35,365.500,365.186,365.333,Calcium,Ca (mM),32.13,318.127,,,,2019-02-25 06:53:55,LIQ9737561,113081411,20uL HNO3,,
379,U1532,C,30,X,5,365.35,365.500,365.186,365.333,Iron,Fe (µM),bdl,238.204,,,,2019-02-25 06:53:55,LIQ9737561,113081411,20uL HNO3,,
379,U1532,C,30,X,5,365.35,365.500,365.186,365.333,Iron,Fe (µM),rejected,239.563,,,,2019-02-25 06:53:55,LIQ9737561,113081411,20uL HNO3,,
379,U1532,C,30,X,5,365.35,365.500,365.186,365.333,Iron,Fe (µM),bdl,259.94,,,,2019-02-25 06:53:55,LIQ9737561,113081411,20uL HNO3,,
379,U1532,C,30,X,5,365.35,365.500,365.186,365.333,Potassium,K (mM),2.04,766.491,,,,2019-02-25 06:53:55,LIQ9737561,113081411,20uL HNO3,,
379,U1532,C,30,X,5,365.35,365.500,365.186,365.333,Potassium,K (mM),1.97,769.897,,,,2019-02-25 06:53:55,LIQ9737561,113081411,20uL HNO3,,
379,U1532,C,30,X,5,365.35,365.500,365.186,365.333,Lithium,Li (µM),448.03,670.783,,,,2019-02-25 06:53:55,LIQ9737561,113081411,20uL HNO3,,
379,U1532,C,30,X,5,365.35,365.500,365.186,365.333,Magnesium,Mg (mM),39,202.582,,,,2019-02-25 06:53:55,LIQ9737561,113081411,20uL HNO3,,
379,U1532,C,30,X,5,365.35,365.500,365.186,365.333,Magnesium,Mg (mM),38.49,277.983,,,,2019-02-25 06:53:55,LIQ9737561,113081411,20uL HNO3,,
379,U1532,C,30,X,5,365.35,365.500,365.186,365.333,Magnesium,Mg (mM),38.04,279.078,,,,2019-02-25 06:53:55,LIQ9737561,113081411,20uL HNO3,,
379,U1532,C,30,X,5,365.35,365.500,365.186,365.333,Manganese,Mn (µM),37.92,257.61,,,,2019-02-25 06:53:55,LIQ9737561,113081411,20uL HNO3,,
379,U1532,C,30,X,5,365.35,365.500,365.186,365.333,Manganese,Mn (µM),37.78,259.372,,,,2019-02-25 06:53:55,LIQ9737561,113081411,20uL HNO3,,
379,U1532,C,30,X,5,365.35,365.500,365.186,365.333,Sodium,Na (mM),470.95,330.298,,,,2019-02-25 06:53:55,LIQ9737561,113081411,20uL HNO3,,
379,U1532,C,30,X,5,365.35,365.500,365.186,365.333,Sodium,Na (mM),480.34,589.592,,,,2019-02-25 06:53:55,LIQ9737561,113081411,20uL HNO3,,
379,U1532,C,30,X,5,365.35,365.500,365.186,365.333,Phosphorus,P (µM),rejected,213.618,,,,2019-02-25 06:53:55,LIQ9737561,113081411,20uL HNO3,,
379,U1532,C,30,X,5,365.35,365.500,365.186,365.333,Sulfur,S (mM),9.66,182.562,,,,2019-02-25 06:53:55,LIQ9737561,113081411,20uL HNO3,,
379,U1532,C,30,X,5,365.35,365.500,365.186,365.333,Silicon,Si (µM),rejected,221.667,,,,2019-02-25 06:53:55,LIQ9737561,113081411,20uL HNO3,,
379,U1532,C,30,X,5,365.35,365.500,365.186,365.333,Silicon,Si (µM),221.65,251.611,,,,2019-02-25 06:53:55,LIQ9737561,113081411,20uL HNO3,,
379,U1532,C,30,X,5,365.35,365.500,365.186,365.333,Silicon,Si (µM),219.03,288.158,,,,2019-02-25 06:53:55,LIQ9737561,113081411,20uL HNO3,,
379,U1532,C,30,X,5,365.35,365.500,365.186,365.333,Strontium,Sr (µM),195.26,407.771,,,,2019-02-25 06:53:55,LIQ9737561,113081411,20uL HNO3,,
379,U1532,C,30,X,5,365.35,365.500,365.186,365.333,Strontium,Sr (µM),200.53,421.552,,,,2019-02-25 06:53:55,LIQ9737561,113081411,20uL HNO3,,
379,U1532,C,30,X,5,365.35,365.500,365.186,365.333,Strontium,Sr (µM),196.45,460.733,,,,2019-02-25 06:53:55,LIQ9737561,113081411,20uL HNO3,,
379,U1532,C,31,X,4,373.44,373.590,373.229,373.374,Boron,B (mM),285.25,249.678,,,,2019-02-25 06:47:00,LIQ9738131,113081241,20uL HNO3,,
379,U1532,C,31,X,4,373.44,373.590,373.229,373.374,Boron,B (mM),284.95,249.772,,,,2019-02-25 06:47:00,LIQ9738131,113081241,20uL HNO3,,
379,U1532,C,31,X,4,373.44,373.590,373.229,373.374,Barium,Ba (µM),2.03,230.424,,,,2019-02-25 06:47:00,LIQ9738131,113081241,20uL HNO3,,
379,U1532,C,31,X,4,373.44,373.590,373.229,373.374,Barium,Ba (µM),2.4,455.403,,,,2019-02-25 06:47:00,LIQ9738131,113081241,20uL HNO3,,
379,U1532,C,31,X,4,373.44,373.590,373.229,373.374,Calcium,Ca (mM),30.22,315.887,,,,2019-02-25 06:47:00,LIQ9738131,113081241,20uL HNO3,,
379,U1532,C,31,X,4,373.44,373.590,373.229,373.374,Calcium,Ca (mM),29.88,317.933,,,,2019-02-25 06:47:00,LIQ9738131,113081241,20uL HNO3,,
379,U1532,C,31,X,4,373.44,373.590,373.229,373.374,Calcium,Ca (mM),30.09,318.127,,,,2019-02-25 06:47:00,LIQ9738131,113081241,20uL HNO3,,
379,U1532,C,31,X,4,373.44,373.590,373.229,373.374,Iron,Fe (µM),rejected,238.204,,,,2019-02-25 06:47:00,LIQ9738131,113081241,20uL HNO3,,
379,U1532,C,31,X,4,373.44,373.590,373.229,373.374,Iron,Fe (µM),rejected,239.563,,,,2019-02-25 06:47:00,LIQ9738131,113081241,20uL HNO3,,
379,U1532,C,31,X,4,373.44,373.590,373.229,373.374,Iron,Fe (µM),rejected,259.94,,,,2019-02-25 06:47:00,LIQ9738131,113081241,20uL HNO3,,
379,U1532,C,31,X,4,373.44,373.590,373.229,373.374,Potassium,K (mM),2.17,766.491,,,,2019-02-25 06:47:00,LIQ9738131,113081241,20uL HNO3,,
379,U1532,C,31,X,4,373.44,373.590,373.229,373.374,Potassium,K (mM),2.09,769.897,,,,2019-02-25 06:47:00,LIQ9738131,113081241,20uL HNO3,,
379,U1532,C,31,X,4,373.44,373.590,373.229,373.374,Lithium,Li (µM),437.23,670.783,,,,2019-02-25 06:47:00,LIQ9738131,113081241,20uL HNO3,,
379,U1532,C,31,X,4,373.44,373.590,373.229,373.374,Magnesium,Mg (mM),36.15,202.582,,,,2019-02-25 06:47:00,LIQ9738131,113081241,20uL HNO3,,
379,U1532,C,31,X,4,373.44,373.590,373.229,373.374,Magnesium,Mg (mM),35.52,277.983,,,,2019-02-25 06:47:00,LIQ9738131,113081241,20uL HNO3,,
379,U1532,C,31,X,4,373.44,373.590,373.229,373.374,Magnesium,Mg (mM),35.39,279.078,,,,2019-02-25 06:47:00,LIQ9738131,113081241,20uL HNO3,,
379,U1532,C,31,X,4,373.44,373.590,373.229,373.374,Manganese,Mn (µM),45.91,257.61,,,,2019-02-25 06:47:00,LIQ9738131,113081241,20uL HNO3,,
379,U1532,C,31,X,4,373.44,373.590,373.229,373.374,Manganese,Mn (µM),45.96,259.372,,,,2019-02-25 06:47:00,LIQ9738131,113081241,20uL HNO3,,
379,U1532,C,31,X,4,373.44,373.590,373.229,373.374,Sodium,Na (mM),449.13,330.298,,,,2019-02-25 06:47:00,LIQ9738131,113081241,20uL HNO3,,
379,U1532,C,31,X,4,373.44,373.590,373.229,373.374,Sodium,Na (mM),458.35,589.592,,,,2019-02-25 06:47:00,LIQ9738131,113081241,20uL HNO3,,
379,U1532,C,31,X,4,373.44,373.590,373.229,373.374,Phosphorus,P (µM),rejected,213.618,,,,2019-02-25 06:47:00,LIQ9738131,113081241,20uL HNO3,,
379,U1532,C,31,X,4,373.44,373.590,373.229,373.374,Sulfur,S (mM),9.26,182.562,,,,2019-02-25 06:47:00,LIQ9738131,113081241,20uL HNO3,,
379,U1532,C,31,X,4,373.44,373.590,373.229,373.374,Silicon,Si (µM),544.97,221.667,,,,2019-02-25 06:47:00,LIQ9738131,113081241,20uL HNO3,,
379,U1532,C,31,X,4,373.44,373.590,373.229,373.374,Silicon,Si (µM),543.94,251.611,,,,2019-02-25 06:47:00,LIQ9738131,113081241,20uL HNO3,,
379,U1532,C,31,X,4,373.44,373.590,373.229,373.374,Silicon,Si (µM),537.43,288.158,,,,2019-02-25 06:47:00,LIQ9738131,113081241,20uL HNO3,,
379,U1532,C,31,X,4,373.44,373.590,373.229,373.374,Strontium,Sr (µM),187.9,407.771,,,,2019-02-25 06:47:00,LIQ9738131,113081241,20uL HNO3,,
379,U1532,C,31,X,4,373.44,373.590,373.229,373.374,Strontium,Sr (µM),188.29,421.552,,,,2019-02-25 06:47:00,LIQ9738131,113081241,20uL HNO3,,
379,U1532,C,31,X,4,373.44,373.590,373.229,373.374,Strontium,Sr (µM),181.95,460.733,,,,2019-02-25 06:47:00,LIQ9738131,113081241,20uL HNO3,,
379,U1532,C,32,X,4,382.97,383.120,382.824,382.970,Boron,B (mM),246.15,249.678,,,,2019-02-25 06:50:55,LIQ9738711,113081351,20uL HNO3,,
379,U1532,C,32,X,4,382.97,383.120,382.824,382.970,Boron,B (mM),243.49,249.772,,,,2019-02-25 06:50:55,LIQ9738711,113081351,20uL HNO3,,
379,U1532,C,32,X,4,382.97,383.120,382.824,382.970,Barium,Ba (µM),1.66,230.424,,,,2019-02-25 06:50:55,LIQ9738711,113081351,20uL HNO3,,
379,U1532,C,32,X,4,382.97,383.120,382.824,382.970,Barium,Ba (µM),2.01,455.403,,,,2019-02-25 06:50:55,LIQ9738711,113081351,20uL HNO3,,
379,U1532,C,32,X,4,382.97,383.120,382.824,382.970,Calcium,Ca (mM),31.03,315.887,,,,2019-02-25 06:50:55,LIQ9738711,113081351,20uL HNO3,,
379,U1532,C,32,X,4,382.97,383.120,382.824,382.970,Calcium,Ca (mM),30.85,317.933,,,,2019-02-25 06:50:55,LIQ9738711,113081351,20uL HNO3,,
379,U1532,C,32,X,4,382.97,383.120,382.824,382.970,Calcium,Ca (mM),31.18,318.127,,,,2019-02-25 06:50:55,LIQ9738711,113081351,20uL HNO3,,
379,U1532,C,32,X,4,382.97,383.120,382.824,382.970,Iron,Fe (µM),0.93,238.204,,,,2019-02-25 06:50:55,LIQ9738711,113081351,20uL HNO3,,
379,U1532,C,32,X,4,382.97,383.120,382.824,382.970,Iron,Fe (µM),rejected,239.563,,,,2019-02-25 06:50:55,LIQ9738711,113081351,20uL HNO3,,
379,U1532,C,32,X,4,382.97,383.120,382.824,382.970,Iron,Fe (µM),rejected,259.94,,,,2019-02-25 06:50:55,LIQ9738711,113081351,20uL HNO3,,
379,U1532,C,32,X,4,382.97,383.120,382.824,382.970,Potassium,K (mM),2.44,766.491,,,,2019-02-25 06:50:55,LIQ9738711,113081351,20uL HNO3,,
379,U1532,C,32,X,4,382.97,383.120,382.824,382.970,Potassium,K (mM),2.32,769.897,,,,2019-02-25 06:50:55,LIQ9738711,113081351,20uL HNO3,,
379,U1532,C,32,X,4,382.97,383.120,382.824,382.970,Lithium,Li (µM),477.81,670.783,,,,2019-02-25 06:50:55,LIQ9738711,113081351,20uL HNO3,,
379,U1532,C,32,X,4,382.97,383.120,382.824,382.970,Magnesium,Mg (mM),37.01,202.582,,,,2019-02-25 06:50:55,LIQ9738711,113081351,20uL HNO3,,
379,U1532,C,32,X,4,382.97,383.120,382.824,382.970,Magnesium,Mg (mM),36.24,277.983,,,,2019-02-25 06:50:55,LIQ9738711,113081351,20uL HNO3,,
379,U1532,C,32,X,4,382.97,383.120,382.824,382.970,Magnesium,Mg (mM),35.81,279.078,,,,2019-02-25 06:50:55,LIQ9738711,113081351,20uL HNO3,,
379,U1532,C,32,X,4,382.97,383.120,382.824,382.970,Manganese,Mn (µM),37.39,257.61,,,,2019-02-25 06:50:55,LIQ9738711,113081351,20uL HNO3,,
379,U1532,C,32,X,4,382.97,383.120,382.824,382.970,Manganese,Mn (µM),37.37,259.372,,,,2019-02-25 06:50:55,LIQ9738711,113081351,20uL HNO3,,
379,U1532,C,32,X,4,382.97,383.120,382.824,382.970,Sodium,Na (mM),474.74,330.298,,,,2019-02-25 06:50:55,LIQ9738711,113081351,20uL HNO3,,
379,U1532,C,32,X,4,382.97,383.120,382.824,382.970,Sodium,Na (mM),485.89,589.592,,,,2019-02-25 06:50:55,LIQ9738711,113081351,20uL HNO3,,
379,U1532,C,32,X,4,382.97,383.120,382.824,382.970,Phosphorus,P (µM),rejected,213.618,,,,2019-02-25 06:50:55,LIQ9738711,113081351,20uL HNO3,,
379,U1532,C,32,X,4,382.97,383.120,382.824,382.970,Sulfur,S (mM),9.36,182.562,,,,2019-02-25 06:50:55,LIQ9738711,113081351,20uL HNO3,,
379,U1532,C,32,X,4,382.97,383.120,382.824,382.970,Silicon,Si (µM),rejected,221.667,,,,2019-02-25 06:50:55,LIQ9738711,113081351,20uL HNO3,,
379,U1532,C,32,X,4,382.97,383.120,382.824,382.970,Silicon,Si (µM),307.73,251.611,,,,2019-02-25 06:50:55,LIQ9738711,113081351,20uL HNO3,,
379,U1532,C,32,X,4,382.97,383.120,382.824,382.970,Silicon,Si (µM),306.04,288.158,,,,2019-02-25 06:50:55,LIQ9738711,113081351,20uL HNO3,,
379,U1532,C,32,X,4,382.97,383.120,382.824,382.970,Strontium,Sr (µM),192.27,407.771,,,,2019-02-25 06:50:55,LIQ9738711,113081351,20uL HNO3,,
379,U1532,C,32,X,4,382.97,383.120,382.824,382.970,Strontium,Sr (µM),193.19,421.552,,,,2019-02-25 06:50:55,LIQ9738711,113081351,20uL HNO3,,
379,U1532,C,32,X,4,382.97,383.120,382.824,382.970,Strontium,Sr (µM),193.21,460.733,,,,2019-02-25 06:50:55,LIQ9738711,113081351,20uL HNO3,,
379,U1532,C,33,X,2,389.62,389.770,389.620,389.770,Boron,B (mM),303.17,249.678,,,,2019-02-25 06:45:59,LIQ9739081,113081221,20uL HNO3,,
379,U1532,C,33,X,2,389.62,389.770,389.620,389.770,Boron,B (mM),300.61,249.772,,,,2019-02-25 06:45:59,LIQ9739081,113081221,20uL HNO3,,
379,U1532,C,33,X,2,389.62,389.770,389.620,389.770,Barium,Ba (µM),1.77,230.424,,,,2019-02-25 06:45:59,LIQ9739081,113081221,20uL HNO3,,
379,U1532,C,33,X,2,389.62,389.770,389.620,389.770,Barium,Ba (µM),2.15,455.403,,,,2019-02-25 06:45:59,LIQ9739081,113081221,20uL HNO3,,
379,U1532,C,33,X,2,389.62,389.770,389.620,389.770,Calcium,Ca (mM),32.03,315.887,,,,2019-02-25 06:45:59,LIQ9739081,113081221,20uL HNO3,,
379,U1532,C,33,X,2,389.62,389.770,389.620,389.770,Calcium,Ca (mM),31.57,317.933,,,,2019-02-25 06:45:59,LIQ9739081,113081221,20uL HNO3,,
379,U1532,C,33,X,2,389.62,389.770,389.620,389.770,Calcium,Ca (mM),32.08,318.127,,,,2019-02-25 06:45:59,LIQ9739081,113081221,20uL HNO3,,
379,U1532,C,33,X,2,389.62,389.770,389.620,389.770,Iron,Fe (µM),bdl,238.204,,,,2019-02-25 06:45:59,LIQ9739081,113081221,20uL HNO3,,
379,U1532,C,33,X,2,389.62,389.770,389.620,389.770,Iron,Fe (µM),bdl,239.563,,,,2019-02-25 06:45:59,LIQ9739081,113081221,20uL HNO3,,
379,U1532,C,33,X,2,389.62,389.770,389.620,389.770,Iron,Fe (µM),bdl,259.94,,,,2019-02-25 06:45:59,LIQ9739081,113081221,20uL HNO3,,
379,U1532,C,33,X,2,389.62,389.770,389.620,389.770,Potassium,K (mM),2.64,766.491,,,,2019-02-25 06:45:59,LIQ9739081,113081221,20uL HNO3,,
379,U1532,C,33,X,2,389.62,389.770,389.620,389.770,Potassium,K (mM),2.5,769.897,,,,2019-02-25 06:45:59,LIQ9739081,113081221,20uL HNO3,,
379,U1532,C,33,X,2,389.62,389.770,389.620,389.770,Lithium,Li (µM),496.61,670.783,,,,2019-02-25 06:45:59,LIQ9739081,113081221,20uL HNO3,,
379,U1532,C,33,X,2,389.62,389.770,389.620,389.770,Magnesium,Mg (mM),38.23,202.582,,,,2019-02-25 06:45:59,LIQ9739081,113081221,20uL HNO3,,
379,U1532,C,33,X,2,389.62,389.770,389.620,389.770,Magnesium,Mg (mM),37.08,277.983,,,,2019-02-25 06:45:59,LIQ9739081,113081221,20uL HNO3,,
379,U1532,C,33,X,2,389.62,389.770,389.620,389.770,Magnesium,Mg (mM),36.93,279.078,,,,2019-02-25 06:45:59,LIQ9739081,113081221,20uL HNO3,,
379,U1532,C,33,X,2,389.62,389.770,389.620,389.770,Manganese,Mn (µM),50.64,257.61,,,,2019-02-25 06:45:59,LIQ9739081,113081221,20uL HNO3,,
379,U1532,C,33,X,2,389.62,389.770,389.620,389.770,Manganese,Mn (µM),51.32,259.372,,,,2019-02-25 06:45:59,LIQ9739081,113081221,20uL HNO3,,
379,U1532,C,33,X,2,389.62,389.770,389.620,389.770,Sodium,Na (mM),491.59,330.298,,,,2019-02-25 06:45:59,LIQ9739081,113081221,20uL HNO3,,
379,U1532,C,33,X,2,389.62,389.770,389.620,389.770,Sodium,Na (mM),500.7,589.592,,,,2019-02-25 06:45:59,LIQ9739081,113081221,20uL HNO3,,
379,U1532,C,33,X,2,389.62,389.770,389.620,389.770,Phosphorus,P (µM),rejected,213.618,,,,2019-02-25 06:45:59,LIQ9739081,113081221,20uL HNO3,,
379,U1532,C,33,X,2,389.62,389.770,389.620,389.770,Sulfur,S (mM),10.05,182.562,,,,2019-02-25 06:45:59,LIQ9739081,113081221,20uL HNO3,,
379,U1532,C,33,X,2,389.62,389.770,389.620,389.770,Silicon,Si (µM),550.12,221.667,,,,2019-02-25 06:45:59,LIQ9739081,113081221,20uL HNO3,,
379,U1532,C,33,X,2,389.62,389.770,389.620,389.770,Silicon,Si (µM),536.54,251.611,,,,2019-02-25 06:45:59,LIQ9739081,113081221,20uL HNO3,,
379,U1532,C,33,X,2,389.62,389.770,389.620,389.770,Silicon,Si (µM),533.14,288.158,,,,2019-02-25 06:45:59,LIQ9739081,113081221,20uL HNO3,,
379,U1532,C,33,X,2,389.62,389.770,389.620,389.770,Strontium,Sr (µM),200.24,407.771,,,,2019-02-25 06:45:59,LIQ9739081,113081221,20uL HNO3,,
379,U1532,C,33,X,2,389.62,389.770,389.620,389.770,Strontium,Sr (µM),200.25,421.552,,,,2019-02-25 06:45:59,LIQ9739081,113081221,20uL HNO3,,
379,U1532,C,33,X,2,389.62,389.770,389.620,389.770,Strontium,Sr (µM),193.89,460.733,,,,2019-02-25 06:45:59,LIQ9739081,113081221,20uL HNO3,,
