Exp,Site,Hole,Core,Type,Sect,Offset (cm),Depth CSF-A (m),Depth CSF-B (m),NGR total counts (cps),Absolute error (cps),NGR zip file,Timestamp (UTC),Text ID,Comments
374,U1523,B,3,F,1,0.0,46.7,46.700,41.726,2.471,374-NGR-45635541-ngr_sample_374-U1523B-3F-1-A_SHLF9340431_201813065519.zip,2018-01-30 12:55:19,SECT9340411,SHATTERED LINER
374,U1523,B,3,F,1,10.0,46.8,46.800,43.526,0.870,,2018-01-30 12:55:19,SECT9340411,SHATTERED LINER
374,U1523,B,3,F,1,20.0,46.9,46.900,48.894,0.432,,2018-01-30 12:55:19,SECT9340411,SHATTERED LINER
374,U1523,B,3,F,1,30.0,47,47.000,55.341,0.456,,2018-01-30 12:55:19,SECT9340411,SHATTERED LINER
374,U1523,B,3,F,1,40.0,47.1,47.100,53.372,0.449,,2018-01-30 12:55:19,SECT9340411,SHATTERED LINER
374,U1523,B,3,F,1,50.0,47.2,47.200,53.359,0.449,,2018-01-30 12:55:19,SECT9340411,SHATTERED LINER
374,U1523,B,3,F,1,60.0,47.3,47.300,53.256,0.449,,2018-01-30 12:55:19,SECT9340411,SHATTERED LINER
374,U1523,B,3,F,1,70.0,47.4,47.400,52.329,0.446,,2018-01-30 12:55:19,SECT9340411,SHATTERED LINER
374,U1523,B,3,F,1,80.0,47.5,47.500,51.195,0.441,,2018-01-30 12:55:19,SECT9340411,SHATTERED LINER
374,U1523,B,3,F,1,90.0,47.6,47.600,52.832,0.447,,2018-01-30 12:55:19,SECT9340411,SHATTERED LINER
374,U1523,B,3,F,1,100.0,47.7,47.700,46.771,0.423,,2018-01-30 12:55:19,SECT9340411,SHATTERED LINER
374,U1523,B,3,F,1,110.0,47.8,47.800,42.421,0.406,,2018-01-30 12:55:19,SECT9340411,SHATTERED LINER
374,U1523,B,3,F,1,120.0,47.9,47.900,42.062,0.397,,2018-01-30 12:55:19,SECT9340411,SHATTERED LINER
374,U1523,B,3,F,1,130.0,48,48.000,43.256,0.586,,2018-01-30 12:55:19,SECT9340411,SHATTERED LINER
374,U1523,B,3,F,1,140.0,48.1,48.100,38.597,1.232,,2018-01-30 12:55:19,SECT9340411,SHATTERED LINER
374,U1523,B,3,F,2,0.0,48.12,48.120,39.466,2.343,374-NGR-45635621-ngr_sample_374-U1523B-3F-2-A_SHLF9340461_20181307649.zip,2018-01-30 13:06:49,SECT9340441,SHATTERED LINER
374,U1523,B,3,F,2,10.0,48.22,48.220,38.168,0.779,,2018-01-30 13:06:49,SECT9340441,SHATTERED LINER
374,U1523,B,3,F,2,20.0,48.32,48.320,40.664,0.399,,2018-01-30 13:06:49,SECT9340441,SHATTERED LINER
374,U1523,B,3,F,2,30.0,48.42,48.420,45.794,0.420,,2018-01-30 13:06:49,SECT9340441,SHATTERED LINER
374,U1523,B,3,F,2,40.0,48.52,48.520,48.895,0.433,,2018-01-30 13:06:49,SECT9340441,SHATTERED LINER
374,U1523,B,3,F,2,50.0,48.62,48.620,50.102,0.437,,2018-01-30 13:06:49,SECT9340441,SHATTERED LINER
374,U1523,B,3,F,2,60.0,48.72,48.720,51.909,0.444,,2018-01-30 13:06:49,SECT9340441,SHATTERED LINER
374,U1523,B,3,F,2,70.0,48.82,48.820,54.519,0.454,,2018-01-30 13:06:49,SECT9340441,SHATTERED LINER
374,U1523,B,3,F,2,80.0,48.92,48.920,51.669,0.443,,2018-01-30 13:06:49,SECT9340441,SHATTERED LINER
374,U1523,B,3,F,2,90.0,49.02,49.020,50.732,0.439,,2018-01-30 13:06:49,SECT9340441,SHATTERED LINER
374,U1523,B,3,F,2,100.0,49.12,49.120,49.664,0.434,,2018-01-30 13:06:49,SECT9340441,SHATTERED LINER
374,U1523,B,3,F,2,110.0,49.22,49.220,48.154,0.429,,2018-01-30 13:06:49,SECT9340441,SHATTERED LINER
374,U1523,B,3,F,2,120.0,49.32,49.320,48.703,0.638,,2018-01-30 13:06:49,SECT9340441,SHATTERED LINER
374,U1523,B,3,F,2,130.0,49.42,49.420,45.336,1.415,,2018-01-30 13:06:49,SECT9340441,SHATTERED LINER
374,U1523,B,5,F,1,0.0,56.1,56.100,42.903,2.538,374-NGR-45636381-ngr_sample_374-U1523B-5F-1-W_SHLF9340961_201813082550.zip,2018-01-30 14:25:50,SECT9340951,
374,U1523,B,5,F,1,10.0,56.2,56.200,40.239,0.814,,2018-01-30 14:25:50,SECT9340951,
374,U1523,B,5,F,1,20.0,56.3,56.300,40.924,0.400,,2018-01-30 14:25:50,SECT9340951,
374,U1523,B,5,F,1,30.0,56.4,56.400,41.774,0.404,,2018-01-30 14:25:50,SECT9340951,
374,U1523,B,5,F,1,40.0,56.5,56.500,39.035,0.393,,2018-01-30 14:25:50,SECT9340951,
374,U1523,B,5,F,1,50.0,56.6,56.600,34.632,0.374,,2018-01-30 14:25:50,SECT9340951,
374,U1523,B,5,F,1,60.0,56.7,56.700,32.076,0.362,,2018-01-30 14:25:50,SECT9340951,
374,U1523,B,5,F,1,70.0,56.8,56.800,31.156,0.358,,2018-01-30 14:25:50,SECT9340951,
374,U1523,B,5,F,1,80.0,56.9,56.900,29.739,0.351,,2018-01-30 14:25:50,SECT9340951,
374,U1523,B,5,F,1,90.0,57,57.000,30.345,0.354,,2018-01-30 14:25:50,SECT9340951,
374,U1523,B,5,F,1,100.0,57.1,57.100,28.547,0.344,,2018-01-30 14:25:50,SECT9340951,
374,U1523,B,5,F,1,110.0,57.2,57.200,29.011,0.346,,2018-01-30 14:25:50,SECT9340951,
374,U1523,B,5,F,1,120.0,57.3,57.300,29.322,0.340,,2018-01-30 14:25:50,SECT9340951,
374,U1523,B,5,F,1,130.0,57.4,57.400,28.139,0.334,,2018-01-30 14:25:50,SECT9340951,
374,U1523,B,5,F,1,140.0,57.5,57.500,25.840,0.607,,2018-01-30 14:25:50,SECT9340951,
374,U1523,B,5,F,1,150.0,57.6,57.600,21.873,1.282,,2018-01-30 14:25:50,SECT9340951,
374,U1523,B,5,F,2,0.0,57.61,57.610,28.944,1.750,374-NGR-45636471-ngr_sample_374-U1523B-5F-2-W_SHLF9340991_201813083741.zip,2018-01-30 14:37:41,SECT9340981,
374,U1523,B,5,F,2,10.0,57.71,57.710,27.972,0.607,,2018-01-30 14:37:41,SECT9340981,
374,U1523,B,5,F,2,20.0,57.81,57.810,27.284,0.339,,2018-01-30 14:37:41,SECT9340981,
374,U1523,B,5,F,2,30.0,57.91,57.910,28.721,0.346,,2018-01-30 14:37:41,SECT9340981,
374,U1523,B,5,F,2,40.0,58.01,58.010,28.662,0.346,,2018-01-30 14:37:41,SECT9340981,
374,U1523,B,5,F,2,50.0,58.11,58.110,29.119,0.348,,2018-01-30 14:37:41,SECT9340981,
374,U1523,B,5,F,2,60.0,58.21,58.210,29.469,0.350,,2018-01-30 14:37:41,SECT9340981,
374,U1523,B,5,F,2,70.0,58.31,58.310,28.672,0.346,,2018-01-30 14:37:41,SECT9340981,
374,U1523,B,5,F,2,80.0,58.41,58.410,28.429,0.344,,2018-01-30 14:37:41,SECT9340981,
374,U1523,B,5,F,2,90.0,58.51,58.510,27.099,0.338,,2018-01-30 14:37:41,SECT9340981,
374,U1523,B,5,F,2,100.0,58.61,58.610,26.651,0.335,,2018-01-30 14:37:41,SECT9340981,
374,U1523,B,5,F,2,110.0,58.71,58.710,26.357,0.333,,2018-01-30 14:37:41,SECT9340981,
374,U1523,B,5,F,2,120.0,58.81,58.810,27.146,0.329,,2018-01-30 14:37:41,SECT9340981,
374,U1523,B,5,F,2,130.0,58.91,58.910,25.931,0.419,,2018-01-30 14:37:41,SECT9340981,
374,U1523,B,5,F,2,140.0,59.01,59.010,24.552,0.471,,2018-01-30 14:37:41,SECT9340981,
374,U1523,B,5,F,3,0.0,59.13,59.130,24.293,1.489,374-NGR-45636541-ngr_sample_374-U1523B-5F-3-W_SHLF9341021_201813085255.zip,2018-01-30 14:52:55,SECT9341011,
374,U1523,B,5,F,3,10.0,59.23,59.230,24.868,0.555,,2018-01-30 14:52:55,SECT9341011,
374,U1523,B,5,F,3,20.0,59.33,59.330,27.187,0.338,,2018-01-30 14:52:55,SECT9341011,
374,U1523,B,5,F,3,30.0,59.43,59.430,27.387,0.339,,2018-01-30 14:52:55,SECT9341011,
374,U1523,B,5,F,3,40.0,59.53,59.530,27.762,0.342,,2018-01-30 14:52:55,SECT9341011,
374,U1523,B,5,F,3,50.0,59.63,59.630,27.659,0.341,,2018-01-30 14:52:55,SECT9341011,
374,U1523,B,5,F,3,60.0,59.73,59.730,28.786,0.347,,2018-01-30 14:52:55,SECT9341011,
374,U1523,B,5,F,3,70.0,59.83,59.830,28.852,0.347,,2018-01-30 14:52:55,SECT9341011,
374,U1523,B,5,F,3,80.0,59.93,59.930,27.259,0.339,,2018-01-30 14:52:55,SECT9341011,
374,U1523,B,5,F,3,90.0,60.03,60.030,26.022,0.333,,2018-01-30 14:52:55,SECT9341011,
374,U1523,B,5,F,3,100.0,60.13,60.130,26.878,0.588,,2018-01-30 14:52:55,SECT9341011,
374,U1523,B,5,F,3,110.0,60.23,60.230,27.615,1.675,,2018-01-30 14:52:55,SECT9341011,
374,U1523,B,7,F,1,0.0,65.5,65.500,33.413,2.001,374-NGR-45636881-ngr_sample_374-U1523B-7F-1-A_SHLF9341531_201813093157.zip,2018-01-30 15:31:57,SECT9341511,
374,U1523,B,7,F,1,10.0,65.6,65.598,34.580,0.719,,2018-01-30 15:31:57,SECT9341511,
374,U1523,B,7,F,1,20.0,65.7,65.696,40.147,0.397,,2018-01-30 15:31:57,SECT9341511,
374,U1523,B,7,F,1,30.0,65.8,65.794,42.947,0.408,,2018-01-30 15:31:57,SECT9341511,
374,U1523,B,7,F,1,40.0,65.9,65.892,44.369,0.415,,2018-01-30 15:31:57,SECT9341511,
374,U1523,B,7,F,1,50.0,66,65.990,44.679,0.416,,2018-01-30 15:31:57,SECT9341511,
374,U1523,B,7,F,1,60.0,66.1,66.088,44.249,0.415,,2018-01-30 15:31:57,SECT9341511,
374,U1523,B,7,F,1,70.0,66.2,66.186,39.536,0.395,,2018-01-30 15:31:57,SECT9341511,
374,U1523,B,7,F,1,80.0,66.3,66.283,29.625,0.350,,2018-01-30 15:31:57,SECT9341511,
374,U1523,B,7,F,1,90.0,66.4,66.381,29.219,0.348,,2018-01-30 15:31:57,SECT9341511,
374,U1523,B,7,F,1,100.0,66.5,66.479,29.471,0.348,,2018-01-30 15:31:57,SECT9341511,
374,U1523,B,7,F,1,110.0,66.6,66.577,29.914,0.350,,2018-01-30 15:31:57,SECT9341511,
374,U1523,B,7,F,1,120.0,66.7,66.675,28.982,0.338,,2018-01-30 15:31:57,SECT9341511,
374,U1523,B,7,F,1,130.0,66.8,66.773,29.222,0.339,,2018-01-30 15:31:57,SECT9341511,
374,U1523,B,7,F,1,140.0,66.9,66.871,30.890,0.656,,2018-01-30 15:31:57,SECT9341511,
374,U1523,B,7,F,1,150.0,67,66.969,30.680,1.847,,2018-01-30 15:31:57,SECT9341511,
374,U1523,B,7,F,2,0.0,67,66.969,34.089,2.039,374-NGR-45637161-ngr_sample_374-U1523B-7F-2-A_SHLF9341561_201813094322.zip,2018-01-30 15:43:22,SECT9341541,
374,U1523,B,7,F,2,10.0,67.1,67.067,31.609,0.668,,2018-01-30 15:43:22,SECT9341541,
374,U1523,B,7,F,2,20.0,67.2,67.165,32.064,0.361,,2018-01-30 15:43:22,SECT9341541,
374,U1523,B,7,F,2,30.0,67.3,67.263,31.954,0.361,,2018-01-30 15:43:22,SECT9341541,
374,U1523,B,7,F,2,40.0,67.4,67.361,31.009,0.357,,2018-01-30 15:43:22,SECT9341541,
374,U1523,B,7,F,2,50.0,67.5,67.458,30.879,0.356,,2018-01-30 15:43:22,SECT9341541,
374,U1523,B,7,F,2,60.0,67.6,67.556,30.662,0.356,,2018-01-30 15:43:22,SECT9341541,
374,U1523,B,7,F,2,70.0,67.7,67.654,30.279,0.354,,2018-01-30 15:43:22,SECT9341541,
374,U1523,B,7,F,2,80.0,67.8,67.752,28.975,0.347,,2018-01-30 15:43:22,SECT9341541,
374,U1523,B,7,F,2,90.0,67.9,67.850,29.092,0.348,,2018-01-30 15:43:22,SECT9341541,
374,U1523,B,7,F,2,100.0,68,67.948,29.041,0.346,,2018-01-30 15:43:22,SECT9341541,
374,U1523,B,7,F,2,110.0,68.1,68.046,29.371,0.348,,2018-01-30 15:43:22,SECT9341541,
374,U1523,B,7,F,2,120.0,68.2,68.144,28.042,0.333,,2018-01-30 15:43:22,SECT9341541,
374,U1523,B,7,F,2,130.0,68.3,68.241,27.223,0.628,,2018-01-30 15:43:22,SECT9341541,
374,U1523,B,7,F,2,140.0,68.4,68.339,24.206,1.406,,2018-01-30 15:43:22,SECT9341541,
374,U1523,B,7,F,3,0.0,68.51,68.447,26.299,1.601,374-NGR-45637771-ngr_sample_374-U1523B-7F-3-W_SHLF9341581_201813095824.zip,2018-01-30 15:58:24,SECT9341571,
374,U1523,B,7,F,3,10.0,68.61,68.545,25.875,0.572,,2018-01-30 15:58:24,SECT9341571,
374,U1523,B,7,F,3,20.0,68.71,68.643,27.041,0.337,,2018-01-30 15:58:24,SECT9341571,
374,U1523,B,7,F,3,30.0,68.81,68.741,27.137,0.338,,2018-01-30 15:58:24,SECT9341571,
374,U1523,B,7,F,3,40.0,68.91,68.839,28.235,0.344,,2018-01-30 15:58:24,SECT9341571,
374,U1523,B,7,F,3,50.0,69.01,68.937,28.569,0.345,,2018-01-30 15:58:24,SECT9341571,
374,U1523,B,7,F,3,60.0,69.11,69.035,29.316,0.349,,2018-01-30 15:58:24,SECT9341571,
374,U1523,B,7,F,3,70.0,69.21,69.133,29.209,0.349,,2018-01-30 15:58:24,SECT9341571,
374,U1523,B,7,F,3,80.0,69.31,69.230,28.925,0.347,,2018-01-30 15:58:24,SECT9341571,
374,U1523,B,7,F,3,90.0,69.41,69.328,29.425,0.349,,2018-01-30 15:58:24,SECT9341571,
374,U1523,B,7,F,3,100.0,69.51,69.426,28.354,0.343,,2018-01-30 15:58:24,SECT9341571,
374,U1523,B,7,F,3,110.0,69.61,69.524,28.174,0.342,,2018-01-30 15:58:24,SECT9341571,
374,U1523,B,7,F,3,120.0,69.71,69.622,28.369,0.335,,2018-01-30 15:58:24,SECT9341571,
374,U1523,B,7,F,3,130.0,69.81,69.720,27.596,0.419,,2018-01-30 15:58:24,SECT9341571,
374,U1523,B,7,F,3,140.0,69.91,69.818,27.316,0.588,,2018-01-30 15:58:24,SECT9341571,
374,U1523,B,8,F,1,0.0,70.2,70.200,34.845,2.082,374-NGR-45638171-ngr_sample_374-U1523B-8F-1-A_SHLF9341861_2018130101248.zip,2018-01-30 16:12:48,SECT9341841,
374,U1523,B,8,F,1,10.0,70.3,70.300,30.780,0.654,,2018-01-30 16:12:48,SECT9341841,
374,U1523,B,8,F,1,20.0,70.4,70.400,32.631,0.364,,2018-01-30 16:12:48,SECT9341841,
374,U1523,B,8,F,1,30.0,70.5,70.500,43.157,0.409,,2018-01-30 16:12:48,SECT9341841,
374,U1523,B,8,F,1,40.0,70.6,70.600,50.945,0.440,,2018-01-30 16:12:48,SECT9341841,
374,U1523,B,8,F,1,50.0,70.7,70.700,53.452,0.450,,2018-01-30 16:12:48,SECT9341841,
374,U1523,B,8,F,1,60.0,70.8,70.800,55.692,0.458,,2018-01-30 16:12:48,SECT9341841,
374,U1523,B,8,F,1,70.0,70.9,70.900,56.589,0.461,,2018-01-30 16:12:48,SECT9341841,
374,U1523,B,8,F,1,80.0,71,71.000,55.389,0.457,,2018-01-30 16:12:48,SECT9341841,
374,U1523,B,8,F,1,90.0,71.1,71.100,55.989,0.459,,2018-01-30 16:12:48,SECT9341841,
374,U1523,B,8,F,1,100.0,71.2,71.200,55.011,0.454,,2018-01-30 16:12:48,SECT9341841,
374,U1523,B,8,F,1,110.0,71.3,71.300,52.667,0.446,,2018-01-30 16:12:48,SECT9341841,
374,U1523,B,8,F,1,120.0,71.4,71.400,52.239,0.438,,2018-01-30 16:12:48,SECT9341841,
374,U1523,B,8,F,1,130.0,71.5,71.500,54.596,0.447,,2018-01-30 16:12:48,SECT9341841,
374,U1523,B,8,F,1,140.0,71.6,71.600,58.962,1.236,,2018-01-30 16:12:48,SECT9341841,
374,U1523,B,8,F,1,150.0,71.7,71.700,56.660,3.147,,2018-01-30 16:12:48,SECT9341841,
374,U1523,B,8,F,2,0.0,71.71,71.710,58.469,3.423,374-NGR-45638411-ngr_sample_374-U1523B-8F-2-W_SHLF9341881_2018130102535.zip,2018-01-30 16:25:35,SECT9341871,ARCHIVE: BROKEN LINER
374,U1523,B,8,F,2,10.0,71.81,71.810,58.657,1.128,,2018-01-30 16:25:35,SECT9341871,ARCHIVE: BROKEN LINER
374,U1523,B,8,F,2,20.0,71.91,71.910,60.514,0.475,,2018-01-30 16:25:35,SECT9341871,ARCHIVE: BROKEN LINER
374,U1523,B,8,F,2,30.0,72.01,72.010,63.284,0.484,,2018-01-30 16:25:35,SECT9341871,ARCHIVE: BROKEN LINER
374,U1523,B,8,F,2,40.0,72.11,72.110,62.385,0.482,,2018-01-30 16:25:35,SECT9341871,ARCHIVE: BROKEN LINER
374,U1523,B,8,F,2,50.0,72.21,72.210,61.015,0.477,,2018-01-30 16:25:35,SECT9341871,ARCHIVE: BROKEN LINER
374,U1523,B,8,F,2,60.0,72.31,72.310,62.102,0.481,,2018-01-30 16:25:35,SECT9341871,ARCHIVE: BROKEN LINER
374,U1523,B,8,F,2,70.0,72.41,72.410,63.949,0.487,,2018-01-30 16:25:35,SECT9341871,ARCHIVE: BROKEN LINER
374,U1523,B,8,F,2,80.0,72.51,72.510,61.472,0.478,,2018-01-30 16:25:35,SECT9341871,ARCHIVE: BROKEN LINER
374,U1523,B,8,F,2,90.0,72.61,72.610,59.032,0.470,,2018-01-30 16:25:35,SECT9341871,ARCHIVE: BROKEN LINER
374,U1523,B,8,F,2,100.0,72.71,72.710,56.227,0.459,,2018-01-30 16:25:35,SECT9341871,ARCHIVE: BROKEN LINER
374,U1523,B,8,F,2,110.0,72.81,72.810,56.344,0.459,,2018-01-30 16:25:35,SECT9341871,ARCHIVE: BROKEN LINER
374,U1523,B,8,F,2,120.0,72.91,72.910,57.566,0.458,,2018-01-30 16:25:35,SECT9341871,ARCHIVE: BROKEN LINER
374,U1523,B,8,F,2,130.0,73.01,73.010,54.092,0.445,,2018-01-30 16:25:35,SECT9341871,ARCHIVE: BROKEN LINER
374,U1523,B,8,F,2,140.0,73.11,73.110,51.163,0.667,,2018-01-30 16:25:35,SECT9341871,ARCHIVE: BROKEN LINER
374,U1523,B,8,F,2,150.0,73.21,73.210,41.301,1.308,,2018-01-30 16:25:35,SECT9341871,ARCHIVE: BROKEN LINER
374,U1523,B,8,F,3,0.0,73.24,73.240,47.067,2.774,374-NGR-45638491-ngr_sample_374-U1523B-8F-3-A_SHLF9341921_2018130103655.zip,2018-01-30 16:36:55,SECT9341901,
374,U1523,B,8,F,3,10.0,73.34,73.340,53.018,1.032,,2018-01-30 16:36:55,SECT9341901,
374,U1523,B,8,F,3,20.0,73.44,73.440,55.971,0.459,,2018-01-30 16:36:55,SECT9341901,
374,U1523,B,8,F,3,30.0,73.54,73.540,58.561,0.468,,2018-01-30 16:36:55,SECT9341901,
374,U1523,B,8,F,3,40.0,73.64,73.640,57.752,0.465,,2018-01-30 16:36:55,SECT9341901,
374,U1523,B,8,F,3,50.0,73.74,73.740,58.389,0.468,,2018-01-30 16:36:55,SECT9341901,
374,U1523,B,8,F,3,60.0,73.84,73.840,60.829,0.477,,2018-01-30 16:36:55,SECT9341901,
374,U1523,B,8,F,3,70.0,73.94,73.940,59.549,0.472,,2018-01-30 16:36:55,SECT9341901,
374,U1523,B,8,F,3,80.0,74.04,74.040,56.232,0.460,,2018-01-30 16:36:55,SECT9341901,
374,U1523,B,8,F,3,90.0,74.14,74.140,55.739,0.458,,2018-01-30 16:36:55,SECT9341901,
374,U1523,B,8,F,3,100.0,74.24,74.240,53.244,0.448,,2018-01-30 16:36:55,SECT9341901,
374,U1523,B,8,F,3,110.0,74.34,74.340,53.446,0.689,,2018-01-30 16:36:55,SECT9341901,
374,U1523,B,8,F,3,120.0,74.44,74.440,47.107,1.466,,2018-01-30 16:36:55,SECT9341901,
374,U1523,B,9,F,1,0.0,74.9,74.900,25.957,1.582,374-NGR-45639071-ngr_sample_374-U1523B-9F-1-W_SHLF9342311_201813011855.zip,2018-01-30 17:08:55,SECT9342301,DISTURBED
374,U1523,B,9,F,1,10.0,75,75.000,25.335,0.563,,2018-01-30 17:08:55,SECT9342301,DISTURBED
374,U1523,B,9,F,1,20.0,75.1,75.100,25.537,0.330,,2018-01-30 17:08:55,SECT9342301,DISTURBED
374,U1523,B,9,F,1,30.0,75.2,75.200,26.674,0.336,,2018-01-30 17:08:55,SECT9342301,DISTURBED
374,U1523,B,9,F,1,40.0,75.3,75.300,26.099,0.333,,2018-01-30 17:08:55,SECT9342301,DISTURBED
374,U1523,B,9,F,1,50.0,75.4,75.400,28.739,0.346,,2018-01-30 17:08:55,SECT9342301,DISTURBED
374,U1523,B,9,F,1,60.0,75.5,75.500,30.956,0.357,,2018-01-30 17:08:55,SECT9342301,DISTURBED
374,U1523,B,9,F,1,70.0,75.6,75.600,31.466,0.359,,2018-01-30 17:08:55,SECT9342301,DISTURBED
374,U1523,B,9,F,1,80.0,75.7,75.700,30.655,0.355,,2018-01-30 17:08:55,SECT9342301,DISTURBED
374,U1523,B,9,F,1,90.0,75.8,75.800,32.615,0.364,,2018-01-30 17:08:55,SECT9342301,DISTURBED
374,U1523,B,9,F,1,100.0,75.9,75.900,33.939,0.707,,2018-01-30 17:08:55,SECT9342301,DISTURBED
374,U1523,B,9,F,1,110.0,76,76.000,33.079,1.982,,2018-01-30 17:08:55,SECT9342301,DISTURBED
374,U1523,B,10,F,1,0.0,79.6,79.600,33.210,1.990,374-NGR-45639541-ngr_sample_374-U1523B-10F-1-W_SHLF9342491_2018130112958.zip,2018-01-30 17:29:59,SECT9342481,
374,U1523,B,10,F,1,10.0,79.7,79.700,33.292,0.697,,2018-01-30 17:29:59,SECT9342481,
374,U1523,B,10,F,1,20.0,79.8,79.800,37.504,0.386,,2018-01-30 17:29:59,SECT9342481,
374,U1523,B,10,F,1,30.0,79.9,79.900,39.287,0.393,,2018-01-30 17:29:59,SECT9342481,
374,U1523,B,10,F,1,40.0,80,80.000,39.955,0.397,,2018-01-30 17:29:59,SECT9342481,
374,U1523,B,10,F,1,50.0,80.1,80.100,40.099,0.397,,2018-01-30 17:29:59,SECT9342481,
374,U1523,B,10,F,1,60.0,80.2,80.200,40.769,0.400,,2018-01-30 17:29:59,SECT9342481,
374,U1523,B,10,F,1,70.0,80.3,80.300,41.739,0.404,,2018-01-30 17:29:59,SECT9342481,
374,U1523,B,10,F,1,80.0,80.4,80.400,40.975,0.401,,2018-01-30 17:29:59,SECT9342481,
374,U1523,B,10,F,1,90.0,80.5,80.500,43.985,0.413,,2018-01-30 17:29:59,SECT9342481,
374,U1523,B,10,F,1,100.0,80.6,80.600,43.471,0.410,,2018-01-30 17:29:59,SECT9342481,
374,U1523,B,10,F,1,110.0,80.7,80.700,41.004,0.400,,2018-01-30 17:29:59,SECT9342481,
374,U1523,B,10,F,1,120.0,80.8,80.800,37.582,0.378,,2018-01-30 17:29:59,SECT9342481,
374,U1523,B,10,F,1,130.0,80.9,80.900,36.027,0.738,,2018-01-30 17:29:59,SECT9342481,
374,U1523,B,10,F,1,140.0,81,81.000,32.133,1.929,,2018-01-30 17:29:59,SECT9342481,
374,U1523,B,10,F,2,0.0,80.99,80.990,44.604,2.635,374-NGR-45639841-ngr_sample_374-U1523B-10F-2-W_SHLF9342521_2018130114146.zip,2018-01-30 17:41:46,SECT9342511,
374,U1523,B,10,F,2,10.0,81.09,81.090,44.004,0.878,,2018-01-30 17:41:46,SECT9342511,
374,U1523,B,10,F,2,20.0,81.19,81.190,45.241,0.418,,2018-01-30 17:41:46,SECT9342511,
374,U1523,B,10,F,2,30.0,81.29,81.290,46.894,0.424,,2018-01-30 17:41:46,SECT9342511,
374,U1523,B,10,F,2,40.0,81.39,81.390,47.032,0.425,,2018-01-30 17:41:46,SECT9342511,
374,U1523,B,10,F,2,50.0,81.49,81.490,49.865,0.436,,2018-01-30 17:41:46,SECT9342511,
374,U1523,B,10,F,2,60.0,81.59,81.590,57.186,0.464,,2018-01-30 17:41:46,SECT9342511,
374,U1523,B,10,F,2,70.0,81.69,81.690,56.479,0.461,,2018-01-30 17:41:46,SECT9342511,
374,U1523,B,10,F,2,80.0,81.79,81.790,52.442,0.446,,2018-01-30 17:41:46,SECT9342511,
374,U1523,B,10,F,2,90.0,81.89,81.890,52.469,0.446,,2018-01-30 17:41:46,SECT9342511,
374,U1523,B,10,F,2,100.0,81.99,81.990,43.344,0.409,,2018-01-30 17:41:46,SECT9342511,
374,U1523,B,10,F,2,110.0,82.09,82.090,39.161,0.392,,2018-01-30 17:41:46,SECT9342511,
374,U1523,B,10,F,2,120.0,82.19,82.190,39.537,0.560,,2018-01-30 17:41:46,SECT9342511,
374,U1523,B,10,F,2,130.0,82.29,82.290,38.387,0.614,,2018-01-30 17:41:46,SECT9342511,
374,U1523,B,10,F,3,0.0,82.39,82.390,41.639,2.466,374-NGR-45640091-ngr_sample_374-U1523B-10F-3-A_SHLF9342561_2018130115258.zip,2018-01-30 17:52:58,SECT9342541,
374,U1523,B,10,F,3,10.0,82.49,82.490,40.653,0.821,,2018-01-30 17:52:58,SECT9342541,
374,U1523,B,10,F,3,20.0,82.59,82.590,42.024,0.405,,2018-01-30 17:52:58,SECT9342541,
374,U1523,B,10,F,3,30.0,82.69,82.690,40.944,0.400,,2018-01-30 17:52:58,SECT9342541,
374,U1523,B,10,F,3,40.0,82.79,82.790,46.625,0.424,,2018-01-30 17:52:58,SECT9342541,
374,U1523,B,10,F,3,50.0,82.89,82.890,44.492,0.415,,2018-01-30 17:52:58,SECT9342541,
374,U1523,B,10,F,3,60.0,82.99,82.990,42.282,0.407,,2018-01-30 17:52:58,SECT9342541,
374,U1523,B,10,F,3,70.0,83.09,83.090,38.326,0.390,,2018-01-30 17:52:58,SECT9342541,
374,U1523,B,10,F,3,80.0,83.19,83.190,34.152,0.487,,2018-01-30 17:52:58,SECT9342541,
374,U1523,B,10,F,3,90.0,83.29,83.290,33.510,0.635,,2018-01-30 17:52:58,SECT9342541,
374,U1523,B,10,F,4,0.0,83.35,83.350,37.555,2.235,374-NGR-45640211-ngr_sample_374-U1523B-10F-4-W_SHLF9342581_201813012459.zip,2018-01-30 18:04:59,SECT9342571,
374,U1523,B,10,F,4,10.0,83.45,83.450,36.207,0.746,,2018-01-30 18:04:59,SECT9342571,
374,U1523,B,10,F,4,20.0,83.55,83.550,36.124,0.380,,2018-01-30 18:04:59,SECT9342571,
374,U1523,B,10,F,4,30.0,83.65,83.650,38.757,0.391,,2018-01-30 18:04:59,SECT9342571,
374,U1523,B,10,F,4,40.0,83.75,83.750,48.089,0.429,,2018-01-30 18:04:59,SECT9342571,
374,U1523,B,10,F,4,50.0,83.85,83.850,49.379,1.054,,2018-01-30 18:04:59,SECT9342571,
374,U1523,B,10,F,4,60.0,83.95,83.950,47.844,2.673,,2018-01-30 18:04:59,SECT9342571,
374,U1523,B,11,F,1,0.0,84.3,84.300,43.376,2.565,374-NGR-45640241-ngr_sample_374-U1523B-11F-1-A_SHLF9342891_2018130121625.zip,2018-01-30 18:16:25,SECT9342871,
374,U1523,B,11,F,1,10.0,84.4,84.400,39.520,0.802,,2018-01-30 18:16:25,SECT9342871,
374,U1523,B,11,F,1,20.0,84.5,84.500,41.171,0.401,,2018-01-30 18:16:25,SECT9342871,
374,U1523,B,11,F,1,30.0,84.6,84.600,43.791,0.412,,2018-01-30 18:16:25,SECT9342871,
374,U1523,B,11,F,1,40.0,84.7,84.700,44.139,0.414,,2018-01-30 18:16:25,SECT9342871,
374,U1523,B,11,F,1,50.0,84.8,84.800,43.334,0.867,,2018-01-30 18:16:25,SECT9342871,
374,U1523,B,11,F,1,60.0,84.9,84.900,35.931,2.144,,2018-01-30 18:16:25,SECT9342871,
374,U1523,B,11,F,2,0.0,84.89,84.890,48.237,2.841,374-NGR-45640291-ngr_sample_374-U1523B-11F-2-W_SHLF9342911_2018130122737.zip,2018-01-30 18:27:37,SECT9342901,
374,U1523,B,11,F,2,10.0,84.99,84.990,45.923,0.911,,2018-01-30 18:27:37,SECT9342901,
374,U1523,B,11,F,2,20.0,85.09,85.090,43.861,0.412,,2018-01-30 18:27:37,SECT9342901,
374,U1523,B,11,F,2,30.0,85.19,85.190,41.611,0.403,,2018-01-30 18:27:37,SECT9342901,
374,U1523,B,11,F,2,40.0,85.29,85.290,38.895,0.392,,2018-01-30 18:27:37,SECT9342901,
374,U1523,B,11,F,2,50.0,85.39,85.390,37.599,0.387,,2018-01-30 18:27:37,SECT9342901,
374,U1523,B,11,F,2,60.0,85.49,85.490,37.433,0.827,,2018-01-30 18:27:37,SECT9342901,
374,U1523,B,11,F,2,70.0,85.59,85.590,34.158,1.937,,2018-01-30 18:27:37,SECT9342901,
374,U1523,B,11,F,3,0.0,85.59,85.590,32.519,1.951,374-NGR-45640481-ngr_sample_374-U1523B-11F-3-W_SHLF9342941_2018130123918.zip,2018-01-30 18:39:18,SECT9342931,
374,U1523,B,11,F,3,10.0,85.69,85.690,33.672,0.703,,2018-01-30 18:39:18,SECT9342931,
374,U1523,B,11,F,3,20.0,85.79,85.790,34.861,0.374,,2018-01-30 18:39:18,SECT9342931,
374,U1523,B,11,F,3,30.0,85.89,85.890,34.907,0.374,,2018-01-30 18:39:18,SECT9342931,
374,U1523,B,11,F,3,40.0,85.99,85.990,35.522,0.378,,2018-01-30 18:39:18,SECT9342931,
374,U1523,B,11,F,3,50.0,86.09,86.090,35.102,0.376,,2018-01-30 18:39:18,SECT9342931,
374,U1523,B,11,F,3,60.0,86.19,86.190,39.746,0.559,,2018-01-30 18:39:18,SECT9342931,
374,U1523,B,11,F,3,70.0,86.29,86.290,39.094,1.247,,2018-01-30 18:39:18,SECT9342931,
374,U1523,B,12,F,1,0.0,89,89.000,28.646,1.733,374-NGR-45640751-ngr_sample_374-U1523B-12F-1-W_SHLF9343161_2018130125540.zip,2018-01-30 18:55:40,SECT9343151,DISTURBED - pumped out
374,U1523,B,12,F,1,10.0,89.1,89.100,25.901,0.572,,2018-01-30 18:55:40,SECT9343151,DISTURBED - pumped out
374,U1523,B,12,F,1,20.0,89.2,89.200,26.994,0.337,,2018-01-30 18:55:40,SECT9343151,DISTURBED - pumped out
374,U1523,B,12,F,1,30.0,89.3,89.300,32.401,0.363,,2018-01-30 18:55:40,SECT9343151,DISTURBED - pumped out
374,U1523,B,12,F,1,40.0,89.4,89.400,36.379,0.381,,2018-01-30 18:55:40,SECT9343151,DISTURBED - pumped out
374,U1523,B,12,F,1,50.0,89.5,89.500,40.682,0.400,,2018-01-30 18:55:40,SECT9343151,DISTURBED - pumped out
374,U1523,B,12,F,1,60.0,89.6,89.600,43.739,0.412,,2018-01-30 18:55:40,SECT9343151,DISTURBED - pumped out
374,U1523,B,12,F,1,70.0,89.7,89.700,43.649,0.412,,2018-01-30 18:55:40,SECT9343151,DISTURBED - pumped out
374,U1523,B,12,F,1,80.0,89.8,89.800,38.915,0.539,,2018-01-30 18:55:40,SECT9343151,DISTURBED - pumped out
374,U1523,B,12,F,1,90.0,89.9,89.900,35.373,0.747,,2018-01-30 18:55:40,SECT9343151,DISTURBED - pumped out
374,U1523,B,20,F,1,0.0,127.5,127.500,50.090,2.946,374-NGR-45656881-ngr_sample_374-U1523B-20F-1-A_SHLF9346671_201813101744.zip,2018-01-31 06:17:44,SECT9346651,DISTURBED DURING SPLITTING
374,U1523,B,20,F,1,10.0,127.6,127.599,50.301,0.986,,2018-01-31 06:17:44,SECT9346651,DISTURBED DURING SPLITTING
374,U1523,B,20,F,1,20.0,127.7,127.699,53.221,0.448,,2018-01-31 06:17:44,SECT9346651,DISTURBED DURING SPLITTING
374,U1523,B,20,F,1,30.0,127.8,127.798,49.541,0.435,,2018-01-31 06:17:44,SECT9346651,DISTURBED DURING SPLITTING
374,U1523,B,20,F,1,40.0,127.9,127.897,45.875,0.421,,2018-01-31 06:17:44,SECT9346651,DISTURBED DURING SPLITTING
374,U1523,B,20,F,1,50.0,128,127.997,45.799,0.420,,2018-01-31 06:17:44,SECT9346651,DISTURBED DURING SPLITTING
374,U1523,B,20,F,1,60.0,128.1,128.096,43.512,0.412,,2018-01-31 06:17:44,SECT9346651,DISTURBED DURING SPLITTING
374,U1523,B,20,F,1,70.0,128.2,128.195,43.822,0.413,,2018-01-31 06:17:44,SECT9346651,DISTURBED DURING SPLITTING
374,U1523,B,20,F,1,80.0,128.3,128.295,45.302,0.418,,2018-01-31 06:17:44,SECT9346651,DISTURBED DURING SPLITTING
374,U1523,B,20,F,1,90.0,128.4,128.394,49.702,0.435,,2018-01-31 06:17:44,SECT9346651,DISTURBED DURING SPLITTING
374,U1523,B,20,F,1,100.0,128.5,128.493,49.987,0.436,,2018-01-31 06:17:44,SECT9346651,DISTURBED DURING SPLITTING
374,U1523,B,20,F,1,110.0,128.6,128.593,49.971,0.436,,2018-01-31 06:17:44,SECT9346651,DISTURBED DURING SPLITTING
374,U1523,B,20,F,1,120.0,128.7,128.692,49.436,0.427,,2018-01-31 06:17:44,SECT9346651,DISTURBED DURING SPLITTING
374,U1523,B,20,F,1,130.0,128.8,128.791,50.262,0.430,,2018-01-31 06:17:44,SECT9346651,DISTURBED DURING SPLITTING
374,U1523,B,20,F,1,140.0,128.9,128.891,52.162,1.017,,2018-01-31 06:17:44,SECT9346651,DISTURBED DURING SPLITTING
374,U1523,B,20,F,1,150.0,129,128.990,48.098,2.833,,2018-01-31 06:17:44,SECT9346651,DISTURBED DURING SPLITTING
374,U1523,B,20,F,2,0.0,129,128.990,54.559,3.200,374-NGR-45657301-ngr_sample_374-U1523B-20F-2-W_SHLF9346691_201813102912.zip,2018-01-31 06:29:12,SECT9346681,
374,U1523,B,20,F,2,10.0,129.1,129.089,51.924,1.013,,2018-01-31 06:29:12,SECT9346681,
374,U1523,B,20,F,2,20.0,129.2,129.189,53.117,0.448,,2018-01-31 06:29:12,SECT9346681,
374,U1523,B,20,F,2,30.0,129.3,129.288,54.141,0.452,,2018-01-31 06:29:12,SECT9346681,
374,U1523,B,20,F,2,40.0,129.4,129.387,55.969,0.459,,2018-01-31 06:29:12,SECT9346681,
374,U1523,B,20,F,2,50.0,129.5,129.487,55.215,0.456,,2018-01-31 06:29:12,SECT9346681,
374,U1523,B,20,F,2,60.0,129.6,129.586,56.172,0.460,,2018-01-31 06:29:12,SECT9346681,
374,U1523,B,20,F,2,70.0,129.7,129.685,57.676,0.465,,2018-01-31 06:29:12,SECT9346681,
374,U1523,B,20,F,2,80.0,129.8,129.785,56.875,0.462,,2018-01-31 06:29:12,SECT9346681,
374,U1523,B,20,F,2,90.0,129.9,129.884,57.055,0.463,,2018-01-31 06:29:12,SECT9346681,
374,U1523,B,20,F,2,100.0,130,129.983,56.587,0.460,,2018-01-31 06:29:12,SECT9346681,
374,U1523,B,20,F,2,110.0,130.1,130.083,53.901,0.450,,2018-01-31 06:29:12,SECT9346681,
374,U1523,B,20,F,2,120.0,130.2,130.182,52.636,0.439,,2018-01-31 06:29:12,SECT9346681,
374,U1523,B,20,F,2,130.0,130.3,130.281,53.899,1.137,,2018-01-31 06:29:12,SECT9346681,
374,U1523,B,20,F,2,140.0,130.4,130.381,51.086,2.847,,2018-01-31 06:29:12,SECT9346681,
374,U1523,B,20,F,3,0.0,130.5,130.480,50.214,2.953,374-NGR-45657901-ngr_sample_374-U1523B-20F-3-W_SHLF9346721_201813105340.zip,2018-01-31 06:53:40,SECT9346711,
374,U1523,B,20,F,3,10.0,130.6,130.579,51.513,1.006,,2018-01-31 06:53:40,SECT9346711,
374,U1523,B,20,F,3,20.0,130.7,130.679,53.891,0.451,,2018-01-31 06:53:40,SECT9346711,
374,U1523,B,20,F,3,30.0,130.8,130.778,54.421,0.453,,2018-01-31 06:53:40,SECT9346711,
374,U1523,B,20,F,3,40.0,130.9,130.877,55.239,0.456,,2018-01-31 06:53:40,SECT9346711,
374,U1523,B,20,F,3,50.0,131,130.977,56.429,0.461,,2018-01-31 06:53:40,SECT9346711,
374,U1523,B,20,F,3,60.0,131.1,131.076,56.729,0.462,,2018-01-31 06:53:40,SECT9346711,
374,U1523,B,20,F,3,70.0,131.2,131.175,58.889,0.470,,2018-01-31 06:53:40,SECT9346711,
374,U1523,B,20,F,3,80.0,131.3,131.275,54.969,0.455,,2018-01-31 06:53:40,SECT9346711,
374,U1523,B,20,F,3,90.0,131.4,131.374,55.619,0.457,,2018-01-31 06:53:40,SECT9346711,
374,U1523,B,20,F,3,100.0,131.5,131.473,54.507,0.453,,2018-01-31 06:53:40,SECT9346711,
374,U1523,B,20,F,3,110.0,131.6,131.573,54.847,0.454,,2018-01-31 06:53:40,SECT9346711,
374,U1523,B,20,F,3,120.0,131.7,131.672,53.164,0.697,,2018-01-31 06:53:40,SECT9346711,
374,U1523,B,20,F,3,130.0,131.8,131.771,51.479,0.783,,2018-01-31 06:53:40,SECT9346711,
374,U1523,B,21,F,1,0.0,132,132.000,66.782,3.896,374-NGR-45659321-ngr_sample_374-U1523B-21F-1-W_SHLF9346971_201813115153.zip,2018-01-31 07:51:53,SECT9346961,PUMPED OUT OF CORE BARREL - EXTREMELY DISTURBED.
374,U1523,B,21,F,1,10.0,132.1,132.098,58.080,1.118,,2018-01-31 07:51:53,SECT9346961,PUMPED OUT OF CORE BARREL - EXTREMELY DISTURBED.
374,U1523,B,21,F,1,20.0,132.2,132.197,41.887,0.404,,2018-01-31 07:51:53,SECT9346961,PUMPED OUT OF CORE BARREL - EXTREMELY DISTURBED.
374,U1523,B,21,F,1,30.0,132.3,132.295,30.111,0.352,,2018-01-31 07:51:53,SECT9346961,PUMPED OUT OF CORE BARREL - EXTREMELY DISTURBED.
374,U1523,B,21,F,1,40.0,132.4,132.394,27.325,0.339,,2018-01-31 07:51:53,SECT9346961,PUMPED OUT OF CORE BARREL - EXTREMELY DISTURBED.
374,U1523,B,21,F,1,50.0,132.5,132.492,27.682,0.341,,2018-01-31 07:51:53,SECT9346961,PUMPED OUT OF CORE BARREL - EXTREMELY DISTURBED.
374,U1523,B,21,F,1,60.0,132.6,132.590,32.466,0.364,,2018-01-31 07:51:53,SECT9346961,PUMPED OUT OF CORE BARREL - EXTREMELY DISTURBED.
374,U1523,B,21,F,1,70.0,132.7,132.689,36.072,0.380,,2018-01-31 07:51:53,SECT9346961,PUMPED OUT OF CORE BARREL - EXTREMELY DISTURBED.
374,U1523,B,21,F,1,80.0,132.8,132.787,40.032,0.397,,2018-01-31 07:51:53,SECT9346961,PUMPED OUT OF CORE BARREL - EXTREMELY DISTURBED.
374,U1523,B,21,F,1,90.0,132.9,132.886,48.725,0.432,,2018-01-31 07:51:53,SECT9346961,PUMPED OUT OF CORE BARREL - EXTREMELY DISTURBED.
374,U1523,B,21,F,1,100.0,133,132.984,44.981,0.416,,2018-01-31 07:51:53,SECT9346961,PUMPED OUT OF CORE BARREL - EXTREMELY DISTURBED.
374,U1523,B,21,F,1,110.0,133.1,133.082,49.887,0.435,,2018-01-31 07:51:53,SECT9346961,PUMPED OUT OF CORE BARREL - EXTREMELY DISTURBED.
374,U1523,B,21,F,1,120.0,133.2,133.181,52.002,0.437,,2018-01-31 07:51:53,SECT9346961,PUMPED OUT OF CORE BARREL - EXTREMELY DISTURBED.
374,U1523,B,21,F,1,130.0,133.3,133.279,44.621,0.593,,2018-01-31 07:51:53,SECT9346961,PUMPED OUT OF CORE BARREL - EXTREMELY DISTURBED.
374,U1523,B,21,F,1,140.0,133.4,133.377,38.263,0.657,,2018-01-31 07:51:53,SECT9346961,PUMPED OUT OF CORE BARREL - EXTREMELY DISTURBED.
374,U1523,B,21,F,2,0.0,133.49,133.466,44.328,2.619,374-NGR-45659601-ngr_sample_374-U1523B-21F-2-W_SHLF9347001_20181312357.zip,2018-01-31 08:03:57,SECT9346991,PUMPED OUT OF CORE BARREL - EXTREMELY DISTURBED.
374,U1523,B,21,F,2,10.0,133.59,133.564,40.288,0.815,,2018-01-31 08:03:57,SECT9346991,PUMPED OUT OF CORE BARREL - EXTREMELY DISTURBED.
374,U1523,B,21,F,2,20.0,133.69,133.663,38.621,0.390,,2018-01-31 08:03:57,SECT9346991,PUMPED OUT OF CORE BARREL - EXTREMELY DISTURBED.
374,U1523,B,21,F,2,30.0,133.79,133.761,42.724,0.408,,2018-01-31 08:03:57,SECT9346991,PUMPED OUT OF CORE BARREL - EXTREMELY DISTURBED.
374,U1523,B,21,F,2,40.0,133.89,133.859,41.962,0.405,,2018-01-31 08:03:57,SECT9346991,PUMPED OUT OF CORE BARREL - EXTREMELY DISTURBED.
374,U1523,B,21,F,2,50.0,133.99,133.958,44.789,0.416,,2018-01-31 08:03:57,SECT9346991,PUMPED OUT OF CORE BARREL - EXTREMELY DISTURBED.
374,U1523,B,21,F,2,60.0,134.09,134.056,50.686,0.440,,2018-01-31 08:03:57,SECT9346991,PUMPED OUT OF CORE BARREL - EXTREMELY DISTURBED.
374,U1523,B,21,F,2,70.0,134.19,134.154,52.274,0.696,,2018-01-31 08:03:57,SECT9346991,PUMPED OUT OF CORE BARREL - EXTREMELY DISTURBED.
374,U1523,B,21,F,2,80.0,134.29,134.253,45.232,0.698,,2018-01-31 08:03:57,SECT9346991,PUMPED OUT OF CORE BARREL - EXTREMELY DISTURBED.
374,U1523,B,21,F,3,0.0,134.33,134.292,43.637,2.580,374-NGR-45659881-ngr_sample_374-U1523B-21F-3-A_SHLF9347041_201813121927.zip,2018-01-31 08:19:27,SECT9347021,PUMPED OUT OF CORE BARREL - EXTREMELY DISTURBED.
374,U1523,B,21,F,3,10.0,134.43,134.390,39.585,0.803,,2018-01-31 08:19:27,SECT9347021,PUMPED OUT OF CORE BARREL - EXTREMELY DISTURBED.
374,U1523,B,21,F,3,20.0,134.53,134.489,41.274,0.402,,2018-01-31 08:19:27,SECT9347021,PUMPED OUT OF CORE BARREL - EXTREMELY DISTURBED.
374,U1523,B,21,F,3,30.0,134.63,134.587,43.437,0.410,,2018-01-31 08:19:27,SECT9347021,PUMPED OUT OF CORE BARREL - EXTREMELY DISTURBED.
374,U1523,B,21,F,3,40.0,134.73,134.686,40.862,0.400,,2018-01-31 08:19:27,SECT9347021,PUMPED OUT OF CORE BARREL - EXTREMELY DISTURBED.
374,U1523,B,21,F,3,50.0,134.83,134.784,38.662,0.391,,2018-01-31 08:19:27,SECT9347021,PUMPED OUT OF CORE BARREL - EXTREMELY DISTURBED.
374,U1523,B,21,F,3,60.0,134.93,134.882,39.449,0.395,,2018-01-31 08:19:27,SECT9347021,PUMPED OUT OF CORE BARREL - EXTREMELY DISTURBED.
374,U1523,B,21,F,3,70.0,135.03,134.981,43.429,0.411,,2018-01-31 08:19:27,SECT9347021,PUMPED OUT OF CORE BARREL - EXTREMELY DISTURBED.
374,U1523,B,21,F,3,80.0,135.13,135.079,47.846,0.648,,2018-01-31 08:19:27,SECT9347021,PUMPED OUT OF CORE BARREL - EXTREMELY DISTURBED.
374,U1523,B,21,F,3,90.0,135.23,135.177,46.269,0.735,,2018-01-31 08:19:27,SECT9347021,PUMPED OUT OF CORE BARREL - EXTREMELY DISTURBED.
374,U1523,B,23,X,1,0.0,145.2,145.200,29.496,1.781,374-NGR-45662391-ngr_sample_374-U1523B-23X-1-W_SHLF9347271_20181315443.zip,2018-01-31 11:44:03,SECT9347261,
374,U1523,B,23,X,1,10.0,145.3,145.300,31.415,0.665,,2018-01-31 11:44:03,SECT9347261,
374,U1523,B,23,X,1,20.0,145.4,145.400,39.407,0.394,,2018-01-31 11:44:03,SECT9347261,
374,U1523,B,23,X,1,30.0,145.5,145.500,44.077,0.413,,2018-01-31 11:44:03,SECT9347261,
374,U1523,B,23,X,1,40.0,145.6,145.600,44.099,0.414,,2018-01-31 11:44:03,SECT9347261,
374,U1523,B,23,X,1,50.0,145.7,145.700,45.722,0.420,,2018-01-31 11:44:03,SECT9347261,
374,U1523,B,23,X,1,60.0,145.8,145.800,49.006,0.433,,2018-01-31 11:44:03,SECT9347261,
374,U1523,B,23,X,1,70.0,145.9,145.900,51.032,0.441,,2018-01-31 11:44:03,SECT9347261,
374,U1523,B,23,X,1,80.0,146,146.000,48.492,0.431,,2018-01-31 11:44:03,SECT9347261,
374,U1523,B,23,X,1,90.0,146.1,146.100,46.752,0.424,,2018-01-31 11:44:03,SECT9347261,
374,U1523,B,23,X,1,100.0,146.2,146.200,47.101,0.424,,2018-01-31 11:44:03,SECT9347261,
374,U1523,B,23,X,1,110.0,146.3,146.300,41.777,0.403,,2018-01-31 11:44:03,SECT9347261,
374,U1523,B,23,X,1,120.0,146.4,146.400,41.251,0.560,,2018-01-31 11:44:03,SECT9347261,
374,U1523,B,23,X,1,130.0,146.5,146.500,47.637,0.773,,2018-01-31 11:44:03,SECT9347261,
